id,command_id,action_class,params_used,command,json,current_date,current_time
1,1a9f0e91-013d-5039-b2be-f56d64c61fc7,FinderOpen,[],I would appreciate it if you could open the fin der tomorrow morning.,"{""app"":""finder"",""action"":""open"",""params"":{}}","Wednesday, 1991-08-14",00:36:54
2,1a9f0e91-013d-5039-b2be-f56d64c61fc7,FinderOpen,[],Please open the finder this afternoon for me.,"{""app"":""finder"",""action"":""open"",""params"":{}}","Sunday, 1996-04-14",05:22:30
3,1a9f0e91-013d-5039-b2be-f56d64c61fc7,FinderOpen,[],Could you kindly bring up find er right now?,"{""app"":""finder"",""action"":""open"",""params"":{}}","Wednesday, 1998-02-04",12:30:41
4,1a9f0e91-013d-5039-b2be-f56d64c61fc7,FinderOpen,[],Please open Finder tonight.,"{""app"":""finder"",""action"":""open"",""params"":{}}","Wednesday, 2000-02-09",02:25:10
5,1a9f0e91-013d-5039-b2be-f56d64c61fc7,FinderOpen,[],I would be grateful if you could open the finnder in an hour.,"{""app"":""finder"",""action"":""open"",""params"":{}}","Monday, 2001-05-07",07:57:30
6,1a9f0e91-013d-5039-b2be-f56d64c61fc7,FinderOpen,[],"Open the finder after lunch, please.","{""app"":""finder"",""action"":""open"",""params"":{}}","Tuesday, 2003-05-20",02:40:06
7,1a9f0e91-013d-5039-b2be-f56d64c61fc7,FinderOpen,[],Could you please launch find er this evening?,"{""app"":""finder"",""action"":""open"",""params"":{}}","Wednesday, 2006-10-11",00:52:41
8,1a9f0e91-013d-5039-b2be-f56d64c61fc7,FinderOpen,[],Kindly open the Finder tomorrow afternoon.,"{""app"":""finder"",""action"":""open"",""params"":{}}","Monday, 2009-10-19",06:43:41
9,1a9f0e91-013d-5039-b2be-f56d64c61fc7,FinderOpen,[],Please bring up the fin der next Friday morning.,"{""app"":""finder"",""action"":""open"",""params"":{}}","Friday, 2010-04-02",16:53:04
10,1a9f0e91-013d-5039-b2be-f56d64c61fc7,FinderOpen,[],I need you to open finder later today.,"{""app"":""finder"",""action"":""open"",""params"":{}}","Tuesday, 2014-06-24",14:52:55
11,1a9f0e91-013d-5039-b2be-f56d64c61fc7,FinderOpen,[],Would you mind opening the findr this evening?,"{""app"":""finder"",""action"":""open"",""params"":{}}","Thursday, 2015-09-03",12:53:56
12,1a9f0e91-013d-5039-b2be-f56d64c61fc7,FinderOpen,[],Please open Finder in thirty minutes.,"{""app"":""finder"",""action"":""open"",""params"":{}}","Tuesday, 2018-04-03",04:08:19
13,1a9f0e91-013d-5039-b2be-f56d64c61fc7,FinderOpen,[],I would appreciate it if you could open fin der tomorrow night.,"{""app"":""finder"",""action"":""open"",""params"":{}}","Monday, 2019-05-27",00:50:08
14,1a9f0e91-013d-5039-b2be-f56d64c61fc7,FinderOpen,[],"Open the finder this Saturday morning, if possible.","{""app"":""finder"",""action"":""open"",""params"":{}}","Sunday, 2025-02-16",08:52:56
15,1a9f0e91-013d-5039-b2be-f56d64c61fc7,FinderOpen,[],Could you please open the Fin der in two hours?,"{""app"":""finder"",""action"":""open"",""params"":{}}","Saturday, 2025-11-01",02:38:51
16,cd123d07-4b13-5bfa-ab73-07668a8d5931,FinderClose,"[""scope""]",Please close all Finder windows now.,"{""app"":""finder"",""action"":""close"",""params"":{""scope"":""all""}}","Monday, 1991-07-08",18:14:50
17,cd123d07-4b13-5bfa-ab73-07668a8d5931,FinderClose,"[""scope""]",I would appreciate it if you could shut every Finder window this evening.,"{""app"":""finder"",""action"":""close"",""params"":{""scope"":""all""}}","Monday, 1993-10-04",00:48:52
18,cd123d07-4b13-5bfa-ab73-07668a8d5931,FinderClose,"[""scope""]",Kindly close all Finder windows before I continue tonight.,"{""app"":""finder"",""action"":""close"",""params"":{""scope"":""all""}}","Sunday, 1995-09-03",19:12:50
19,cd123d07-4b13-5bfa-ab73-07668a8d5931,FinderClose,"[""scope""]",Please close every open Finder window for me this evening.,"{""app"":""finder"",""action"":""close"",""params"":{""scope"":""all""}}","Sunday, 1998-03-08",20:05:27
20,cd123d07-4b13-5bfa-ab73-07668a8d5931,FinderClose,"[""scope""]",Could you please close all Finder windows at once?,"{""app"":""finder"",""action"":""close"",""params"":{""scope"":""all""}}","Monday, 1999-11-01",20:18:44
21,c71ce3e9-1039-52f8-8f88-58973c8d9fb9,FinderClose,"[""scope""]",I would appreciate it if you could close the current Finder window now.,"{""app"":""finder"",""action"":""close"",""params"":{""scope"":""current""}}","Thursday, 2002-07-18",12:56:46
22,c71ce3e9-1039-52f8-8f88-58973c8d9fb9,FinderClose,"[""scope""]",Please close the current Finder window for me.,"{""app"":""finder"",""action"":""close"",""params"":{""scope"":""current""}}","Monday, 2003-10-13",08:58:41
23,c71ce3e9-1039-52f8-8f88-58973c8d9fb9,FinderClose,"[""scope""]",Kindly shut this Finder window.,"{""app"":""finder"",""action"":""close"",""params"":{""scope"":""current""}}","Friday, 2004-04-02",06:13:55
24,c71ce3e9-1039-52f8-8f88-58973c8d9fb9,FinderClose,"[""scope""]",Please close this current Finder window before I move on.,"{""app"":""finder"",""action"":""close"",""params"":{""scope"":""current""}}","Sunday, 2004-12-26",02:10:54
25,c71ce3e9-1039-52f8-8f88-58973c8d9fb9,FinderClose,"[""scope""]","Could you close the active Finder window, please?","{""app"":""finder"",""action"":""close"",""params"":{""scope"":""current""}}","Tuesday, 2007-08-21",04:56:26
26,cd123d07-4b13-5bfa-ab73-07668a8d5931,FinderClose,"[""scope""]",Please close all Finder windows and clear the screen.,"{""app"":""finder"",""action"":""close"",""params"":{""scope"":""all""}}","Saturday, 2008-09-27",09:49:25
27,c71ce3e9-1039-52f8-8f88-58973c8d9fb9,FinderClose,"[""scope""]",I would appreciate it if you could close the current Finder window right away.,"{""app"":""finder"",""action"":""close"",""params"":{""scope"":""current""}}","Saturday, 2014-03-29",14:34:31
28,cd123d07-4b13-5bfa-ab73-07668a8d5931,FinderClose,"[""scope""]",Please close every Finder window that is open.,"{""app"":""finder"",""action"":""close"",""params"":{""scope"":""all""}}","Saturday, 2023-02-04",16:59:35
29,c71ce3e9-1039-52f8-8f88-58973c8d9fb9,FinderClose,"[""scope""]",Kindly close the present Finder window.,"{""app"":""finder"",""action"":""close"",""params"":{""scope"":""current""}}","Friday, 2023-06-09",02:35:47
30,cd123d07-4b13-5bfa-ab73-07668a8d5931,FinderClose,"[""scope""]",Please close all Finder windows before I finish for the day.,"{""app"":""finder"",""action"":""close"",""params"":{""scope"":""all""}}","Thursday, 2029-10-11",08:57:02
31,dc17280f-eec1-55e5-8ee0-4c1fd336178f,FinderClose,"[""scope""]",close find er now,"{""app"":""finder"",""action"":""close"",""params"":{""scope"":""current""}}","Friday, 1991-06-14",16:00:29
32,dc17280f-eec1-55e5-8ee0-4c1fd336178f,FinderClose,"[""scope""]",shut the current find er window,"{""app"":""finder"",""action"":""close"",""params"":{""scope"":""current""}}","Tuesday, 1992-06-30",18:17:33
33,dc17280f-eec1-55e5-8ee0-4c1fd336178f,FinderClose,"[""scope""]",close this find er tab,"{""app"":""finder"",""action"":""close"",""params"":{""scope"":""current""}}","Sunday, 2002-01-13",14:57:37
34,dc17280f-eec1-55e5-8ee0-4c1fd336178f,FinderClose,"[""scope""]",please close the current find er window,"{""app"":""finder"",""action"":""close"",""params"":{""scope"":""current""}}","Friday, 2002-08-09",12:51:58
35,dc17280f-eec1-55e5-8ee0-4c1fd336178f,FinderClose,"[""scope""]",close find er and keep it out of the way tonight,"{""app"":""finder"",""action"":""close"",""params"":{""scope"":""current""}}","Thursday, 2004-07-22",23:02:00
36,dc17280f-eec1-55e5-8ee0-4c1fd336178f,FinderClose,"[""scope""]",shut this find er window before tomorrow,"{""app"":""finder"",""action"":""close"",""params"":{""scope"":""current""}}","Wednesday, 2004-12-15",20:59:39
37,40993e6c-9d7e-53c1-b0cb-0892dfb939c3,FinderClose,"[""scope""]",close all find er windows,"{""app"":""finder"",""action"":""close"",""params"":{""scope"":""all""}}","Monday, 2011-08-01",13:50:29
38,40993e6c-9d7e-53c1-b0cb-0892dfb939c3,FinderClose,"[""scope""]",wrap up every find er window this afternoon,"{""app"":""finder"",""action"":""close"",""params"":{""scope"":""all""}}","Sunday, 2013-12-29",15:52:32
39,40993e6c-9d7e-53c1-b0cb-0892dfb939c3,FinderClose,"[""scope""]",could you close all the find er windows before dinner,"{""app"":""finder"",""action"":""close"",""params"":{""scope"":""all""}}","Sunday, 2014-05-25",20:08:48
40,40993e6c-9d7e-53c1-b0cb-0892dfb939c3,FinderClose,"[""scope""]",close every find er window in ten minutes,"{""app"":""finder"",""action"":""close"",""params"":{""scope"":""all""}}","Thursday, 2015-08-06",08:57:36
41,40993e6c-9d7e-53c1-b0cb-0892dfb939c3,FinderClose,"[""scope""]",shut all find er windows after lunch,"{""app"":""finder"",""action"":""close"",""params"":{""scope"":""all""}}","Wednesday, 2018-10-03",16:51:45
42,40993e6c-9d7e-53c1-b0cb-0892dfb939c3,FinderClose,"[""scope""]","make the find er windows go away this morning, all of them","{""app"":""finder"",""action"":""close"",""params"":{""scope"":""all""}}","Saturday, 2022-03-26",11:58:51
43,dc17280f-eec1-55e5-8ee0-4c1fd336178f,FinderClose,"[""scope""]",close the current find er window after the meeting,"{""app"":""finder"",""action"":""close"",""params"":{""scope"":""current""}}","Thursday, 2028-11-23",11:35:45
44,40993e6c-9d7e-53c1-b0cb-0892dfb939c3,FinderClose,"[""scope""]",please shut all find er windows this evening,"{""app"":""finder"",""action"":""close"",""params"":{""scope"":""all""}}","Friday, 2029-08-10",09:22:48
45,dc17280f-eec1-55e5-8ee0-4c1fd336178f,FinderClose,"[""scope""]","close this find er now, all of it if you can","{""app"":""finder"",""action"":""close"",""params"":{""scope"":""current""}}","Thursday, 2029-12-06",18:13:32
46,f9cec70d-6a91-5a55-a66c-8e31fce5df26,FinderEmptyTrash,[],"Could you empty the trash in find er for me, thanks — I’ve got enough clutter already.","{""app"":""finder"",""action"":""empty_trash"",""params"":{}}","Thursday, 1995-05-18",04:02:46
47,f9cec70d-6a91-5a55-a66c-8e31fce5df26,FinderEmptyTrash,[],Please clear out the trash in finder; it’s all junk from earlier today.,"{""app"":""finder"",""action"":""empty_trash"",""params"":{}}","Friday, 1995-07-14",09:15:44
48,f9cec70d-6a91-5a55-a66c-8e31fce5df26,FinderEmptyTrash,[],Can you go ahead and empty the bin in find er? I want a clean slate.,"{""app"":""finder"",""action"":""empty_trash"",""params"":{}}","Tuesday, 1995-12-05",13:58:48
49,f9cec70d-6a91-5a55-a66c-8e31fce5df26,FinderEmptyTrash,[],"Actually, just empty the trash in finder real quick, please.","{""app"":""finder"",""action"":""empty_trash"",""params"":{}}","Monday, 1996-10-14",08:35:15
50,f9cec70d-6a91-5a55-a66c-8e31fce5df26,FinderEmptyTrash,[],Would you clear the trash in finder before I wrap up tonight?,"{""app"":""finder"",""action"":""empty_trash"",""params"":{}}","Thursday, 1998-05-28",22:24:19
51,f9cec70d-6a91-5a55-a66c-8e31fce5df26,FinderEmptyTrash,[],"Hey, empty the trash in find er for me — it’s getting crowded in there.","{""app"":""finder"",""action"":""empty_trash"",""params"":{}}","Sunday, 1999-06-06",12:58:08
52,f9cec70d-6a91-5a55-a66c-8e31fce5df26,FinderEmptyTrash,[],"I need the trash emptied in finder, thanks a bunch.","{""app"":""finder"",""action"":""empty_trash"",""params"":{}}","Sunday, 1999-10-03",19:58:19
53,f9cec70d-6a91-5a55-a66c-8e31fce5df26,FinderEmptyTrash,[],Can we clear out the rubbish in find er? It’s been sitting there forever.,"{""app"":""finder"",""action"":""empty_trash"",""params"":{}}","Friday, 2004-04-02",23:25:57
54,f9cec70d-6a91-5a55-a66c-8e31fce5df26,FinderEmptyTrash,[],Please empty the trash can in finder; I’m tidying up after a long day.,"{""app"":""finder"",""action"":""empty_trash"",""params"":{}}","Friday, 2006-07-28",22:52:55
55,f9cec70d-6a91-5a55-a66c-8e31fce5df26,FinderEmptyTrash,[],Could you just dump the trash in find er? I’m done with all of it.,"{""app"":""finder"",""action"":""empty_trash"",""params"":{}}","Sunday, 2015-07-19",03:07:13
56,f9cec70d-6a91-5a55-a66c-8e31fce5df26,FinderEmptyTrash,[],"Go ahead and empty finder’s trash, please — I’m cleaning house on this laptop.","{""app"":""finder"",""action"":""empty_trash"",""params"":{}}","Wednesday, 2019-06-26",21:12:45
57,f9cec70d-6a91-5a55-a66c-8e31fce5df26,FinderEmptyTrash,[],Would you clear the trash in find er right now? I want it wiped out.,"{""app"":""finder"",""action"":""empty_trash"",""params"":{}}","Saturday, 2020-10-03",12:32:26
58,f9cec70d-6a91-5a55-a66c-8e31fce5df26,FinderEmptyTrash,[],Please empty the trash in finder before I shut things down for the evening.,"{""app"":""finder"",""action"":""empty_trash"",""params"":{}}","Monday, 2020-12-21",15:19:44
59,f9cec70d-6a91-5a55-a66c-8e31fce5df26,FinderEmptyTrash,[],"Hey finder, can you empty the trash? I’ve already checked everything in it.","{""app"":""finder"",""action"":""empty_trash"",""params"":{}}","Sunday, 2025-01-26",06:19:09
60,f9cec70d-6a91-5a55-a66c-8e31fce5df26,FinderEmptyTrash,[],"Yeah, just empty the trash in find er and get rid of the leftovers.","{""app"":""finder"",""action"":""empty_trash"",""params"":{}}","Wednesday, 2030-06-26",06:13:57
61,ebe64cee-1a11-5355-afb0-0d60b735a64f,FinderGetActiveWindowPath,[],what folder is Finder open to right now,"{""app"":""finder"",""action"":""get_active_window_path"",""params"":{}}","Saturday, 1990-10-06",18:28:56
62,ebe64cee-1a11-5355-afb0-0d60b735a64f,FinderGetActiveWindowPath,[],show me the current Finder window path,"{""app"":""finder"",""action"":""get_active_window_path"",""params"":{}}","Saturday, 1994-07-02",23:12:49
63,ebe64cee-1a11-5355-afb0-0d60b735a64f,FinderGetActiveWindowPath,[],which directory is the active Finder window using,"{""app"":""finder"",""action"":""get_active_window_path"",""params"":{}}","Saturday, 1996-11-16",09:40:57
64,ebe64cee-1a11-5355-afb0-0d60b735a64f,FinderGetActiveWindowPath,[],tell me the path of the front Finder window,"{""app"":""finder"",""action"":""get_active_window_path"",""params"":{}}","Sunday, 1996-12-15",12:16:24
65,ebe64cee-1a11-5355-afb0-0d60b735a64f,FinderGetActiveWindowPath,[],what location is open in Finder now,"{""app"":""finder"",""action"":""get_active_window_path"",""params"":{}}","Saturday, 1999-09-11",16:26:46
66,ebe64cee-1a11-5355-afb0-0d60b735a64f,FinderGetActiveWindowPath,[],grab the active Finder folder path,"{""app"":""finder"",""action"":""get_active_window_path"",""params"":{}}","Tuesday, 1999-09-14",16:40:17
67,ebe64cee-1a11-5355-afb0-0d60b735a64f,FinderGetActiveWindowPath,[],where am I in Finder at the moment,"{""app"":""finder"",""action"":""get_active_window_path"",""params"":{}}","Wednesday, 2000-03-01",14:08:52
68,ebe64cee-1a11-5355-afb0-0d60b735a64f,FinderGetActiveWindowPath,[],please reveal the current Finder path,"{""app"":""finder"",""action"":""get_active_window_path"",""params"":{}}","Saturday, 2004-01-03",12:47:25
69,ebe64cee-1a11-5355-afb0-0d60b735a64f,FinderGetActiveWindowPath,[],check the path of the active window in Finder,"{""app"":""finder"",""action"":""get_active_window_path"",""params"":{}}","Friday, 2006-12-15",22:38:22
70,ebe64cee-1a11-5355-afb0-0d60b735a64f,FinderGetActiveWindowPath,[],find out what folder Finder is showing,"{""app"":""finder"",""action"":""get_active_window_path"",""params"":{}}","Monday, 2013-05-20",17:10:22
71,ebe64cee-1a11-5355-afb0-0d60b735a64f,FinderGetActiveWindowPath,[],what path is open in Finder tonight,"{""app"":""finder"",""action"":""get_active_window_path"",""params"":{}}","Saturday, 2026-02-28",21:00:21
72,ebe64cee-1a11-5355-afb0-0d60b735a64f,FinderGetActiveWindowPath,[],give me the active Finder window path before midnight,"{""app"":""finder"",""action"":""get_active_window_path"",""params"":{}}","Thursday, 2026-08-13",22:52:45
73,ebe64cee-1a11-5355-afb0-0d60b735a64f,FinderGetActiveWindowPath,[],what directory is Finder on this afternoon,"{""app"":""finder"",""action"":""get_active_window_path"",""params"":{}}","Tuesday, 2027-03-23",14:21:39
74,ebe64cee-1a11-5355-afb0-0d60b735a64f,FinderGetActiveWindowPath,[],let me see the current folder path in Finder this morning,"{""app"":""finder"",""action"":""get_active_window_path"",""params"":{}}","Sunday, 2029-07-29",05:35:33
75,ebe64cee-1a11-5355-afb0-0d60b735a64f,FinderGetActiveWindowPath,[],show the path for the frontmost Finder window tonight,"{""app"":""finder"",""action"":""get_active_window_path"",""params"":{}}","Thursday, 2029-09-27",22:29:01
76,f1eefe3a-eaa0-59b3-9177-fc0240150538,FinderCreateFolder,"[""location"",""name""]",Please make a new folder in my Documents called archive drafts.,"{""app"":""finder"",""action"":""create_folder"",""params"":{""location"":""Documents"",""name"":""archive drafts""}}","Monday, 1996-02-26",16:32:37
77,69a710ef-088d-5772-9d64-be8956b813c6,FinderCreateFolder,"[""location"",""name""]",Could you kindly create a folder on the Desktop named tax receipts?,"{""app"":""finder"",""action"":""create_folder"",""params"":{""location"":""Desktop"",""name"":""tax receipts""}}","Wednesday, 2005-07-13",04:37:47
78,85591bea-a7de-52ef-80f1-0fa7dff4568c,FinderCreateFolder,"[""location"",""name""]",Please set up a new folder in Downloads called summer photos.,"{""app"":""finder"",""action"":""create_folder"",""params"":{""location"":""Downloads"",""name"":""summer photos""}}","Monday, 2005-11-21",00:55:45
79,5f44495e-279e-5275-9a15-53946c2570a2,FinderCreateFolder,"[""location"",""name""]",Would you kindly make a folder in Documents for chemistry notes?,"{""app"":""finder"",""action"":""create_folder"",""params"":{""location"":""Documents"",""name"":""chemistry notes""}}","Thursday, 2007-07-05",22:36:10
80,26383c1c-9976-5700-91e2-b37e2f99b2b3,FinderCreateFolder,"[""location"",""name""]",Please create a folder on the Desktop labeled guitar tabs.,"{""app"":""finder"",""action"":""create_folder"",""params"":{""location"":""Desktop"",""name"":""guitar tabs""}}","Wednesday, 2007-11-21",02:52:11
81,c22055d2-953d-5a64-b544-912b5930df7e,FinderCreateFolder,"[""location"",""name""]",Could you please make a new folder in Downloads called winter recipes?,"{""app"":""finder"",""action"":""create_folder"",""params"":{""location"":""Downloads"",""name"":""winter recipes""}}","Monday, 2008-09-01",17:08:14
82,9ec17e0b-8b41-5475-93cf-26ebb2cbf45f,FinderCreateFolder,"[""location"",""name""]",Please put a folder in my Documents named budget slides.,"{""app"":""finder"",""action"":""create_folder"",""params"":{""location"":""Documents"",""name"":""budget slides""}}","Tuesday, 2013-01-22",21:46:45
83,ec6d5017-ede8-5a09-b81c-05cef1775861,FinderCreateFolder,"[""location"",""name""]",Kindly create a folder on the Desktop called bird photos.,"{""app"":""finder"",""action"":""create_folder"",""params"":{""location"":""Desktop"",""name"":""bird photos""}}","Wednesday, 2016-02-17",10:43:32
84,48cf65f2-c453-5c30-af83-8d53cc3b1e77,FinderCreateFolder,"[""location"",""name""]",Please make me a folder in Downloads for concert tickets.,"{""app"":""finder"",""action"":""create_folder"",""params"":{""location"":""Downloads"",""name"":""concert tickets""}}","Saturday, 2017-12-16",17:53:10
85,e78b105f-b424-50cb-a1d1-c9dcf36a8925,FinderCreateFolder,"[""location"",""name""]",Could you kindly add a folder to Documents named python snippets?,"{""app"":""finder"",""action"":""create_folder"",""params"":{""location"":""Documents"",""name"":""python snippets""}}","Monday, 2024-06-10",11:16:32
86,b0e53be3-4b86-5860-83a4-55319b292fa6,FinderCreateFolder,"[""location"",""name""]",Please create a folder on the Desktop for passport scans.,"{""app"":""finder"",""action"":""create_folder"",""params"":{""location"":""Desktop"",""name"":""passport scans""}}","Thursday, 2026-05-07",21:33:16
87,573dc028-0033-5490-bdbf-a46c37a4f8b4,FinderCreateFolder,"[""location"",""name""]",Would you please make a new folder in Downloads called garden plans?,"{""app"":""finder"",""action"":""create_folder"",""params"":{""location"":""Downloads"",""name"":""garden plans""}}","Sunday, 2026-12-13",19:02:00
88,97dc26dc-cbad-53f1-89bc-91475a642b92,FinderCreateFolder,"[""location"",""name""]",Please set up a folder in Documents named travel itinerary.,"{""app"":""finder"",""action"":""create_folder"",""params"":{""location"":""Documents"",""name"":""travel itinerary""}}","Friday, 2028-06-09",20:16:50
89,558c1f34-9a1a-5285-8384-109e57d2cd84,FinderCreateFolder,"[""location"",""name""]",Could you kindly create a folder on the Desktop called piano practice?,"{""app"":""finder"",""action"":""create_folder"",""params"":{""location"":""Desktop"",""name"":""piano practice""}}","Friday, 2028-10-06",13:40:02
90,316f3e33-5f1f-5c89-b7c2-89e6884a5574,FinderCreateFolder,"[""location"",""name""]",Please make a new folder in Downloads for neighborhood maps.,"{""app"":""finder"",""action"":""create_folder"",""params"":{""location"":""Downloads"",""name"":""neighborhood maps""}}","Sunday, 2030-11-24",18:10:18
91,b8cf5d67-aafc-5d79-9dc2-72b39455a82f,FinderCreateFolder,"[""location"",""name""]","Please create a folder named ""Budget Drafts"" in my Documents folder.","{""app"":""finder"",""action"":""create_folder"",""params"":{""location"":""Documents"",""name"":""Budget Drafts""}}","Tuesday, 1994-05-31",10:57:44
92,69a710ef-088d-5772-9d64-be8956b813c6,FinderCreateFolder,"[""location"",""name""]","Could you kindly make a new folder called ""Tax Receipts"" on the Desktop?","{""app"":""finder"",""action"":""create_folder"",""params"":{""location"":""Desktop"",""name"":""Tax Receipts""}}","Thursday, 1995-02-23",15:22:39
93,b36d0e14-fdc8-5a99-aaf5-1f84c9c1496e,FinderCreateFolder,"[""location"",""name""]","Please add a folder named ""Lecture Notes"" inside Documents.","{""app"":""finder"",""action"":""create_folder"",""params"":{""location"":""Documents"",""name"":""Lecture Notes""}}","Tuesday, 1996-12-24",09:38:41
94,573dc028-0033-5490-bdbf-a46c37a4f8b4,FinderCreateFolder,"[""location"",""name""]","Could you kindly create a folder called ""Garden Plans"" in the Pictures folder?","{""app"":""finder"",""action"":""create_folder"",""params"":{""location"":""Pictures"",""name"":""Garden Plans""}}","Thursday, 1997-10-30",12:59:33
95,97dc26dc-cbad-53f1-89bc-91475a642b92,FinderCreateFolder,"[""location"",""name""]","Please make a folder named ""Travel Itinerary"" on the Desktop.","{""app"":""finder"",""action"":""create_folder"",""params"":{""location"":""Desktop"",""name"":""Travel Itinerary""}}","Thursday, 1997-12-11",19:11:52
96,ec393c62-4d3d-5b4a-81c4-a99314b3313a,FinderCreateFolder,"[""location"",""name""]","Kindly create a new folder called ""Recipe Cards"" in Documents.","{""app"":""finder"",""action"":""create_folder"",""params"":{""location"":""Documents"",""name"":""Recipe Cards""}}","Saturday, 1998-08-01",02:04:11
97,558c1f34-9a1a-5285-8384-109e57d2cd84,FinderCreateFolder,"[""location"",""name""]","Please set up a folder named ""Piano Practice"" in the Music folder.","{""app"":""finder"",""action"":""create_folder"",""params"":{""location"":""Music"",""name"":""Piano Practice""}}","Wednesday, 2000-08-02",09:35:58
98,3a7c09c8-455b-5a23-b884-83beecda2cc3,FinderCreateFolder,"[""location"",""name""]","Could you kindly create a folder called ""Client Invoices"" inside Documents?","{""app"":""finder"",""action"":""create_folder"",""params"":{""location"":""Documents"",""name"":""Client Invoices""}}","Monday, 2003-03-24",17:01:26
99,682a2d50-3c62-544b-a1fb-3659b2b63072,FinderCreateFolder,"[""location"",""name""]","Please make a folder named ""Hiking Gear"" in the Downloads folder.","{""app"":""finder"",""action"":""create_folder"",""params"":{""location"":""Downloads"",""name"":""Hiking Gear""}}","Sunday, 2007-09-02",16:47:37
100,6d0379dd-033c-50d9-9208-38f6ef82ceb9,FinderCreateFolder,"[""location"",""name""]","Could you kindly add a folder called ""Photo Archive"" to Pictures?","{""app"":""finder"",""action"":""create_folder"",""params"":{""location"":""Pictures"",""name"":""Photo Archive""}}","Saturday, 2010-11-06",22:34:30
101,90d9dbd7-ff3c-50d2-92f4-976b31f003e2,FinderCreateFolder,"[""location"",""name""]","Please create a folder named ""Workout Logs"" in my Documents folder.","{""app"":""finder"",""action"":""create_folder"",""params"":{""location"":""Documents"",""name"":""Workout Logs""}}","Sunday, 2013-09-29",04:09:26
102,1788ee82-1c04-573b-b71c-d5439db7befc,FinderCreateFolder,"[""location"",""name""]","Could you please make a folder called ""Chess Openings"" on the Desktop?","{""app"":""finder"",""action"":""create_folder"",""params"":{""location"":""Desktop"",""name"":""Chess Openings""}}","Saturday, 2017-10-07",03:14:06
103,48cf65f2-c453-5c30-af83-8d53cc3b1e77,FinderCreateFolder,"[""location"",""name""]","Please add a folder named ""Concert Tickets"" inside Documents.","{""app"":""finder"",""action"":""create_folder"",""params"":{""location"":""Documents"",""name"":""Concert Tickets""}}","Saturday, 2021-02-20",23:39:55
104,d08f38c9-6a77-5118-ba27-c7ac5ffb9d6d,FinderCreateFolder,"[""location"",""name""]","Could you kindly create a folder called ""Home Repairs"" in the Utilities folder?","{""app"":""finder"",""action"":""create_folder"",""params"":{""location"":""Utilities"",""name"":""Home Repairs""}}","Saturday, 2022-06-25",21:55:26
105,6bda9856-e73f-5a98-985a-7cdadc521bb7,FinderCreateFolder,"[""location"",""name""]","Please make a folder named ""Reading List"" in Documents.","{""app"":""finder"",""action"":""create_folder"",""params"":{""location"":""Documents"",""name"":""Reading List""}}","Wednesday, 2023-01-04",03:31:18
106,e572c303-2136-50b5-83c2-83a0db6f53f0,FinderCreateFolder,"[""location"",""name""]","Finder, make a new folder in the Documents called project notes for tomorrow.","{""app"":""finder"",""action"":""create_folder"",""params"":{""location"":""Documents"",""name"":""project notes""}}","Thursday, 1997-09-11",19:43:54
107,3107cbe4-37dc-5bc8-ac8b-aced68a94fd3,FinderCreateFolder,"[""location"",""name""]",create a folder in Desktop named tax papers for next week,"{""app"":""finder"",""action"":""create_folder"",""params"":{""location"":""Desktop"",""name"":""tax papers""}}","Saturday, 1999-03-20",07:04:22
108,f03ad79c-b85f-50aa-9033-e300f1add462,FinderCreateFolder,"[""location"",""name""]",please make a folder in Downloads called photo selects tonight,"{""app"":""finder"",""action"":""create_folder"",""params"":{""location"":""Downloads"",""name"":""photo selects""}}","Saturday, 2000-07-29",18:36:53
109,3a7c09c8-455b-5a23-b884-83beecda2cc3,FinderCreateFolder,"[""location"",""name""]","find er, add a new folder in the Documents called client invoices by this Friday","{""app"":""finder"",""action"":""create_folder"",""params"":{""location"":""Documents"",""name"":""client invoices""}}","Saturday, 2003-01-11",12:05:11
110,946e164f-d4a8-521b-98e1-b04b3943a6c7,FinderCreateFolder,"[""location"",""name""]",make a folder in Desktop named garden sketches this afternoon,"{""app"":""finder"",""action"":""create_folder"",""params"":{""location"":""Desktop"",""name"":""garden sketches""}}","Tuesday, 2010-02-16",11:40:23
111,90014225-86c0-5d81-9561-471a36c9fa02,FinderCreateFolder,"[""location"",""name""]",could you create a folder in Downloads called chemistry lab next Monday,"{""app"":""finder"",""action"":""create_folder"",""params"":{""location"":""Downloads"",""name"":""chemistry lab""}}","Wednesday, 2012-09-19",00:20:48
112,ef3b7eb6-2b85-5c34-8c41-5fede253e9fd,FinderCreateFolder,"[""location"",""name""]","in Documents, make a new folder called wedding plans for tomorrow morning","{""app"":""finder"",""action"":""create_folder"",""params"":{""location"":""Documents"",""name"":""wedding plans""}}","Friday, 2014-01-24",08:45:54
113,6b974cad-82df-54a7-b3e8-1f95ccde1d2b,FinderCreateFolder,"[""location"",""name""]",create a folder in Desktop named podcast drafts before next Thursday,"{""app"":""finder"",""action"":""create_folder"",""params"":{""location"":""Desktop"",""name"":""podcast drafts""}}","Thursday, 2017-02-23",18:38:09
114,eb1f8fbe-2200-5fce-a296-4ead82bda801,FinderCreateFolder,"[""location"",""name""]",please put a folder in Downloads called history readings this weekend,"{""app"":""finder"",""action"":""create_folder"",""params"":{""location"":""Downloads"",""name"":""history readings""}}","Monday, 2018-01-29",00:39:21
115,43a4daea-5ce1-5356-8c23-fd0670946a0c,FinderCreateFolder,"[""location"",""name""]",make a folder in Documents named hiking checklist for tonight,"{""app"":""finder"",""action"":""create_folder"",""params"":{""location"":""Documents"",""name"":""hiking checklist""}}","Saturday, 2018-09-15",21:00:40
116,26fe8ec9-7835-534d-a48a-1084fed34c23,FinderCreateFolder,"[""location"",""name""]","Finder, set up a folder in Desktop called recipe ideas by Sunday","{""app"":""finder"",""action"":""create_folder"",""params"":{""location"":""Desktop"",""name"":""recipe ideas""}}","Sunday, 2020-05-31",03:26:14
117,558c1f34-9a1a-5285-8384-109e57d2cd84,FinderCreateFolder,"[""location"",""name""]",make me a new folder in Documents called piano practice for next month,"{""app"":""finder"",""action"":""create_folder"",""params"":{""location"":""Documents"",""name"":""piano practice""}}","Thursday, 2021-06-24",18:10:51
118,b0e53be3-4b86-5860-83a4-55319b292fa6,FinderCreateFolder,"[""location"",""name""]",create a folder in Downloads named passport scans tomorrow,"{""app"":""finder"",""action"":""create_folder"",""params"":{""location"":""Downloads"",""name"":""passport scans""}}","Saturday, 2024-12-28",10:52:42
119,9ec17e0b-8b41-5475-93cf-26ebb2cbf45f,FinderCreateFolder,"[""location"",""name""]",please make a folder in Desktop called budget slides before the end of the day,"{""app"":""finder"",""action"":""create_folder"",""params"":{""location"":""Desktop"",""name"":""budget slides""}}","Friday, 2028-03-31",10:39:31
120,a02503ac-c8c9-50b9-a2b8-d97abc0678a2,FinderCreateFolder,"[""location"",""name""]","finder, create a folder in Documents named camping permits next Tuesday","{""app"":""finder"",""action"":""create_folder"",""params"":{""location"":""Documents"",""name"":""camping permits""}}","Sunday, 2028-09-24",03:58:51
121,8c787351-c1eb-5524-b464-080cedb4159f,SystemSetVolume,"[""level""]",Please lower the volume to a very quiet level for the late-night reading session tonight.,"{""app"":""system"",""action"":""set_volume"",""params"":{""level"":12}}","Thursday, 1994-02-24",11:04:35
122,eaa637c8-a9c1-593c-8107-ca2717f24ab2,SystemSetVolume,"[""level""]",I would appreciate it if you could raise the volume to a comfortable level for the afternoon radio program.,"{""app"":""system"",""action"":""set_volume"",""params"":{""level"":58}}","Tuesday, 2003-04-29",06:23:04
123,b9e8092c-ad2d-5d15-a3b9-05a162a02ac2,SystemSetVolume,"[""level""]",Kindly set the volume to a low setting before the documentary begins this evening.,"{""app"":""system"",""action"":""set_volume"",""params"":{""level"":24}}","Wednesday, 2005-03-02",18:43:36
124,35ebc721-8f1b-50e6-bbdd-b4685c5280b1,SystemSetVolume,"[""level""]",Please increase the volume to a moderate level for tomorrow morning's language lesson.,"{""app"":""system"",""action"":""set_volume"",""params"":{""level"":46}}","Monday, 2007-10-01",17:45:11
125,fc9b640f-21af-5cfb-aa09-947332f9397b,SystemSetVolume,"[""level""]",Could you kindly turn the volume down to a soft level for the piano rehearsal in two hours?,"{""app"":""system"",""action"":""set_volume"",""params"":{""level"":18}}","Friday, 2008-09-12",10:26:59
126,889efb20-ec41-5f2f-b5b6-ce3322fce77a,SystemSetVolume,"[""level""]",Please adjust the volume to a stronger setting for the holiday film tonight.,"{""app"":""system"",""action"":""set_volume"",""params"":{""level"":67}}","Wednesday, 2008-12-24",18:03:00
127,1be14e00-58bc-5ecb-937c-92a5fda06f3f,SystemSetVolume,"[""level""]",I need the volume set to a quieter level for the online lecture next Tuesday.,"{""app"":""system"",""action"":""set_volume"",""params"":{""level"":31}}","Tuesday, 2010-08-17",07:09:58
128,0f2fc95c-2677-54b6-97a7-1bb66db930d9,SystemSetVolume,"[""level""]",Would you please move the volume to a fairly high level for the evening game stream in an hour?,"{""app"":""system"",""action"":""set_volume"",""params"":{""level"":73}}","Thursday, 2012-12-27",14:25:57
129,dad0fad4-8a89-52e6-9f63-462888804518,SystemSetVolume,"[""level""]",Please make the volume very low for the baby nap this morning.,"{""app"":""system"",""action"":""set_volume"",""params"":{""level"":8}}","Sunday, 2014-04-27",03:55:31
130,1531dee7-9886-5123-ba4b-dc326a9ca5fc,SystemSetVolume,"[""level""]",Could you set the volume to a modest level for the podcast after lunch today?,"{""app"":""system"",""action"":""set_volume"",""params"":{""level"":39}}","Thursday, 2015-08-27",05:13:05
131,c7792037-dca8-536e-aa9a-aa391b995e6a,SystemSetVolume,"[""level""]",I would appreciate it if you could reduce the volume to a gentle setting for the library playlist this afternoon.,"{""app"":""system"",""action"":""set_volume"",""params"":{""level"":21}}","Friday, 2019-04-12",12:57:27
132,3589dd0b-dc0d-5c86-910a-e89ed4ba725c,SystemSetVolume,"[""level""]",Please increase the volume to a lively level for the dance practice later today.,"{""app"":""system"",""action"":""set_volume"",""params"":{""level"":64}}","Sunday, 2019-11-10",12:09:02
133,c45d6722-cd2e-5ef8-951f-e632af74ff3d,SystemSetVolume,"[""level""]",Kindly lower the volume to a near-whisper for the meditation session tonight.,"{""app"":""system"",""action"":""set_volume"",""params"":{""level"":6}}","Thursday, 2023-07-06",01:46:25
134,80261433-cbde-53a9-8913-5861606ef80d,SystemSetVolume,"[""level""]",Please set the volume to a clear but restrained level for the presentation in thirty minutes.,"{""app"":""system"",""action"":""set_volume"",""params"":{""level"":44}}","Tuesday, 2026-06-09",08:50:59
135,3a60a061-171b-5275-8513-057f9935a392,SystemSetVolume,"[""level""]",Would you please raise the volume to a bold setting for the concert livestream this Friday evening?,"{""app"":""system"",""action"":""set_volume"",""params"":{""level"":82}}","Friday, 2028-09-15",16:41:15
136,f8065e27-afd1-5ebf-a595-c3c8dbd1fa40,SystemSetVolume,"[""level""]","Could you turn the volume down to fifty, please?","{""app"":""system"",""action"":""set_volume"",""params"":{""level"":50}}","Thursday, 1992-11-12",06:37:16
137,f8065e27-afd1-5ebf-a595-c3c8dbd1fa40,SystemSetVolume,"[""level""]",Can you bump the sound up to eighty-five?,"{""app"":""system"",""action"":""set_volume"",""params"":{""level"":85}}","Sunday, 1994-02-13",20:34:03
138,f8065e27-afd1-5ebf-a595-c3c8dbd1fa40,SystemSetVolume,"[""level""]","Set it pretty low, like twenty, thanks.","{""app"":""system"",""action"":""set_volume"",""params"":{""level"":20}}","Saturday, 1994-04-23",04:30:13
139,f8065e27-afd1-5ebf-a595-c3c8dbd1fa40,SystemSetVolume,"[""level""]","Hey, could you make the speakers about sixty-five?","{""app"":""system"",""action"":""set_volume"",""params"":{""level"":65}}","Wednesday, 1995-10-25",00:18:54
140,f8065e27-afd1-5ebf-a595-c3c8dbd1fa40,SystemSetVolume,"[""level""]",Bring the volume almost all the way down to ten.,"{""app"":""system"",""action"":""set_volume"",""params"":{""level"":10}}","Friday, 1996-02-16",18:57:55
141,f8065e27-afd1-5ebf-a595-c3c8dbd1fa40,SystemSetVolume,"[""level""]","Actually, crank the audio up to ninety.","{""app"":""system"",""action"":""set_volume"",""params"":{""level"":90}}","Thursday, 1996-03-28",14:30:58
142,f8065e27-afd1-5ebf-a595-c3c8dbd1fa40,SystemSetVolume,"[""level""]",Would you please leave the sound at forty-five?,"{""app"":""system"",""action"":""set_volume"",""params"":{""level"":45}}","Tuesday, 1996-09-24",07:13:29
143,f8065e27-afd1-5ebf-a595-c3c8dbd1fa40,SystemSetVolume,"[""level""]","I need the volume on thirty-five, not louder.","{""app"":""system"",""action"":""set_volume"",""params"":{""level"":35}}","Sunday, 1999-02-28",12:18:32
144,f8065e27-afd1-5ebf-a595-c3c8dbd1fa40,SystemSetVolume,"[""level""]",Can we make it seventy-two for a second?,"{""app"":""system"",""action"":""set_volume"",""params"":{""level"":72}}","Sunday, 2000-02-20",10:38:29
145,f8065e27-afd1-5ebf-a595-c3c8dbd1fa40,SystemSetVolume,"[""level""]",Please drop the sound to fifteen; it's too much.,"{""app"":""system"",""action"":""set_volume"",""params"":{""level"":15}}","Friday, 2000-06-23",13:02:07
146,f8065e27-afd1-5ebf-a595-c3c8dbd1fa40,SystemSetVolume,"[""level""]","Make it seventy, like right now.","{""app"":""system"",""action"":""set_volume"",""params"":{""level"":70}}","Monday, 2003-09-29",04:46:34
147,f8065e27-afd1-5ebf-a595-c3c8dbd1fa40,SystemSetVolume,"[""level""]",Could you nudge the audio down to twenty-five?,"{""app"":""system"",""action"":""set_volume"",""params"":{""level"":25}}","Saturday, 2003-11-01",18:54:08
148,f8065e27-afd1-5ebf-a595-c3c8dbd1fa40,SystemSetVolume,"[""level""]","Hey, set the sound to fifty-five, please.","{""app"":""system"",""action"":""set_volume"",""params"":{""level"":55}}","Tuesday, 2008-05-20",00:12:36
149,f8065e27-afd1-5ebf-a595-c3c8dbd1fa40,SystemSetVolume,"[""level""]",Can you put it at thirty-eight?,"{""app"":""system"",""action"":""set_volume"",""params"":{""level"":38}}","Saturday, 2019-06-29",04:43:04
150,f8065e27-afd1-5ebf-a595-c3c8dbd1fa40,SystemSetVolume,"[""level""]",Please crank the volume all the way to one hundred.,"{""app"":""system"",""action"":""set_volume"",""params"":{""level"":100}}","Sunday, 2030-01-27",16:17:07
151,b15c6f49-bd26-5972-879e-0b502f54b119,SystemSetVolume,"[""level""]","hey can you turn the volume way down for me, like real low tonight","{""app"":""system"",""action"":""set_volume"",""params"":{""level"":15}}","Friday, 1994-06-24",16:27:29
152,b1833ec4-4417-5112-8c79-6f846859db15,SystemSetVolume,"[""level""]","could you bump the sound up a bit in two hours, it's kinda quiet","{""app"":""system"",""action"":""set_volume"",""params"":{""level"":45}}","Thursday, 1995-05-11",23:24:36
153,8f17ed8e-3313-54fb-8b90-c334c5351f60,SystemSetVolume,"[""level""]","just mute the speakers for now, i'm trying to think","{""app"":""system"",""action"":""set_volume"",""params"":{""level"":0}}","Saturday, 2000-04-01",18:21:28
154,b1833ec4-4417-5112-8c79-6f846859db15,SystemSetVolume,"[""level""]",can you crank it up some before the movie starts this evening,"{""app"":""system"",""action"":""set_volume"",""params"":{""level"":70}}","Saturday, 2004-02-21",11:27:12
155,b15c6f49-bd26-5972-879e-0b502f54b119,SystemSetVolume,"[""level""]","drop the volume a little after lunch today, it's blasting","{""app"":""system"",""action"":""set_volume"",""params"":{""level"":25}}","Tuesday, 2004-11-30",07:44:54
156,8f17ed8e-3313-54fb-8b90-c334c5351f60,SystemSetVolume,"[""level""]",forget about the noise and make it totally silent right now,"{""app"":""system"",""action"":""set_volume"",""params"":{""level"":0}}","Wednesday, 2005-08-03",11:01:59
157,b1833ec4-4417-5112-8c79-6f846859db15,SystemSetVolume,"[""level""]","hey, nudge the sound up to about halfway this afternoon","{""app"":""system"",""action"":""set_volume"",""params"":{""level"":50}}","Wednesday, 2009-09-30",14:14:46
158,b15c6f49-bd26-5972-879e-0b502f54b119,SystemSetVolume,"[""level""]",would you please turn it down a lot for the late-night bit,"{""app"":""system"",""action"":""set_volume"",""params"":{""level"":10}}","Sunday, 2013-08-04",08:27:30
159,b1833ec4-4417-5112-8c79-6f846859db15,SystemSetVolume,"[""level""]","set the speakers to full blast for tonight, i wanna hear everything","{""app"":""system"",""action"":""set_volume"",""params"":{""level"":100}}","Sunday, 2014-08-10",00:12:28
160,8f17ed8e-3313-54fb-8b90-c334c5351f60,SystemSetVolume,"[""level""]",can you mute the audio before the call starts in thirty minutes,"{""app"":""system"",""action"":""set_volume"",""params"":{""level"":0}}","Friday, 2017-09-29",15:26:08
161,b1833ec4-4417-5112-8c79-6f846859db15,SystemSetVolume,"[""level""]","make it a touch louder this friday arvo, i'm listening to a podcast","{""app"":""system"",""action"":""set_volume"",""params"":{""level"":60}}","Thursday, 2017-12-28",10:36:13
162,b15c6f49-bd26-5972-879e-0b502f54b119,SystemSetVolume,"[""level""]",hey can you put the volume pretty low before breakfast tomorrow morning,"{""app"":""system"",""action"":""set_volume"",""params"":{""level"":20}}","Friday, 2018-01-05",01:43:54
163,8f17ed8e-3313-54fb-8b90-c334c5351f60,SystemSetVolume,"[""level""]","please kill the sound right now, i'm trying to read","{""app"":""system"",""action"":""set_volume"",""params"":{""level"":0}}","Sunday, 2020-04-26",22:27:53
164,b1833ec4-4417-5112-8c79-6f846859db15,SystemSetVolume,"[""level""]",could you raise the volume a little bit after dinner tonight,"{""app"":""system"",""action"":""set_volume"",""params"":{""level"":35}}","Tuesday, 2024-07-16",05:25:39
165,b15c6f49-bd26-5972-879e-0b502f54b119,SystemSetVolume,"[""level""]","drop the sound way down for the morning, it's way too loud","{""app"":""system"",""action"":""set_volume"",""params"":{""level"":5}}","Thursday, 2024-11-28",18:02:18
166,bc57f4d5-1c2b-5c27-99e8-f6e8de5c84b9,SystemUpdateVolume,"[""amount""]",Please set the volume down a bit before midnight on February third.,"{""app"":""system"",""action"":""update_volume"",""params"":{""amount"":32}}","Monday, 1992-02-03",22:22:37
167,bc57f4d5-1c2b-5c27-99e8-f6e8de5c84b9,SystemUpdateVolume,"[""amount""]",Could you kindly lower the sound for me at a quarter past eight this morning?,"{""app"":""system"",""action"":""update_volume"",""params"":{""amount"":24}}","Thursday, 1994-08-04",08:27:50
168,bc57f4d5-1c2b-5c27-99e8-f6e8de5c84b9,SystemUpdateVolume,"[""amount""]",Please turn the volume a little lower on December twenty-third in the late afternoon.,"{""app"":""system"",""action"":""update_volume"",""params"":{""amount"":38}}","Tuesday, 1997-12-23",17:26:50
169,bc57f4d5-1c2b-5c27-99e8-f6e8de5c84b9,SystemUpdateVolume,"[""amount""]",Could you please drop the audio level a touch on December first around two in the afternoon?,"{""app"":""system"",""action"":""update_volume"",""params"":{""amount"":29}}","Tuesday, 1998-12-01",14:05:55
170,bc57f4d5-1c2b-5c27-99e8-f6e8de5c84b9,SystemUpdateVolume,"[""amount""]",Please bring the volume down some on December twenty-first in the afternoon.,"{""app"":""system"",""action"":""update_volume"",""params"":{""amount"":34}}","Thursday, 2000-12-21",16:39:03
171,bc57f4d5-1c2b-5c27-99e8-f6e8de5c84b9,SystemUpdateVolume,"[""amount""]",Could you kindly turn it down a bit on February twenty-third after lunch?,"{""app"":""system"",""action"":""update_volume"",""params"":{""amount"":27}}","Monday, 2004-02-23",14:49:39
172,bc57f4d5-1c2b-5c27-99e8-f6e8de5c84b9,SystemUpdateVolume,"[""amount""]",Please reduce the sound level before the evening of December thirtieth.,"{""app"":""system"",""action"":""update_volume"",""params"":{""amount"":41}}","Thursday, 2004-12-30",12:52:39
173,bc57f4d5-1c2b-5c27-99e8-f6e8de5c84b9,SystemUpdateVolume,"[""amount""]",Could you please lower the speakers a little on June twenty-fifth in the early evening?,"{""app"":""system"",""action"":""update_volume"",""params"":{""amount"":36}}","Wednesday, 2008-06-25",18:19:41
174,bc57f4d5-1c2b-5c27-99e8-f6e8de5c84b9,SystemUpdateVolume,"[""amount""]",Please turn the volume down slightly on July thirty-first at about two fifteen in the afternoon.,"{""app"":""system"",""action"":""update_volume"",""params"":{""amount"":30}}","Thursday, 2008-07-31",14:15:44
175,bc57f4d5-1c2b-5c27-99e8-f6e8de5c84b9,SystemUpdateVolume,"[""amount""]",Could you kindly make the sound softer on Christmas Day in the evening?,"{""app"":""system"",""action"":""update_volume"",""params"":{""amount"":28}}","Sunday, 2011-12-25",20:06:42
176,bc57f4d5-1c2b-5c27-99e8-f6e8de5c84b9,SystemUpdateVolume,"[""amount""]",Please lower the volume a notch on January thirteenth at around five thirty in the afternoon.,"{""app"":""system"",""action"":""update_volume"",""params"":{""amount"":33}}","Friday, 2012-01-13",17:36:55
177,bc57f4d5-1c2b-5c27-99e8-f6e8de5c84b9,SystemUpdateVolume,"[""amount""]",Could you please turn the audio down a little on New Year's Day just after midnight?,"{""app"":""system"",""action"":""update_volume"",""params"":{""amount"":22}}","Friday, 2016-01-01",00:08:52
178,bc57f4d5-1c2b-5c27-99e8-f6e8de5c84b9,SystemUpdateVolume,"[""amount""]",Please dial the sound back on April twenty-eighth late at night.,"{""app"":""system"",""action"":""update_volume"",""params"":{""amount"":26}}","Friday, 2017-04-28",21:22:19
179,bc57f4d5-1c2b-5c27-99e8-f6e8de5c84b9,SystemUpdateVolume,"[""amount""]",Could you kindly cut the volume a bit on November fourteenth in the evening?,"{""app"":""system"",""action"":""update_volume"",""params"":{""amount"":31}}","Thursday, 2024-11-14",21:48:45
180,bcb4b7f9-4b15-5549-a284-4f811da364a1,SystemUpdateVolume,"[""amount""]",Please raise the volume a lot for the countdown on December thirty-first just before midnight.,"{""app"":""system"",""action"":""update_volume"",""params"":{""amount"":79}}","Friday, 2027-12-31",23:37:37
181,ec343020-2b32-5035-b17b-4b52eb926f57,SystemUpdateVolume,"[""amount""]","Can you turn the volume down a bit, like to 30?","{""app"":""system"",""action"":""update_volume"",""params"":{""amount"":30}}","Monday, 1993-05-31",12:15:12
182,ec343020-2b32-5035-b17b-4b52eb926f57,SystemUpdateVolume,"[""amount""]",Please crank the sound up to 70.,"{""app"":""system"",""action"":""update_volume"",""params"":{""amount"":70}}","Friday, 1995-12-29",05:23:22
183,ec343020-2b32-5035-b17b-4b52eb926f57,SystemUpdateVolume,"[""amount""]",Could you drop the volume all the way to 10?,"{""app"":""system"",""action"":""update_volume"",""params"":{""amount"":10}}","Tuesday, 1997-12-02",23:50:49
184,ec343020-2b32-5035-b17b-4b52eb926f57,SystemUpdateVolume,"[""amount""]","I need the speakers louder, set it to 55.","{""app"":""system"",""action"":""update_volume"",""params"":{""amount"":55}}","Thursday, 1998-06-04",04:35:50
185,ec343020-2b32-5035-b17b-4b52eb926f57,SystemUpdateVolume,"[""amount""]","Quiet it down to 20, please.","{""app"":""system"",""action"":""update_volume"",""params"":{""amount"":20}}","Wednesday, 2009-02-04",11:48:41
186,ec343020-2b32-5035-b17b-4b52eb926f57,SystemUpdateVolume,"[""amount""]","Make it a little louder, around 45.","{""app"":""system"",""action"":""update_volume"",""params"":{""amount"":45}}","Friday, 2010-09-17",09:47:40
187,ec343020-2b32-5035-b17b-4b52eb926f57,SystemUpdateVolume,"[""amount""]",Can we bring the volume up to 65 for this track?,"{""app"":""system"",""action"":""update_volume"",""params"":{""amount"":65}}","Friday, 2019-09-27",19:12:15
188,ec343020-2b32-5035-b17b-4b52eb926f57,SystemUpdateVolume,"[""amount""]","Turn it down to 25, thanks.","{""app"":""system"",""action"":""update_volume"",""params"":{""amount"":25}}","Monday, 2021-10-25",12:55:28
189,ec343020-2b32-5035-b17b-4b52eb926f57,SystemUpdateVolume,"[""amount""]",I'd like the audio at 80.,"{""app"":""system"",""action"":""update_volume"",""params"":{""amount"":80}}","Sunday, 2022-05-29",19:39:41
190,ec343020-2b32-5035-b17b-4b52eb926f57,SystemUpdateVolume,"[""amount""]",Could you lower the sound to 15?,"{""app"":""system"",""action"":""update_volume"",""params"":{""amount"":15}}","Saturday, 2023-07-22",09:44:51
191,ec343020-2b32-5035-b17b-4b52eb926f57,SystemUpdateVolume,"[""amount""]",Please boost the volume to 60.,"{""app"":""system"",""action"":""update_volume"",""params"":{""amount"":60}}","Sunday, 2024-03-17",16:44:08
192,ec343020-2b32-5035-b17b-4b52eb926f57,SystemUpdateVolume,"[""amount""]",Set the volume to 40 for me.,"{""app"":""system"",""action"":""update_volume"",""params"":{""amount"":40}}","Wednesday, 2025-06-25",16:02:58
193,ec343020-2b32-5035-b17b-4b52eb926f57,SystemUpdateVolume,"[""amount""]","Actually, make it louder — 75 should do.","{""app"":""system"",""action"":""update_volume"",""params"":{""amount"":75}}","Wednesday, 2025-08-20",00:34:26
194,ec343020-2b32-5035-b17b-4b52eb926f57,SystemUpdateVolume,"[""amount""]",Can you nudge the volume down to 35?,"{""app"":""system"",""action"":""update_volume"",""params"":{""amount"":35}}","Wednesday, 2026-08-05",01:00:52
195,ec343020-2b32-5035-b17b-4b52eb926f57,SystemUpdateVolume,"[""amount""]",Let's go with volume at 50.,"{""app"":""system"",""action"":""update_volume"",""params"":{""amount"":50}}","Tuesday, 2030-01-15",10:00:12
196,fc32c307-76b0-5a1b-89ba-44364876da9a,SystemUpdateVolume,"[""amount""]","hey can you bump the volume up a bit, like ten notches?","{""app"":""system"",""action"":""update_volume"",""params"":{""amount"":10}}","Friday, 1992-10-09",11:54:38
197,b11be104-6839-5e80-b980-49bd58c2fb96,SystemUpdateVolume,"[""amount""]","turn it down a touch, maybe twenty clicks","{""app"":""system"",""action"":""update_volume"",""params"":{""amount"":-20}}","Friday, 1992-10-09",11:54:38
198,fc32c307-76b0-5a1b-89ba-44364876da9a,SystemUpdateVolume,"[""amount""]","can you crank the sound way up, like forty percent-ish?","{""app"":""system"",""action"":""update_volume"",""params"":{""amount"":40}}","Sunday, 1998-05-03",19:58:44
199,b11be104-6839-5e80-b980-49bd58c2fb96,SystemUpdateVolume,"[""amount""]","nah, lower it a little, fifteen steps down please","{""app"":""system"",""action"":""update_volume"",""params"":{""amount"":-15}}","Sunday, 1998-05-03",19:58:44
200,fc32c307-76b0-5a1b-89ba-44364876da9a,SystemUpdateVolume,"[""amount""]","yo, make it louder by thirty","{""app"":""system"",""action"":""update_volume"",""params"":{""amount"":30}}","Friday, 2003-02-07",22:15:59
201,b11be104-6839-5e80-b980-49bd58c2fb96,SystemUpdateVolume,"[""amount""]",could you ease the volume off by five,"{""app"":""system"",""action"":""update_volume"",""params"":{""amount"":-5}}","Friday, 2003-02-07",22:15:59
202,fc32c307-76b0-5a1b-89ba-44364876da9a,SystemUpdateVolume,"[""amount""]",please jack the audio up by twenty five,"{""app"":""system"",""action"":""update_volume"",""params"":{""amount"":25}}","Thursday, 2004-06-17",13:11:53
203,b11be104-6839-5e80-b980-49bd58c2fb96,SystemUpdateVolume,"[""amount""]","drop the sound a bunch, like thirty five","{""app"":""system"",""action"":""update_volume"",""params"":{""amount"":-35}}","Thursday, 2004-06-17",13:11:53
204,fc32c307-76b0-5a1b-89ba-44364876da9a,SystemUpdateVolume,"[""amount""]","hey, nudge the volume up by eight","{""app"":""system"",""action"":""update_volume"",""params"":{""amount"":8}}","Tuesday, 2011-05-03",16:21:39
205,b11be104-6839-5e80-b980-49bd58c2fb96,SystemUpdateVolume,"[""amount""]","can you mute it down some, say twelve lower","{""app"":""system"",""action"":""update_volume"",""params"":{""amount"":-12}}","Tuesday, 2011-05-03",16:21:39
206,fc32c307-76b0-5a1b-89ba-44364876da9a,SystemUpdateVolume,"[""amount""]","bump the speakers up by fifty, please","{""app"":""system"",""action"":""update_volume"",""params"":{""amount"":50}}","Sunday, 2011-07-31",10:52:30
207,b11be104-6839-5e80-b980-49bd58c2fb96,SystemUpdateVolume,"[""amount""]","tone it down by eighteen, it's a bit much","{""app"":""system"",""action"":""update_volume"",""params"":{""amount"":-18}}","Sunday, 2011-07-31",10:52:30
208,fc32c307-76b0-5a1b-89ba-44364876da9a,SystemUpdateVolume,"[""amount""]",could ya turn the sound up by 60?,"{""app"":""system"",""action"":""update_volume"",""params"":{""amount"":60}}","Tuesday, 2011-09-13",16:41:01
209,b11be104-6839-5e80-b980-49bd58c2fb96,SystemUpdateVolume,"[""amount""]","ease off the volume by twenty two, cheers","{""app"":""system"",""action"":""update_volume"",""params"":{""amount"":-22}}","Tuesday, 2011-09-13",16:41:01
210,fc32c307-76b0-5a1b-89ba-44364876da9a,SystemUpdateVolume,"[""amount""]","yo, push the audio up by 15","{""app"":""system"",""action"":""update_volume"",""params"":{""amount"":15}}","Sunday, 2013-07-21",23:11:27
211,992436cf-c845-5381-940c-6c28b42e8a5c,SystemSetBrightness,"[""level""]",hey can you crank the screen brightness up to 80 for me,"{""app"":""system"",""action"":""set_brightness"",""params"":{""level"":80}}","Monday, 1990-03-05",03:16:26
212,992436cf-c845-5381-940c-6c28b42e8a5c,SystemSetBrightness,"[""level""]","uh, drop the brightness down to 35, it's kinda too much","{""app"":""system"",""action"":""set_brightness"",""params"":{""level"":35}}","Thursday, 1996-03-28",05:05:31
213,992436cf-c845-5381-940c-6c28b42e8a5c,SystemSetBrightness,"[""level""]","make the display way brighter, like 90","{""app"":""system"",""action"":""set_brightness"",""params"":{""level"":90}}","Tuesday, 2000-01-04",03:56:16
214,992436cf-c845-5381-940c-6c28b42e8a5c,SystemSetBrightness,"[""level""]",could you please turn the screen down to 20?,"{""app"":""system"",""action"":""set_brightness"",""params"":{""level"":20}}","Thursday, 2001-01-25",03:15:46
215,992436cf-c845-5381-940c-6c28b42e8a5c,SystemSetBrightness,"[""level""]","yo, set the brightness to 60 before i keep working","{""app"":""system"",""action"":""set_brightness"",""params"":{""level"":60}}","Tuesday, 2004-01-06",22:27:52
216,992436cf-c845-5381-940c-6c28b42e8a5c,SystemSetBrightness,"[""level""]",forget about the glare and put the display at 45,"{""app"":""system"",""action"":""set_brightness"",""params"":{""level"":45}}","Friday, 2004-08-13",14:14:03
217,992436cf-c845-5381-940c-6c28b42e8a5c,SystemSetBrightness,"[""level""]","hey, can you nudge the brightness up to 70 real quick","{""app"":""system"",""action"":""set_brightness"",""params"":{""level"":70}}","Saturday, 2006-04-15",22:15:30
218,992436cf-c845-5381-940c-6c28b42e8a5c,SystemSetBrightness,"[""level""]","please dim the screen to 25, it's way too loud on my eyes","{""app"":""system"",""action"":""set_brightness"",""params"":{""level"":25}}","Monday, 2010-01-11",21:27:47
219,992436cf-c845-5381-940c-6c28b42e8a5c,SystemSetBrightness,"[""level""]","set the laptop brightness to 85, cheers","{""app"":""system"",""action"":""set_brightness"",""params"":{""level"":85}}","Saturday, 2012-01-07",22:32:24
220,992436cf-c845-5381-940c-6c28b42e8a5c,SystemSetBrightness,"[""level""]",can you cut it back to 40? the screen's pretty harsh,"{""app"":""system"",""action"":""set_brightness"",""params"":{""level"":40}}","Monday, 2014-03-10",11:15:03
221,992436cf-c845-5381-940c-6c28b42e8a5c,SystemSetBrightness,"[""level""]","bring the brightness up to 75, please and thanks","{""app"":""system"",""action"":""set_brightness"",""params"":{""level"":75}}","Saturday, 2016-06-25",14:43:16
222,992436cf-c845-5381-940c-6c28b42e8a5c,SystemSetBrightness,"[""level""]","make it nice and low, set brightness to 15","{""app"":""system"",""action"":""set_brightness"",""params"":{""level"":15}}","Tuesday, 2018-04-24",18:06:05
223,992436cf-c845-5381-940c-6c28b42e8a5c,SystemSetBrightness,"[""level""]","hey, bump the display to 65 before I start reading","{""app"":""system"",""action"":""set_brightness"",""params"":{""level"":65}}","Monday, 2022-11-28",04:49:40
224,992436cf-c845-5381-940c-6c28b42e8a5c,SystemSetBrightness,"[""level""]",can you put the screen at 55? that's about right,"{""app"":""system"",""action"":""set_brightness"",""params"":{""level"":55}}","Monday, 2029-12-03",08:14:30
225,992436cf-c845-5381-940c-6c28b42e8a5c,SystemSetBrightness,"[""level""]","go ahead and max the brightness at 100, i can handle it","{""app"":""system"",""action"":""set_brightness"",""params"":{""level"":100}}","Saturday, 2030-05-25",22:35:53
226,992436cf-c845-5381-940c-6c28b42e8a5c,SystemSetBrightness,"[""level""]",hey can you crank the brightness up to 80 for me this afternoon,"{""app"":""system"",""action"":""set_brightness"",""params"":{""level"":80}}","Sunday, 1994-04-03",07:15:56
227,992436cf-c845-5381-940c-6c28b42e8a5c,SystemSetBrightness,"[""level""]","could you make the screen a bit dimmer, like 35, by tonight","{""app"":""system"",""action"":""set_brightness"",""params"":{""level"":35}}","Monday, 1997-01-13",14:05:14
228,992436cf-c845-5381-940c-6c28b42e8a5c,SystemSetBrightness,"[""level""]","drop the brightness down to 20, it's way too bright right now","{""app"":""system"",""action"":""set_brightness"",""params"":{""level"":20}}","Friday, 1997-02-21",02:39:25
229,992436cf-c845-5381-940c-6c28b42e8a5c,SystemSetBrightness,"[""level""]",please bump the display brightness to 60 before I keep working this morning,"{""app"":""system"",""action"":""set_brightness"",""params"":{""level"":60}}","Wednesday, 1998-10-21",10:32:32
230,992436cf-c845-5381-940c-6c28b42e8a5c,SystemSetBrightness,"[""level""]",set the brightness to 45 for me this evening,"{""app"":""system"",""action"":""set_brightness"",""params"":{""level"":45}}","Monday, 2000-10-16",11:59:12
231,992436cf-c845-5381-940c-6c28b42e8a5c,SystemSetBrightness,"[""level""]","make the screen really bright, go with 90 tonight","{""app"":""system"",""action"":""set_brightness"",""params"":{""level"":90}}","Friday, 2000-12-22",15:09:15
232,992436cf-c845-5381-940c-6c28b42e8a5c,SystemSetBrightness,"[""level""]","hey, lower the brightness to 10 for this late-night session","{""app"":""system"",""action"":""set_brightness"",""params"":{""level"":10}}","Wednesday, 2007-03-14",02:16:00
233,992436cf-c845-5381-940c-6c28b42e8a5c,SystemSetBrightness,"[""level""]",can you put the brightness at 70 by tomorrow morning,"{""app"":""system"",""action"":""set_brightness"",""params"":{""level"":70}}","Tuesday, 2007-06-19",23:17:46
234,992436cf-c845-5381-940c-6c28b42e8a5c,SystemSetBrightness,"[""level""]","turn the brightness way down to 25, I'm trying not to strain my eyes","{""app"":""system"",""action"":""set_brightness"",""params"":{""level"":25}}","Monday, 2008-09-08",07:58:42
235,992436cf-c845-5381-940c-6c28b42e8a5c,SystemSetBrightness,"[""level""]",could you raise the screen brightness to 65 for this evening,"{""app"":""system"",""action"":""set_brightness"",""params"":{""level"":65}}","Sunday, 2013-03-24",22:27:59
236,992436cf-c845-5381-940c-6c28b42e8a5c,SystemSetBrightness,"[""level""]","please dim it to 30, this movie is starting soon","{""app"":""system"",""action"":""set_brightness"",""params"":{""level"":30}}","Sunday, 2015-08-30",22:00:06
237,992436cf-c845-5381-940c-6c28b42e8a5c,SystemSetBrightness,"[""level""]",crank the brightness up to 85 for me right now,"{""app"":""system"",""action"":""set_brightness"",""params"":{""level"":85}}","Thursday, 2019-08-08",00:30:02
238,992436cf-c845-5381-940c-6c28b42e8a5c,SystemSetBrightness,"[""level""]","hey, set the display to 50 tonight","{""app"":""system"",""action"":""set_brightness"",""params"":{""level"":50}}","Thursday, 2025-08-21",23:19:22
239,992436cf-c845-5381-940c-6c28b42e8a5c,SystemSetBrightness,"[""level""]","make it just 40 for the early morning, please","{""app"":""system"",""action"":""set_brightness"",""params"":{""level"":40}}","Wednesday, 2029-02-07",02:37:43
240,992436cf-c845-5381-940c-6c28b42e8a5c,SystemSetBrightness,"[""level""]",could you blast the brightness to 75 this afternoon,"{""app"":""system"",""action"":""set_brightness"",""params"":{""level"":75}}","Monday, 2029-06-04",02:11:10
241,e4c07b3b-4d95-570a-bd17-a1bfcc81ff73,SystemSetBrightness,"[""level""]",I would appreciate it if you could lower the brightness to a comfortable level this afternoon.,"{""app"":""system"",""action"":""set_brightness"",""params"":{""level"":42}}","Saturday, 1991-04-20",13:59:21
242,e4c07b3b-4d95-570a-bd17-a1bfcc81ff73,SystemSetBrightness,"[""level""]",Please turn the screen brightness up by tonight; the room is rather dim.,"{""app"":""system"",""action"":""set_brightness"",""params"":{""level"":68}}","Wednesday, 1996-07-24",00:43:40
243,e4c07b3b-4d95-570a-bd17-a1bfcc81ff73,SystemSetBrightness,"[""level""]",Could you please dim the display a little bit for this evening?,"{""app"":""system"",""action"":""set_brightness"",""params"":{""level"":35}}","Monday, 1997-10-06",18:30:52
244,e4c07b3b-4d95-570a-bd17-a1bfcc81ff73,SystemSetBrightness,"[""level""]","Make the brightness higher for the next hour, if you would be so kind.","{""app"":""system"",""action"":""set_brightness"",""params"":{""level"":77}}","Monday, 1998-07-27",16:43:11
245,e4c07b3b-4d95-570a-bd17-a1bfcc81ff73,SystemSetBrightness,"[""level""]",I need the screen set to a softer brightness before tonight.,"{""app"":""system"",""action"":""set_brightness"",""params"":{""level"":28}}","Monday, 2000-08-21",17:33:12
246,e4c07b3b-4d95-570a-bd17-a1bfcc81ff73,SystemSetBrightness,"[""level""]","Please brighten the display for the rest of the afternoon, thank you.","{""app"":""system"",""action"":""set_brightness"",""params"":{""level"":61}}","Monday, 2005-02-21",18:39:37
247,e4c07b3b-4d95-570a-bd17-a1bfcc81ff73,SystemSetBrightness,"[""level""]",Could you reduce the brightness now; it is a bit harsh on my eyes.,"{""app"":""system"",""action"":""set_brightness"",""params"":{""level"":24}}","Thursday, 2006-12-28",23:23:55
248,e4c07b3b-4d95-570a-bd17-a1bfcc81ff73,SystemSetBrightness,"[""level""]",I would like the brightness increased for tonight's work session.,"{""app"":""system"",""action"":""set_brightness"",""params"":{""level"":73}}","Sunday, 2014-11-16",15:19:35
249,e4c07b3b-4d95-570a-bd17-a1bfcc81ff73,SystemSetBrightness,"[""level""]",Please set the display brightness lower for the next thirty minutes.,"{""app"":""system"",""action"":""set_brightness"",""params"":{""level"":31}}","Thursday, 2019-10-24",12:28:54
250,e4c07b3b-4d95-570a-bd17-a1bfcc81ff73,SystemSetBrightness,"[""level""]",Would you kindly bring the brightness up a touch this morning?,"{""app"":""system"",""action"":""set_brightness"",""params"":{""level"":56}}","Monday, 2022-05-09",03:56:00
251,e4c07b3b-4d95-570a-bd17-a1bfcc81ff73,SystemSetBrightness,"[""level""]",Could you please make the screen a bit dimmer for later this evening?,"{""app"":""system"",""action"":""set_brightness"",""params"":{""level"":19}}","Monday, 2022-07-11",22:51:21
252,e4c07b3b-4d95-570a-bd17-a1bfcc81ff73,SystemSetBrightness,"[""level""]",I would appreciate it if you could raise the brightness for the upcoming hour.,"{""app"":""system"",""action"":""set_brightness"",""params"":{""level"":84}}","Monday, 2022-10-24",08:11:53
253,e4c07b3b-4d95-570a-bd17-a1bfcc81ff73,SystemSetBrightness,"[""level""]",Please lower the display brightness slightly before midnight tonight.,"{""app"":""system"",""action"":""set_brightness"",""params"":{""level"":39}}","Sunday, 2023-03-26",19:10:03
254,e4c07b3b-4d95-570a-bd17-a1bfcc81ff73,SystemSetBrightness,"[""level""]",Kindly increase the brightness for this early morning session.,"{""app"":""system"",""action"":""set_brightness"",""params"":{""level"":66}}","Sunday, 2024-03-24",08:30:07
255,e4c07b3b-4d95-570a-bd17-a1bfcc81ff73,SystemSetBrightness,"[""level""]",Please dim the screen a little for the next bit; it is quite bright in here.,"{""app"":""system"",""action"":""set_brightness"",""params"":{""level"":22}}","Wednesday, 2026-02-04",01:22:22
256,61712f20-541b-5761-85dc-ddff32a97b3b,SystemUpdateBrightness,"[""amount""]",Could you kindly brighten the screen a bit this morning?,"{""app"":""system"",""action"":""update_brightness"",""params"":{""amount"":10}}","Monday, 1990-11-26",09:31:26
257,61712f20-541b-5761-85dc-ddff32a97b3b,SystemUpdateBrightness,"[""amount""]","Please dim the display some time this afternoon, it’s a touch too bright.","{""app"":""system"",""action"":""update_brightness"",""params"":{""amount"":-15}}","Monday, 1994-11-14",14:16:15
258,61712f20-541b-5761-85dc-ddff32a97b3b,SystemUpdateBrightness,"[""amount""]","Hey, can you turn the brightness up tonight?","{""app"":""system"",""action"":""update_brightness"",""params"":{""amount"":20}}","Monday, 1995-09-25",19:57:56
259,61712f20-541b-5761-85dc-ddff32a97b3b,SystemUpdateBrightness,"[""amount""]",Would you kindly lower the screen brightness in a few minutes?,"{""app"":""system"",""action"":""update_brightness"",""params"":{""amount"":-10}}","Wednesday, 2002-10-09",03:42:24
260,61712f20-541b-5761-85dc-ddff32a97b3b,SystemUpdateBrightness,"[""amount""]",Please make the display brighter tomorrow morning.,"{""app"":""system"",""action"":""update_brightness"",""params"":{""amount"":25}}","Wednesday, 2004-12-08",19:13:29
261,61712f20-541b-5761-85dc-ddff32a97b3b,SystemUpdateBrightness,"[""amount""]",Could you please reduce the brightness a little this evening?,"{""app"":""system"",""action"":""update_brightness"",""params"":{""amount"":-5}}","Sunday, 2005-06-19",12:28:56
262,61712f20-541b-5761-85dc-ddff32a97b3b,SystemUpdateBrightness,"[""amount""]",Kindly boost the screen light by a fair amount after lunch.,"{""app"":""system"",""action"":""update_brightness"",""params"":{""amount"":30}}","Saturday, 2006-12-23",09:20:09
263,61712f20-541b-5761-85dc-ddff32a97b3b,SystemUpdateBrightness,"[""amount""]",Please turn the brightness down before bed tonight.,"{""app"":""system"",""action"":""update_brightness"",""params"":{""amount"":-20}}","Thursday, 2009-12-10",07:31:06
264,61712f20-541b-5761-85dc-ddff32a97b3b,SystemUpdateBrightness,"[""amount""]",Could you nudge the display brighter in an hour?,"{""app"":""system"",""action"":""update_brightness"",""params"":{""amount"":12}}","Wednesday, 2012-05-02",03:09:02
265,61712f20-541b-5761-85dc-ddff32a97b3b,SystemUpdateBrightness,"[""amount""]","Please dim the screen a good bit this late evening, thanks.","{""app"":""system"",""action"":""update_brightness"",""params"":{""amount"":-25}}","Wednesday, 2018-01-10",23:39:54
266,61712f20-541b-5761-85dc-ddff32a97b3b,SystemUpdateBrightness,"[""amount""]",Would you kindly crank up the brightness for the next video call?,"{""app"":""system"",""action"":""update_brightness"",""params"":{""amount"":18}}","Saturday, 2019-04-27",23:33:16
267,61712f20-541b-5761-85dc-ddff32a97b3b,SystemUpdateBrightness,"[""amount""]","Please lower the display a notch this afternoon, the glare is rough.","{""app"":""system"",""action"":""update_brightness"",""params"":{""amount"":-8}}","Wednesday, 2019-11-13",17:26:13
268,61712f20-541b-5761-85dc-ddff32a97b3b,SystemUpdateBrightness,"[""amount""]",Could you please brighten the screen by a small step tomorrow?,"{""app"":""system"",""action"":""update_brightness"",""params"":{""amount"":7}}","Monday, 2021-12-06",09:04:50
269,61712f20-541b-5761-85dc-ddff32a97b3b,SystemUpdateBrightness,"[""amount""]",Kindly dim the monitor a little bit after sunset on Friday.,"{""app"":""system"",""action"":""update_brightness"",""params"":{""amount"":-12}}","Wednesday, 2023-05-17",16:30:46
270,61712f20-541b-5761-85dc-ddff32a97b3b,SystemUpdateBrightness,"[""amount""]","Please make the screen much brighter in thirty minutes, cheers.","{""app"":""system"",""action"":""update_brightness"",""params"":{""amount"":35}}","Friday, 2025-04-25",11:32:12
271,f03f005f-deb7-5992-b561-889686b98640,SystemUpdateBrightness,"[""amount""]",hey can you bump the screen brightness up a bit this evening?,"{""app"":""system"",""action"":""update_brightness"",""params"":{""amount"":15}}","Monday, 2000-04-03",18:35:55
272,f03f005f-deb7-5992-b561-889686b98640,SystemUpdateBrightness,"[""amount""]","turn the display down some for me, it's kinda bright right now","{""app"":""system"",""action"":""update_brightness"",""params"":{""amount"":-20}}","Wednesday, 2000-06-14",12:54:25
273,f03f005f-deb7-5992-b561-889686b98640,SystemUpdateBrightness,"[""amount""]","could you make the brightness way lower tonight, like really dim it out","{""app"":""system"",""action"":""update_brightness"",""params"":{""amount"":-35}}","Monday, 2001-04-23",22:55:15
274,f03f005f-deb7-5992-b561-889686b98640,SystemUpdateBrightness,"[""amount""]","yo, crank the laptop screen up a little, it's hard to see in here","{""app"":""system"",""action"":""update_brightness"",""params"":{""amount"":10}}","Monday, 2002-03-11",16:12:09
275,f03f005f-deb7-5992-b561-889686b98640,SystemUpdateBrightness,"[""amount""]",take the brightness down just a touch before i keep working,"{""app"":""system"",""action"":""update_brightness"",""params"":{""amount"":-5}}","Wednesday, 2002-10-16",19:48:14
276,f03f005f-deb7-5992-b561-889686b98640,SystemUpdateBrightness,"[""amount""]","hey, jack the display brightness up a lot, it's super dark at two sixteen in the morning","{""app"":""system"",""action"":""update_brightness"",""params"":{""amount"":30}}","Wednesday, 2005-10-26",02:16:56
277,f03f005f-deb7-5992-b561-889686b98640,SystemUpdateBrightness,"[""amount""]",can you knock the screen down a bunch this morning? it's too glaring,"{""app"":""system"",""action"":""update_brightness"",""params"":{""amount"":-25}}","Tuesday, 2005-11-01",08:40:17
278,f03f005f-deb7-5992-b561-889686b98640,SystemUpdateBrightness,"[""amount""]","make the brightness a little higher for me right now, please","{""app"":""system"",""action"":""update_brightness"",""params"":{""amount"":8}}","Thursday, 2006-05-11",12:31:35
279,f03f005f-deb7-5992-b561-889686b98640,SystemUpdateBrightness,"[""amount""]",could you ease the display down a notch? it's kinda harsh this morning,"{""app"":""system"",""action"":""update_brightness"",""params"":{""amount"":-12}}","Thursday, 2009-01-22",07:06:17
280,f03f005f-deb7-5992-b561-889686b98640,SystemUpdateBrightness,"[""amount""]","hey, brighten it up some after lunch, the screen's getting washed out","{""app"":""system"",""action"":""update_brightness"",""params"":{""amount"":18}}","Sunday, 2009-11-22",08:09:34
281,f03f005f-deb7-5992-b561-889686b98640,SystemUpdateBrightness,"[""amount""]",forget about the glare and just drop the brightness a bit now,"{""app"":""system"",""action"":""update_brightness"",""params"":{""amount"":-8}}","Thursday, 2013-05-23",02:51:39
282,f03f005f-deb7-5992-b561-889686b98640,SystemUpdateBrightness,"[""amount""]",can you bring the display up a little for this late morning session?,"{""app"":""system"",""action"":""update_brightness"",""params"":{""amount"":12}}","Friday, 2013-08-16",10:34:06
283,f03f005f-deb7-5992-b561-889686b98640,SystemUpdateBrightness,"[""amount""]","yo, dim the screen way down, it's after midnight and my eyes are cooked","{""app"":""system"",""action"":""update_brightness"",""params"":{""amount"":-40}}","Friday, 2015-12-11",00:09:07
284,f03f005f-deb7-5992-b561-889686b98640,SystemUpdateBrightness,"[""amount""]",please nudge the brightness up a bit for this evening,"{""app"":""system"",""action"":""update_brightness"",""params"":{""amount"":6}}","Friday, 2016-03-11",18:27:37
285,f03f005f-deb7-5992-b561-889686b98640,SystemUpdateBrightness,"[""amount""]",hey can you tone the display down slightly? it's too bright for one thirty in the afternoon,"{""app"":""system"",""action"":""update_brightness"",""params"":{""amount"":-15}}","Wednesday, 2023-01-04",13:40:52
286,55074c1a-ac5d-57e4-8767-adcd8caf6aed,SystemUpdateBrightness,"[""amount""]",Please lower the screen brightness by 12 percent; it is a bit too glaring this early in the morning.,"{""app"":""system"",""action"":""update_brightness"",""params"":{""amount"":-12}}","Wednesday, 1997-01-08",05:57:04
287,7b838e34-453d-5c26-97f2-97361da4f06e,SystemUpdateBrightness,"[""amount""]","Could you brighten the display by 18, as the room has become rather dim at dawn?","{""app"":""system"",""action"":""update_brightness"",""params"":{""amount"":18}}","Saturday, 1997-11-29",06:33:48
288,55074c1a-ac5d-57e4-8767-adcd8caf6aed,SystemUpdateBrightness,"[""amount""]",I would appreciate it if you could turn the brightness down by 7 for this late-night reading session.,"{""app"":""system"",""action"":""update_brightness"",""params"":{""amount"":-7}}","Friday, 2001-05-11",23:44:27
289,7b838e34-453d-5c26-97f2-97361da4f06e,SystemUpdateBrightness,"[""amount""]",Please raise the display brightness by 22; the afternoon light is making the screen difficult to see.,"{""app"":""system"",""action"":""update_brightness"",""params"":{""amount"":22}}","Saturday, 2002-11-16",17:10:02
290,55074c1a-ac5d-57e4-8767-adcd8caf6aed,SystemUpdateBrightness,"[""amount""]",Could you dim the screen by 15 percent? The room is still quite bright this Sunday morning.,"{""app"":""system"",""action"":""update_brightness"",""params"":{""amount"":-15}}","Sunday, 2004-01-18",11:09:34
291,7b838e34-453d-5c26-97f2-97361da4f06e,SystemUpdateBrightness,"[""amount""]","Make the display a little brighter, by 9, because I am working in the evening and need better visibility.","{""app"":""system"",""action"":""update_brightness"",""params"":{""amount"":9}}","Tuesday, 2004-02-03",19:50:52
292,55074c1a-ac5d-57e4-8767-adcd8caf6aed,SystemUpdateBrightness,"[""amount""]",Please reduce the brightness by 20; the screen is too intense for this afternoon reading.,"{""app"":""system"",""action"":""update_brightness"",""params"":{""amount"":-20}}","Friday, 2005-12-02",14:13:03
293,7b838e34-453d-5c26-97f2-97361da4f06e,SystemUpdateBrightness,"[""amount""]","I would like the display lightened by 14, since the early morning sun has made it hard to read.","{""app"":""system"",""action"":""update_brightness"",""params"":{""amount"":14}}","Saturday, 2006-01-28",06:53:54
294,55074c1a-ac5d-57e4-8767-adcd8caf6aed,SystemUpdateBrightness,"[""amount""]",Please turn the brightness down by 11; it feels overly harsh for this late afternoon.,"{""app"":""system"",""action"":""update_brightness"",""params"":{""amount"":-11}}","Tuesday, 2007-06-12",16:24:59
295,7b838e34-453d-5c26-97f2-97361da4f06e,SystemUpdateBrightness,"[""amount""]",Could you boost the screen brightness by 25? The room is much darker than expected at midday.,"{""app"":""system"",""action"":""update_brightness"",""params"":{""amount"":25}}","Wednesday, 2008-09-03",12:58:37
296,55074c1a-ac5d-57e4-8767-adcd8caf6aed,SystemUpdateBrightness,"[""amount""]",Please dim the display by 8 percent; I am reviewing notes in the very early morning.,"{""app"":""system"",""action"":""update_brightness"",""params"":{""amount"":-8}}","Wednesday, 2014-05-14",03:32:29
297,7b838e34-453d-5c26-97f2-97361da4f06e,SystemUpdateBrightness,"[""amount""]",Would you kindly increase the brightness by 16? The screen looks a bit washed out in the morning light.,"{""app"":""system"",""action"":""update_brightness"",""params"":{""amount"":16}}","Wednesday, 2014-06-04",10:55:18
298,55074c1a-ac5d-57e4-8767-adcd8caf6aed,SystemUpdateBrightness,"[""amount""]","Make the display darker by 13, please; this Sunday morning glare is a little excessive.","{""app"":""system"",""action"":""update_brightness"",""params"":{""amount"":-13}}","Sunday, 2015-01-25",10:12:02
299,7b838e34-453d-5c26-97f2-97361da4f06e,SystemUpdateBrightness,"[""amount""]","I would appreciate it if you could brighten the screen by 19, since the evening lighting has softened.","{""app"":""system"",""action"":""update_brightness"",""params"":{""amount"":19}}","Sunday, 2017-04-23",18:51:15
300,55074c1a-ac5d-57e4-8767-adcd8caf6aed,SystemUpdateBrightness,"[""amount""]","Please lower the brightness by 10; the room is pleasantly lit, and the display is a touch too strong.","{""app"":""system"",""action"":""update_brightness"",""params"":{""amount"":-10}}","Monday, 2028-11-20",08:11:55
301,92deb7da-accb-5875-90b1-6ebd1c461939,SystemReadVolume,[],"hey, can you check the volume for me right now?","{""app"":""system"",""action"":""read_volume"",""params"":{}}","Sunday, 1991-10-27",03:02:20
302,92deb7da-accb-5875-90b1-6ebd1c461939,SystemReadVolume,[],what's the volume at?,"{""app"":""system"",""action"":""read_volume"",""params"":{}}","Sunday, 1995-06-25",11:40:14
303,92deb7da-accb-5875-90b1-6ebd1c461939,SystemReadVolume,[],could you tell me the current volume level?,"{""app"":""system"",""action"":""read_volume"",""params"":{}}","Wednesday, 1995-07-19",10:09:25
304,92deb7da-accb-5875-90b1-6ebd1c461939,SystemReadVolume,[],just let me know how loud it is on the Mac.,"{""app"":""system"",""action"":""read_volume"",""params"":{}}","Tuesday, 1996-04-09",17:34:28
305,92deb7da-accb-5875-90b1-6ebd1c461939,SystemReadVolume,[],"hey, read the volume for me real quick.","{""app"":""system"",""action"":""read_volume"",""params"":{}}","Monday, 1997-05-05",13:14:38
306,92deb7da-accb-5875-90b1-6ebd1c461939,SystemReadVolume,[],can you peek at the sound level and tell me?,"{""app"":""system"",""action"":""read_volume"",""params"":{}}","Monday, 1999-01-11",05:56:53
307,92deb7da-accb-5875-90b1-6ebd1c461939,SystemReadVolume,[],what's the speaker volume looking like?,"{""app"":""system"",""action"":""read_volume"",""params"":{}}","Tuesday, 2001-06-26",22:13:20
308,92deb7da-accb-5875-90b1-6ebd1c461939,SystemReadVolume,[],please check how high the volume is.,"{""app"":""system"",""action"":""read_volume"",""params"":{}}","Friday, 2005-12-02",18:56:19
309,92deb7da-accb-5875-90b1-6ebd1c461939,SystemReadVolume,[],"yo, can you see what the volume is set to?","{""app"":""system"",""action"":""read_volume"",""params"":{}}","Saturday, 2007-01-06",16:59:36
310,92deb7da-accb-5875-90b1-6ebd1c461939,SystemReadVolume,[],"tell me the current audio level, please.","{""app"":""system"",""action"":""read_volume"",""params"":{}}","Friday, 2012-04-06",06:00:10
311,92deb7da-accb-5875-90b1-6ebd1c461939,SystemReadVolume,[],"before I jump into anything, check the volume for me.","{""app"":""system"",""action"":""read_volume"",""params"":{}}","Tuesday, 2025-04-15",17:07:52
312,92deb7da-accb-5875-90b1-6ebd1c461939,SystemReadVolume,[],quick favor: what's the volume at on this machine?,"{""app"":""system"",""action"":""read_volume"",""params"":{}}","Saturday, 2025-10-11",04:17:02
313,92deb7da-accb-5875-90b1-6ebd1c461939,SystemReadVolume,[],"hey, verify the sound level once for me.","{""app"":""system"",""action"":""read_volume"",""params"":{}}","Monday, 2028-06-19",13:55:20
314,92deb7da-accb-5875-90b1-6ebd1c461939,SystemReadVolume,[],could you just read out the current volume?,"{""app"":""system"",""action"":""read_volume"",""params"":{}}","Friday, 2028-08-04",15:11:59
315,92deb7da-accb-5875-90b1-6ebd1c461939,SystemReadVolume,[],let me know where the volume sits right now.,"{""app"":""system"",""action"":""read_volume"",""params"":{}}","Wednesday, 2030-09-18",14:55:42
316,025afe66-6305-555b-b846-2dd2cf221ad7,SystemHideApps,"[""target""]",hey can you hide all the apps for me till later today,"{""app"":""system"",""action"":""hide_apps"",""params"":{""target"":""all""}}","Sunday, 1990-05-13",14:17:22
317,025afe66-6305-555b-b846-2dd2cf221ad7,SystemHideApps,"[""target""]",could you just tuck away all the windows until tomorrow morning,"{""app"":""system"",""action"":""hide_apps"",""params"":{""target"":""all""}}","Wednesday, 1990-05-23",07:59:05
318,025afe66-6305-555b-b846-2dd2cf221ad7,SystemHideApps,"[""target""]",forget about everything else and hide all apps right now,"{""app"":""system"",""action"":""hide_apps"",""params"":{""target"":""all""}}","Tuesday, 1991-09-10",22:49:29
319,025afe66-6305-555b-b846-2dd2cf221ad7,SystemHideApps,"[""target""]",yo please hide all the stuff on screen until this afternoon,"{""app"":""system"",""action"":""hide_apps"",""params"":{""target"":""all""}}","Monday, 1992-07-06",10:07:00
320,025afe66-6305-555b-b846-2dd2cf221ad7,SystemHideApps,"[""target""]",can you make all the apps disappear for a bit this morning,"{""app"":""system"",""action"":""hide_apps"",""params"":{""target"":""all""}}","Monday, 1995-05-22",07:25:18
321,025afe66-6305-555b-b846-2dd2cf221ad7,SystemHideApps,"[""target""]","hide all of it now, i wanna clear the desk for tonight","{""app"":""system"",""action"":""hide_apps"",""params"":{""target"":""all""}}","Tuesday, 1999-08-03",16:41:45
322,025afe66-6305-555b-b846-2dd2cf221ad7,SystemHideApps,"[""target""]",please shove every app out of sight till tomorrow,"{""app"":""system"",""action"":""hide_apps"",""params"":{""target"":""all""}}","Thursday, 2010-10-14",21:28:10
323,025afe66-6305-555b-b846-2dd2cf221ad7,SystemHideApps,"[""target""]",uh can you hide all the apps for me before i crash,"{""app"":""system"",""action"":""hide_apps"",""params"":{""target"":""all""}}","Monday, 2023-03-06",01:51:43
324,025afe66-6305-555b-b846-2dd2cf221ad7,SystemHideApps,"[""target""]","yeah, hide everything on the mac while i grab lunch later","{""app"":""system"",""action"":""hide_apps"",""params"":{""target"":""all""}}","Tuesday, 2026-02-03",17:49:49
325,025afe66-6305-555b-b846-2dd2cf221ad7,SystemHideApps,"[""target""]","please hide all apps for a sec, i'm stepping away tonight","{""app"":""system"",""action"":""hide_apps"",""params"":{""target"":""all""}}","Wednesday, 2026-03-11",21:24:33
326,025afe66-6305-555b-b846-2dd2cf221ad7,SystemHideApps,"[""target""]",could you hide the whole app mess until tomorrow evening,"{""app"":""system"",""action"":""hide_apps"",""params"":{""target"":""all""}}","Sunday, 2026-08-02",03:56:58
327,025afe66-6305-555b-b846-2dd2cf221ad7,SystemHideApps,"[""target""]",go ahead and hide every app while i sort this out in the morning,"{""app"":""system"",""action"":""hide_apps"",""params"":{""target"":""all""}}","Wednesday, 2027-07-21",01:52:04
328,025afe66-6305-555b-b846-2dd2cf221ad7,SystemHideApps,"[""target""]","hey, hide all the open apps till next week, thanks","{""app"":""system"",""action"":""hide_apps"",""params"":{""target"":""all""}}","Sunday, 2028-01-16",05:38:11
329,025afe66-6305-555b-b846-2dd2cf221ad7,SystemHideApps,"[""target""]",can you please hide all apps so i can focus this afternoon,"{""app"":""system"",""action"":""hide_apps"",""params"":{""target"":""all""}}","Saturday, 2029-09-15",09:28:34
330,025afe66-6305-555b-b846-2dd2cf221ad7,SystemHideApps,"[""target""]","screw it, hide everything on screen until tomorrow morning","{""app"":""system"",""action"":""hide_apps"",""params"":{""target"":""all""}}","Friday, 2029-09-28",21:52:36
331,025afe66-6305-555b-b846-2dd2cf221ad7,SystemHideApps,"[""target""]","hey, hide all the apps for me","{""app"":""system"",""action"":""hide_apps"",""params"":{""target"":""all""}}","Sunday, 1992-03-01",07:36:11
332,025afe66-6305-555b-b846-2dd2cf221ad7,SystemHideApps,"[""target""]",could you just tuck away all the open apps right now?,"{""app"":""system"",""action"":""hide_apps"",""params"":{""target"":""all""}}","Wednesday, 1996-06-26",17:27:51
333,025afe66-6305-555b-b846-2dd2cf221ad7,SystemHideApps,"[""target""]",forget about everything on screen and hide all apps tonight,"{""app"":""system"",""action"":""hide_apps"",""params"":{""target"":""all""}}","Friday, 2001-01-26",21:48:23
334,025afe66-6305-555b-b846-2dd2cf221ad7,SystemHideApps,"[""target""]",please hide all the apps before I start this morning,"{""app"":""system"",""action"":""hide_apps"",""params"":{""target"":""all""}}","Tuesday, 2002-04-09",09:28:22
335,025afe66-6305-555b-b846-2dd2cf221ad7,SystemHideApps,"[""target""]",can you make all the apps disappear for a sec?,"{""app"":""system"",""action"":""hide_apps"",""params"":{""target"":""all""}}","Tuesday, 2004-06-08",00:27:14
336,17bb202d-f3c2-5a60-90ba-4d22ae50ad44,SystemHideApps,"[""target""]","hide everything except the front app, if you can","{""app"":""system"",""action"":""hide_apps"",""params"":{""target"":""others""}}","Friday, 2007-02-23",10:25:29
337,17bb202d-f3c2-5a60-90ba-4d22ae50ad44,SystemHideApps,"[""target""]","yeah, hide the other apps and leave this one alone","{""app"":""system"",""action"":""hide_apps"",""params"":{""target"":""others""}}","Sunday, 2013-02-24",10:07:36
338,17bb202d-f3c2-5a60-90ba-4d22ae50ad44,SystemHideApps,"[""target""]",could you close up the background apps and keep the current one visible?,"{""app"":""system"",""action"":""hide_apps"",""params"":{""target"":""others""}}","Sunday, 2017-01-01",17:51:50
339,17bb202d-f3c2-5a60-90ba-4d22ae50ad44,SystemHideApps,"[""target""]","next to nothing, just hide the rest of the apps for me","{""app"":""system"",""action"":""hide_apps"",""params"":{""target"":""others""}}","Monday, 2017-07-31",03:32:37
340,17bb202d-f3c2-5a60-90ba-4d22ae50ad44,SystemHideApps,"[""target""]",please hide all the other apps while I work here,"{""app"":""system"",""action"":""hide_apps"",""params"":{""target"":""others""}}","Tuesday, 2018-10-16",10:38:28
341,747482c9-62ef-59af-8ce8-fe35e51d06de,SystemHideApps,"[""target""]",go ahead and hide this app,"{""app"":""system"",""action"":""hide_apps"",""params"":{""target"":""current""}}","Friday, 2019-01-04",23:02:48
342,747482c9-62ef-59af-8ce8-fe35e51d06de,SystemHideApps,"[""target""]",can you hide the app I'm in right now?,"{""app"":""system"",""action"":""hide_apps"",""params"":{""target"":""current""}}","Thursday, 2022-05-19",14:10:25
343,747482c9-62ef-59af-8ce8-fe35e51d06de,SystemHideApps,"[""target""]","hey, tuck away this window for a moment","{""app"":""system"",""action"":""hide_apps"",""params"":{""target"":""current""}}","Wednesday, 2023-09-13",08:29:59
344,747482c9-62ef-59af-8ce8-fe35e51d06de,SystemHideApps,"[""target""]","just hide the active app, thanks","{""app"":""system"",""action"":""hide_apps"",""params"":{""target"":""current""}}","Tuesday, 2026-01-20",08:22:41
345,747482c9-62ef-59af-8ce8-fe35e51d06de,SystemHideApps,"[""target""]",could you hide the current app and get it out of the way?,"{""app"":""system"",""action"":""hide_apps"",""params"":{""target"":""current""}}","Saturday, 2030-05-18",22:22:33
346,b86273c2-bd95-5e07-8b08-9915f93491eb,SystemEjectDisks,[],"Please eject the external hard disk and the CD-ROM from my Mac, if you would be so kind.","{""app"":""system"",""action"":""eject_disks"",""params"":{}}","Thursday, 1992-07-16",15:48:19
347,b86273c2-bd95-5e07-8b08-9915f93491eb,SystemEjectDisks,[],I would appreciate it if you could safely eject the floppy disk and the Zip drive now.,"{""app"":""system"",""action"":""eject_disks"",""params"":{}}","Wednesday, 1995-03-08",15:47:03
348,0e183041-6012-52b5-a303-e72018ce2c9d,SystemEjectDisks,[],"Kindly eject every mounted disk from the desktop, including the removable one.","{""app"":""system"",""action"":""eject_disks"",""params"":{}}","Saturday, 1998-09-19",09:53:52
349,0e183041-6012-52b5-a303-e72018ce2c9d,SystemEjectDisks,[],Please have the system eject all disks before I shut this machine down.,"{""app"":""system"",""action"":""eject_disks"",""params"":{}}","Monday, 1999-03-15",07:35:24
350,b86273c2-bd95-5e07-8b08-9915f93491eb,SystemEjectDisks,[],"Could you eject the burned CD and the backup tape from the computer, please?","{""app"":""system"",""action"":""eject_disks"",""params"":{}}","Friday, 2004-05-28",17:17:16
351,0e183041-6012-52b5-a303-e72018ce2c9d,SystemEjectDisks,[],I need all disks ejected right away; the archive disc is still in the drive.,"{""app"":""system"",""action"":""eject_disks"",""params"":{}}","Friday, 2004-09-03",15:46:51
352,b86273c2-bd95-5e07-8b08-9915f93491eb,SystemEjectDisks,[],Please eject the photo disc and the data cartridge from my MacBook.,"{""app"":""system"",""action"":""eject_disks"",""params"":{}}","Friday, 2006-07-07",12:51:01
353,0e183041-6012-52b5-a303-e72018ce2c9d,SystemEjectDisks,[],Would you kindly eject every disk that is mounted on this iMac?,"{""app"":""system"",""action"":""eject_disks"",""params"":{}}","Monday, 2013-06-03",14:43:16
354,b86273c2-bd95-5e07-8b08-9915f93491eb,SystemEjectDisks,[],"At eight in the evening, please eject the game disc and the backup DVD.","{""app"":""system"",""action"":""eject_disks"",""params"":{}}","Thursday, 2013-06-13",20:29:49
355,0e183041-6012-52b5-a303-e72018ce2c9d,SystemEjectDisks,[],I would appreciate it if you could eject all disks before half past five in the morning.,"{""app"":""system"",""action"":""eject_disks"",""params"":{}}","Tuesday, 2014-06-17",05:00:22
356,b86273c2-bd95-5e07-8b08-9915f93491eb,SystemEjectDisks,[],"Please eject the music CD and the installer disk from the drive, if possible.","{""app"":""system"",""action"":""eject_disks"",""params"":{}}","Monday, 2016-04-25",05:13:22
357,0e183041-6012-52b5-a303-e72018ce2c9d,SystemEjectDisks,[],Kindly make sure every disk is ejected before a quarter past two in the morning.,"{""app"":""system"",""action"":""eject_disks"",""params"":{}}","Tuesday, 2017-08-15",02:20:38
358,b86273c2-bd95-5e07-8b08-9915f93491eb,SystemEjectDisks,[],Could you please eject the movie disc and the flash cartridge now?,"{""app"":""system"",""action"":""eject_disks"",""params"":{}}","Saturday, 2020-01-04",02:34:07
359,0e183041-6012-52b5-a303-e72018ce2c9d,SystemEjectDisks,[],"Do eject all disks from the system before three o'clock in the morning, please.","{""app"":""system"",""action"":""eject_disks"",""params"":{}}","Monday, 2021-09-06",02:53:44
360,b86273c2-bd95-5e07-8b08-9915f93491eb,SystemEjectDisks,[],I would be grateful if you could eject the software disc and the external backup unit at once.,"{""app"":""system"",""action"":""eject_disks"",""params"":{}}","Thursday, 2026-05-14",00:27:14
361,2544cc88-a630-5296-aa77-5a4761e4bf0b,SystemToggleDarkMode,"[""state""]",Could you switch dark mode on this afternoon?,"{""app"":""system"",""action"":""toggle_dark_mode"",""params"":{""state"":""on""}}","Friday, 1992-08-21",16:24:10
362,2544cc88-a630-5296-aa77-5a4761e4bf0b,SystemToggleDarkMode,"[""state""]","Hey, turn dark mode off for the rest of tonight.","{""app"":""system"",""action"":""toggle_dark_mode"",""params"":{""state"":""off""}}","Thursday, 1999-04-15",01:10:54
363,2544cc88-a630-5296-aa77-5a4761e4bf0b,SystemToggleDarkMode,"[""state""]","Please put dark mode on now, it’s early and bright.","{""app"":""system"",""action"":""toggle_dark_mode"",""params"":{""state"":""on""}}","Friday, 2000-09-29",07:14:49
364,2544cc88-a630-5296-aa77-5a4761e4bf0b,SystemToggleDarkMode,"[""state""]",Can you switch the dark theme off for this evening?,"{""app"":""system"",""action"":""toggle_dark_mode"",""params"":{""state"":""off""}}","Wednesday, 2004-07-28",17:31:01
365,2544cc88-a630-5296-aa77-5a4761e4bf0b,SystemToggleDarkMode,"[""state""]","Actually, I want dark mode on before I keep working tonight.","{""app"":""system"",""action"":""toggle_dark_mode"",""params"":{""state"":""on""}}","Sunday, 2011-03-20",20:58:09
366,2544cc88-a630-5296-aa77-5a4761e4bf0b,SystemToggleDarkMode,"[""state""]",Would you turn dark mode off for me right now?,"{""app"":""system"",""action"":""toggle_dark_mode"",""params"":{""state"":""off""}}","Wednesday, 2012-06-27",08:42:57
367,2544cc88-a630-5296-aa77-5a4761e4bf0b,SystemToggleDarkMode,"[""state""]","Let's have dark mode on from here on out, especially this late.","{""app"":""system"",""action"":""toggle_dark_mode"",""params"":{""state"":""on""}}","Sunday, 2012-12-23",02:11:38
368,2544cc88-a630-5296-aa77-5a4761e4bf0b,SystemToggleDarkMode,"[""state""]",Could you pop dark mode off? My eyes need the light.,"{""app"":""system"",""action"":""toggle_dark_mode"",""params"":{""state"":""off""}}","Sunday, 2013-09-22",04:37:34
369,2544cc88-a630-5296-aa77-5a4761e4bf0b,SystemToggleDarkMode,"[""state""]","Need dark mode on for this morning, please.","{""app"":""system"",""action"":""toggle_dark_mode"",""params"":{""state"":""on""}}","Saturday, 2014-03-22",00:00:44
370,2544cc88-a630-5296-aa77-5a4761e4bf0b,SystemToggleDarkMode,"[""state""]",Kindly disable dark mode until later tonight.,"{""app"":""system"",""action"":""toggle_dark_mode"",""params"":{""state"":""off""}}","Thursday, 2015-09-10",06:35:54
371,2544cc88-a630-5296-aa77-5a4761e4bf0b,SystemToggleDarkMode,"[""state""]","Hey assistant, switch on the dark mode setting now.","{""app"":""system"",""action"":""toggle_dark_mode"",""params"":{""state"":""on""}}","Monday, 2016-10-10",16:45:16
372,2544cc88-a630-5296-aa77-5a4761e4bf0b,SystemToggleDarkMode,"[""state""]",Can we turn dark mode off for a bit this morning?,"{""app"":""system"",""action"":""toggle_dark_mode"",""params"":{""state"":""off""}}","Thursday, 2018-03-29",05:37:44
373,2544cc88-a630-5296-aa77-5a4761e4bf0b,SystemToggleDarkMode,"[""state""]",I’d like dark mode on while I work this afternoon.,"{""app"":""system"",""action"":""toggle_dark_mode"",""params"":{""state"":""on""}}","Wednesday, 2022-12-28",14:51:33
374,2544cc88-a630-5296-aa77-5a4761e4bf0b,SystemToggleDarkMode,"[""state""]","Please switch dark mode off, I'm done with the low light for now.","{""app"":""system"",""action"":""toggle_dark_mode"",""params"":{""state"":""off""}}","Monday, 2024-05-06",20:11:52
375,2544cc88-a630-5296-aa77-5a4761e4bf0b,SystemToggleDarkMode,"[""state""]",Turn dark mode on before I start this early shift.,"{""app"":""system"",""action"":""toggle_dark_mode"",""params"":{""state"":""on""}}","Wednesday, 2030-09-18",03:43:25
376,c0c98b7e-c326-54f4-80bd-191360dfaebd,SystemToggleDarkMode,"[""state""]",Could you please turn dark mode on tonight?,"{""app"":""system"",""action"":""toggle_dark_mode"",""params"":{""state"":""on""}}","Friday, 1990-03-23",22:43:06
377,50706adb-01dd-5750-a8e3-a7cf638a707d,SystemToggleDarkMode,"[""state""]",I'm up way too late—switch dark mode off for me.,"{""app"":""system"",""action"":""toggle_dark_mode"",""params"":{""state"":""off""}}","Saturday, 1993-08-07",00:35:50
378,c0c98b7e-c326-54f4-80bd-191360dfaebd,SystemToggleDarkMode,"[""state""]","Hey, make the screen dark before I keep working this morning.","{""app"":""system"",""action"":""toggle_dark_mode"",""params"":{""state"":""on""}}","Saturday, 1993-11-20",05:32:02
379,50706adb-01dd-5750-a8e3-a7cf638a707d,SystemToggleDarkMode,"[""state""]","Actually, can you turn dark mode off this evening?","{""app"":""system"",""action"":""toggle_dark_mode"",""params"":{""state"":""off""}}","Wednesday, 1995-06-28",17:48:05
380,c0c98b7e-c326-54f4-80bd-191360dfaebd,SystemToggleDarkMode,"[""state""]",Please enable dark mode for me right now.,"{""app"":""system"",""action"":""toggle_dark_mode"",""params"":{""state"":""on""}}","Wednesday, 1998-10-21",13:48:29
381,50706adb-01dd-5750-a8e3-a7cf638a707d,SystemToggleDarkMode,"[""state""]","I'd like dark mode off, if you don't mind.","{""app"":""system"",""action"":""toggle_dark_mode"",""params"":{""state"":""off""}}","Monday, 1999-07-05",18:42:25
382,c0c98b7e-c326-54f4-80bd-191360dfaebd,SystemToggleDarkMode,"[""state""]",Can we put dark mode on for tonight?,"{""app"":""system"",""action"":""toggle_dark_mode"",""params"":{""state"":""on""}}","Tuesday, 2007-05-29",21:02:09
383,50706adb-01dd-5750-a8e3-a7cf638a707d,SystemToggleDarkMode,"[""state""]","Switch dark mode off, please.","{""app"":""system"",""action"":""toggle_dark_mode"",""params"":{""state"":""off""}}","Saturday, 2007-08-11",16:32:34
384,c0c98b7e-c326-54f4-80bd-191360dfaebd,SystemToggleDarkMode,"[""state""]","Before I settle in, turn dark mode on.","{""app"":""system"",""action"":""toggle_dark_mode"",""params"":{""state"":""on""}}","Tuesday, 2011-09-20",00:37:08
385,50706adb-01dd-5750-a8e3-a7cf638a707d,SystemToggleDarkMode,"[""state""]",Can you take dark mode off for now?,"{""app"":""system"",""action"":""toggle_dark_mode"",""params"":{""state"":""off""}}","Wednesday, 2017-10-25",04:06:48
386,c0c98b7e-c326-54f4-80bd-191360dfaebd,SystemToggleDarkMode,"[""state""]","Make the interface dark, would you?","{""app"":""system"",""action"":""toggle_dark_mode"",""params"":{""state"":""on""}}","Tuesday, 2018-10-09",07:39:57
387,50706adb-01dd-5750-a8e3-a7cf638a707d,SystemToggleDarkMode,"[""state""]",I need dark mode disabled for a bit.,"{""app"":""system"",""action"":""toggle_dark_mode"",""params"":{""state"":""off""}}","Monday, 2020-04-06",11:41:32
388,c0c98b7e-c326-54f4-80bd-191360dfaebd,SystemToggleDarkMode,"[""state""]",Could you flip dark mode on this evening?,"{""app"":""system"",""action"":""toggle_dark_mode"",""params"":{""state"":""on""}}","Wednesday, 2021-02-24",18:22:28
389,50706adb-01dd-5750-a8e3-a7cf638a707d,SystemToggleDarkMode,"[""state""]","Let's turn dark mode off, thanks.","{""app"":""system"",""action"":""toggle_dark_mode"",""params"":{""state"":""off""}}","Wednesday, 2024-07-17",21:46:38
390,c0c98b7e-c326-54f4-80bd-191360dfaebd,SystemToggleDarkMode,"[""state""]","I’m about to wind down, so please enable dark mode.","{""app"":""system"",""action"":""toggle_dark_mode"",""params"":{""state"":""on""}}","Sunday, 2028-01-23",22:21:46
391,0b40313f-4f9f-5140-a7a1-a04902a2aaa0,SystemSleep,[],put the Mac to sleep now,"{""app"":""system"",""action"":""sleep"",""params"":{}}","Monday, 1990-03-19",20:33:13
392,0b40313f-4f9f-5140-a7a1-a04902a2aaa0,SystemSleep,[],sleep the computer for me,"{""app"":""system"",""action"":""sleep"",""params"":{}}","Thursday, 1997-11-20",09:40:56
393,0b40313f-4f9f-5140-a7a1-a04902a2aaa0,SystemSleep,[],"go to sleep, MacBook","{""app"":""system"",""action"":""sleep"",""params"":{}}","Sunday, 2005-02-13",00:13:59
394,0b40313f-4f9f-5140-a7a1-a04902a2aaa0,SystemSleep,[],lock things down and sleep the Mac,"{""app"":""system"",""action"":""sleep"",""params"":{}}","Wednesday, 2009-03-04",06:00:19
395,0b40313f-4f9f-5140-a7a1-a04902a2aaa0,SystemSleep,[],could you please put this Mac to sleep,"{""app"":""system"",""action"":""sleep"",""params"":{}}","Friday, 2010-09-03",22:32:36
396,0b40313f-4f9f-5140-a7a1-a04902a2aaa0,SystemSleep,[],let the computer sleep now,"{""app"":""system"",""action"":""sleep"",""params"":{}}","Saturday, 2012-06-30",05:02:14
397,0b40313f-4f9f-5140-a7a1-a04902a2aaa0,SystemSleep,[],sleep my Mac right away,"{""app"":""system"",""action"":""sleep"",""params"":{}}","Thursday, 2014-08-14",10:45:43
398,0b40313f-4f9f-5140-a7a1-a04902a2aaa0,SystemSleep,[],time to sleep the laptop,"{""app"":""system"",""action"":""sleep"",""params"":{}}","Sunday, 2017-06-04",02:04:07
399,0b40313f-4f9f-5140-a7a1-a04902a2aaa0,SystemSleep,[],put the machine to sleep for the night,"{""app"":""system"",""action"":""sleep"",""params"":{}}","Thursday, 2019-01-10",00:57:53
400,0b40313f-4f9f-5140-a7a1-a04902a2aaa0,SystemSleep,[],"sleep the desktop, please","{""app"":""system"",""action"":""sleep"",""params"":{}}","Tuesday, 2019-10-29",07:28:02
401,0b40313f-4f9f-5140-a7a1-a04902a2aaa0,SystemSleep,[],"I’m done here, put the Mac to sleep","{""app"":""system"",""action"":""sleep"",""params"":{}}","Thursday, 2022-12-01",20:10:01
402,0b40313f-4f9f-5140-a7a1-a04902a2aaa0,SystemSleep,[],make the computer sleep,"{""app"":""system"",""action"":""sleep"",""params"":{}}","Thursday, 2023-10-26",17:03:08
403,0b40313f-4f9f-5140-a7a1-a04902a2aaa0,SystemSleep,[],please sleep the MacBook Air,"{""app"":""system"",""action"":""sleep"",""params"":{}}","Thursday, 2024-10-31",00:56:02
404,0b40313f-4f9f-5140-a7a1-a04902a2aaa0,SystemSleep,[],go ahead and sleep the iMac,"{""app"":""system"",""action"":""sleep"",""params"":{}}","Thursday, 2026-03-26",01:33:07
405,0b40313f-4f9f-5140-a7a1-a04902a2aaa0,SystemSleep,[],sleep this Mac now,"{""app"":""system"",""action"":""sleep"",""params"":{}}","Thursday, 2030-10-17",00:17:00
406,fe866030-0216-5a12-8471-55ba4625e51f,SystemShutDown,[],shut the Mac down now,"{""app"":""system"",""action"":""shutdown"",""params"":{}}","Saturday, 1990-03-31",07:10:22
407,fe866030-0216-5a12-8471-55ba4625e51f,SystemShutDown,[],power off the computer right away,"{""app"":""system"",""action"":""shutdown"",""params"":{}}","Sunday, 1993-04-04",08:23:50
408,fe866030-0216-5a12-8471-55ba4625e51f,SystemShutDown,[],turn this Mac off now,"{""app"":""system"",""action"":""shutdown"",""params"":{}}","Friday, 2000-02-18",19:43:36
409,fe866030-0216-5a12-8471-55ba4625e51f,SystemShutDown,[],could you shut down the system immediately,"{""app"":""system"",""action"":""shutdown"",""params"":{}}","Friday, 2002-09-13",01:06:06
410,fe866030-0216-5a12-8471-55ba4625e51f,SystemShutDown,[],please power down the Mac now,"{""app"":""system"",""action"":""shutdown"",""params"":{}}","Friday, 2005-05-06",05:29:33
411,fe866030-0216-5a12-8471-55ba4625e51f,SystemShutDown,[],shut everything down as soon as you're ready,"{""app"":""system"",""action"":""shutdown"",""params"":{}}","Sunday, 2010-05-30",02:18:14
412,fe866030-0216-5a12-8471-55ba4625e51f,SystemShutDown,[],go ahead and shut this computer down,"{""app"":""system"",""action"":""shutdown"",""params"":{}}","Sunday, 2015-05-03",18:45:56
413,fe866030-0216-5a12-8471-55ba4625e51f,SystemShutDown,[],power off the machine now please,"{""app"":""system"",""action"":""shutdown"",""params"":{}}","Saturday, 2015-10-17",13:19:12
414,3d8dbec6-19f3-58fc-82c9-7c6eeb1522be,SystemShutDown,[],shut down the Mac this evening,"{""app"":""system"",""action"":""shutdown"",""params"":{}}","Monday, 2020-11-02",15:41:37
415,3d8dbec6-19f3-58fc-82c9-7c6eeb1522be,SystemShutDown,[],turn the computer off tonight,"{""app"":""system"",""action"":""shutdown"",""params"":{}}","Friday, 2022-07-01",23:09:03
416,3d8dbec6-19f3-58fc-82c9-7c6eeb1522be,SystemShutDown,[],please power down the laptop before bed tonight,"{""app"":""system"",""action"":""shutdown"",""params"":{}}","Tuesday, 2023-02-07",16:28:13
417,3d8dbec6-19f3-58fc-82c9-7c6eeb1522be,SystemShutDown,[],shut the system down after dinner,"{""app"":""system"",""action"":""shutdown"",""params"":{}}","Monday, 2025-06-30",07:48:25
418,3d8dbec6-19f3-58fc-82c9-7c6eeb1522be,SystemShutDown,[],kill the power on this Mac later tonight,"{""app"":""system"",""action"":""shutdown"",""params"":{}}","Tuesday, 2027-01-05",04:10:51
419,10a4a0de-c2a5-56a0-a59d-4440153b235f,SystemShutDown,[],schedule a shutdown for tonight,"{""app"":""system"",""action"":""shutdown"",""params"":{}}","Wednesday, 2028-01-12",11:00:06
420,10a4a0de-c2a5-56a0-a59d-4440153b235f,SystemShutDown,[],shut it down after I finish work today,"{""app"":""system"",""action"":""shutdown"",""params"":{}}","Wednesday, 2028-07-05",19:08:31
421,1e56a62e-1aef-5136-afa5-520fe0ef4df9,SystemRestart,[],Please restart the Mac now.,"{""app"":""system"",""action"":""restart"",""params"":{}}","Tuesday, 1992-01-28",13:29:40
422,d29decde-b522-5179-859b-0c3d418afb37,SystemRestart,[],Could you kindly restart the computer tonight?,"{""app"":""system"",""action"":""restart"",""params"":{}}","Thursday, 1993-01-21",23:37:55
423,682f3880-e527-5735-9de9-38a8016b4fe6,SystemRestart,[],Please go ahead and restart this machine in ten minutes.,"{""app"":""system"",""action"":""restart"",""params"":{}}","Saturday, 1999-03-06",11:03:55
424,238e203c-40b8-5183-bc34-6d82058b48ce,SystemRestart,[],Would you kindly restart the system after lunch?,"{""app"":""system"",""action"":""restart"",""params"":{}}","Thursday, 2001-01-18",11:27:19
425,c9ecc61c-aec9-54c7-ada3-b3aaf19fe4df,SystemRestart,[],Please restart my Mac tomorrow morning.,"{""app"":""system"",""action"":""restart"",""params"":{}}","Friday, 2002-01-18",04:25:31
426,de70b1b5-f5a8-5252-bd7b-56df7e50c15b,SystemRestart,[],Kindly restart the computer this evening.,"{""app"":""system"",""action"":""restart"",""params"":{}}","Wednesday, 2005-12-28",21:47:10
427,cc18411d-125a-58c8-81d2-a08ab0cde12f,SystemRestart,[],"Could you restart the machine in half an hour, please?","{""app"":""system"",""action"":""restart"",""params"":{}}","Sunday, 2006-06-25",18:09:02
428,6e70e516-d871-5160-957a-bd8b9884e2ac,SystemRestart,[],Please reboot the Mac before I log back in.,"{""app"":""system"",""action"":""restart"",""params"":{}}","Friday, 2007-05-25",05:47:13
429,1e56a62e-1aef-5136-afa5-520fe0ef4df9,SystemRestart,[],Would you kindly restart everything right away?,"{""app"":""system"",""action"":""restart"",""params"":{}}","Saturday, 2009-01-10",22:34:10
430,32db89cf-0158-5333-8ddb-da23e9d6990e,SystemRestart,[],Please restart the computer next Tuesday.,"{""app"":""system"",""action"":""restart"",""params"":{}}","Thursday, 2009-12-31",20:03:59
431,682f3880-e527-5735-9de9-38a8016b4fe6,SystemRestart,[],Could you please restart the Mac in fifteen minutes?,"{""app"":""system"",""action"":""restart"",""params"":{}}","Thursday, 2010-04-01",09:09:31
432,ad51331e-6b94-598a-bf8b-a8ca28be210f,SystemRestart,[],Kindly restart the system this afternoon.,"{""app"":""system"",""action"":""restart"",""params"":{}}","Saturday, 2011-04-09",11:39:44
433,d29decde-b522-5179-859b-0c3d418afb37,SystemRestart,[],Please reboot the laptop later tonight.,"{""app"":""system"",""action"":""restart"",""params"":{}}","Saturday, 2011-12-03",22:24:55
434,136edf0e-2383-5d39-b8d4-5890da011df5,SystemRestart,[],"Could you restart the Mac tomorrow at noon, please?","{""app"":""system"",""action"":""restart"",""params"":{}}","Friday, 2014-05-02",11:26:16
435,bcfe4e9f-af81-5479-b30f-5814b4d81c36,SystemRestart,[],Please restart the computer in two hours.,"{""app"":""system"",""action"":""restart"",""params"":{}}","Tuesday, 2018-05-08",13:09:56
436,57118f14-3738-534e-9d72-52af0980a7ad,SystemLockScreen,[],"Can you lock the screen for me now, I'm heading out for a bit.","{""app"":""system"",""action"":""lock_screen"",""params"":{}}","Tuesday, 1991-02-05",17:19:42
437,57118f14-3738-534e-9d72-52af0980a7ad,SystemLockScreen,[],"Please lock this Mac right away, I need to step away for a minute.","{""app"":""system"",""action"":""lock_screen"",""params"":{}}","Thursday, 1994-02-17",17:00:28
438,57118f14-3738-534e-9d72-52af0980a7ad,SystemLockScreen,[],Could you go ahead and lock the screen? I'll be back in a sec.,"{""app"":""system"",""action"":""lock_screen"",""params"":{}}","Tuesday, 1995-06-06",00:26:22
439,57118f14-3738-534e-9d72-52af0980a7ad,SystemLockScreen,[],"Actually, lock my screen now so nobody can peek while I'm away.","{""app"":""system"",""action"":""lock_screen"",""params"":{}}","Tuesday, 1997-04-29",19:46:27
440,57118f14-3738-534e-9d72-52af0980a7ad,SystemLockScreen,[],"Let's lock the display, I'm just grabbing coffee.","{""app"":""system"",""action"":""lock_screen"",""params"":{}}","Tuesday, 1998-11-17",19:13:02
441,57118f14-3738-534e-9d72-52af0980a7ad,SystemLockScreen,[],"Hey, can you lock the screen for me before I leave the desk?","{""app"":""system"",""action"":""lock_screen"",""params"":{}}","Saturday, 1999-05-08",18:12:58
442,57118f14-3738-534e-9d72-52af0980a7ad,SystemLockScreen,[],Please lock up the screen; I need to step out for a quick errand.,"{""app"":""system"",""action"":""lock_screen"",""params"":{}}","Friday, 2002-02-01",22:06:32
443,57118f14-3738-534e-9d72-52af0980a7ad,SystemLockScreen,[],Could you lock the Mac now? I'm done for the moment.,"{""app"":""system"",""action"":""lock_screen"",""params"":{}}","Saturday, 2004-01-10",14:41:56
444,57118f14-3738-534e-9d72-52af0980a7ad,SystemLockScreen,[],"Lock the screen, would you? I'm getting pulled away.","{""app"":""system"",""action"":""lock_screen"",""params"":{}}","Monday, 2005-05-30",19:52:24
445,57118f14-3738-534e-9d72-52af0980a7ad,SystemLockScreen,[],"Can you set the machine to lock now, I'm just leaving my chair.","{""app"":""system"",""action"":""lock_screen"",""params"":{}}","Thursday, 2009-03-19",07:19:04
446,57118f14-3738-534e-9d72-52af0980a7ad,SystemLockScreen,[],"Please do a screen lock right now, I need to answer the door.","{""app"":""system"",""action"":""lock_screen"",""params"":{}}","Thursday, 2014-09-18",18:31:44
447,57118f14-3738-534e-9d72-52af0980a7ad,SystemLockScreen,[],Could you please lock the screen for me? I'm stepping away from the desk.,"{""app"":""system"",""action"":""lock_screen"",""params"":{}}","Thursday, 2015-05-21",17:44:24
448,57118f14-3738-534e-9d72-52af0980a7ad,SystemLockScreen,[],"Lock it now, I don't want to leave the laptop open.","{""app"":""system"",""action"":""lock_screen"",""params"":{}}","Wednesday, 2017-03-01",07:16:44
449,57118f14-3738-534e-9d72-52af0980a7ad,SystemLockScreen,[],"Would you lock the screen for me tonight, I'm done here.","{""app"":""system"",""action"":""lock_screen"",""params"":{}}","Tuesday, 2026-06-09",21:51:55
450,57118f14-3738-534e-9d72-52af0980a7ad,SystemLockScreen,[],"Hey, please lock the screen before I head off for the evening.","{""app"":""system"",""action"":""lock_screen"",""params"":{}}","Monday, 2028-07-24",20:59:53
451,b89954e4-3ffe-5b46-9cf7-5b849cf9fcdb,SafariOpen,[],Could you kindly open Safari this morning?,"{""app"":""safari"",""action"":""open"",""params"":{}}","Wednesday, 1993-12-01",07:20:45
452,b89954e4-3ffe-5b46-9cf7-5b849cf9fcdb,SafariOpen,[],"Please safari upen later today, if you don't mind.","{""app"":""safari"",""action"":""open"",""params"":{}}","Saturday, 1996-02-10",02:00:10
453,b89954e4-3ffe-5b46-9cf7-5b849cf9fcdb,SafariOpen,[],Would you kindly open safari in a bit?,"{""app"":""safari"",""action"":""open"",""params"":{}}","Saturday, 2001-01-06",08:18:51
454,b89954e4-3ffe-5b46-9cf7-5b849cf9fcdb,SafariOpen,[],Please bring up Safari after lunch.,"{""app"":""safari"",""action"":""open"",""params"":{}}","Friday, 2001-07-20",06:12:42
455,b89954e4-3ffe-5b46-9cf7-5b849cf9fcdb,SafariOpen,[],Could you kindly launch safari tonight?,"{""app"":""safari"",""action"":""open"",""params"":{}}","Friday, 2002-03-29",15:46:17
456,b89954e4-3ffe-5b46-9cf7-5b849cf9fcdb,SafariOpen,[],"Open Safari for me this evening, please.","{""app"":""safari"",""action"":""open"",""params"":{}}","Wednesday, 2003-10-29",17:11:10
457,b89954e4-3ffe-5b46-9cf7-5b849cf9fcdb,SafariOpen,[],Kindly open safary tomorrow morning.,"{""app"":""safari"",""action"":""open"",""params"":{}}","Thursday, 2005-08-11",01:13:00
458,b89954e4-3ffe-5b46-9cf7-5b849cf9fcdb,SafariOpen,[],Please open Safari in the afternoon.,"{""app"":""safari"",""action"":""open"",""params"":{}}","Thursday, 2008-06-12",14:46:35
459,b89954e4-3ffe-5b46-9cf7-5b849cf9fcdb,SafariOpen,[],Could you kindly start Safari next Monday?,"{""app"":""safari"",""action"":""open"",""params"":{}}","Friday, 2010-07-30",13:38:37
460,b89954e4-3ffe-5b46-9cf7-5b849cf9fcdb,SafariOpen,[],Please safari open in two hours.,"{""app"":""safari"",""action"":""open"",""params"":{}}","Tuesday, 2015-05-12",21:00:46
461,b89954e4-3ffe-5b46-9cf7-5b849cf9fcdb,SafariOpen,[],Would you please open safari later tonight?,"{""app"":""safari"",""action"":""open"",""params"":{}}","Tuesday, 2018-07-17",01:08:12
462,b89954e4-3ffe-5b46-9cf7-5b849cf9fcdb,SafariOpen,[],Kindly bring Safari up tomorrow evening.,"{""app"":""safari"",""action"":""open"",""params"":{}}","Thursday, 2020-03-12",06:30:26
463,b89954e4-3ffe-5b46-9cf7-5b849cf9fcdb,SafariOpen,[],Could you open Safari this Friday afternoon?,"{""app"":""safari"",""action"":""open"",""params"":{}}","Thursday, 2024-08-29",11:56:58
464,b89954e4-3ffe-5b46-9cf7-5b849cf9fcdb,SafariOpen,[],Please kindly open safari right now.,"{""app"":""safari"",""action"":""open"",""params"":{}}","Thursday, 2025-10-23",08:20:33
465,b89954e4-3ffe-5b46-9cf7-5b849cf9fcdb,SafariOpen,[],Would you kindly open Safari next Thursday morning?,"{""app"":""safari"",""action"":""open"",""params"":{}}","Thursday, 2029-06-14",04:11:13
466,f4c47668-abf8-5449-bab5-3971a5ffb4a9,SafariClose,"[""target""]",hey can you close all Safari windows for me,"{""app"":""safari"",""action"":""close"",""params"":{""target"":""all""}}","Sunday, 1991-06-23",18:06:10
467,f4c47668-abf8-5449-bab5-3971a5ffb4a9,SafariClose,"[""target""]",forget about every Safari window and shut it all down,"{""app"":""safari"",""action"":""close"",""params"":{""target"":""all""}}","Wednesday, 1992-06-17",01:26:00
468,f4c47668-abf8-5449-bab5-3971a5ffb4a9,SafariClose,"[""target""]","please close all of Safari, I’m done with it","{""app"":""safari"",""action"":""close"",""params"":{""target"":""all""}}","Saturday, 1998-04-25",11:08:58
469,f4c47668-abf8-5449-bab5-3971a5ffb4a9,SafariClose,"[""target""]",could you just quit out of every Safari window for me,"{""app"":""safari"",""action"":""close"",""params"":{""target"":""all""}}","Tuesday, 2003-06-10",03:31:39
470,f4c47668-abf8-5449-bab5-3971a5ffb4a9,SafariClose,"[""target""]","shut all the Safari tabs and windows, thanks","{""app"":""safari"",""action"":""close"",""params"":{""target"":""all""}}","Wednesday, 2010-12-08",18:34:27
471,f4c47668-abf8-5449-bab5-3971a5ffb4a9,SafariClose,"[""target""]","hey, close Safari completely","{""app"":""safari"",""action"":""close"",""params"":{""target"":""all""}}","Saturday, 2012-05-12",23:55:26
472,f4c47668-abf8-5449-bab5-3971a5ffb4a9,SafariClose,"[""target""]",can you get rid of every Safari window right now,"{""app"":""safari"",""action"":""close"",""params"":{""target"":""all""}}","Saturday, 2012-10-20",15:24:55
473,f4c47668-abf8-5449-bab5-3971a5ffb4a9,SafariClose,"[""target""]","I’m done browsing, close all Safari stuff","{""app"":""safari"",""action"":""close"",""params"":{""target"":""all""}}","Thursday, 2013-01-24",03:58:12
474,f4c47668-abf8-5449-bab5-3971a5ffb4a9,SafariClose,"[""target""]",please close all my Safari windows and tabs,"{""app"":""safari"",""action"":""close"",""params"":{""target"":""all""}}","Thursday, 2013-07-25",05:42:52
475,f4c47668-abf8-5449-bab5-3971a5ffb4a9,SafariClose,"[""target""]",go ahead and close every Safari window I’ve got open,"{""app"":""safari"",""action"":""close"",""params"":{""target"":""all""}}","Sunday, 2017-05-28",03:47:46
476,a04bde04-ed14-5706-a726-832bd5f74023,SafariClose,"[""target""]",hey can you close the current Safari window,"{""app"":""safari"",""action"":""close"",""params"":{""target"":""current""}}","Tuesday, 2019-06-25",20:37:44
477,a04bde04-ed14-5706-a726-832bd5f74023,SafariClose,"[""target""]",shut this Safari window for me,"{""app"":""safari"",""action"":""close"",""params"":{""target"":""current""}}","Saturday, 2021-04-03",09:06:52
478,a04bde04-ed14-5706-a726-832bd5f74023,SafariClose,"[""target""]",could you close the tab I’m on in Safari,"{""app"":""safari"",""action"":""close"",""params"":{""target"":""current""}}","Wednesday, 2025-04-30",09:12:17
479,a04bde04-ed14-5706-a726-832bd5f74023,SafariClose,"[""target""]",please close the one Safari window I’m looking at,"{""app"":""safari"",""action"":""close"",""params"":{""target"":""current""}}","Tuesday, 2026-12-15",18:07:29
480,a04bde04-ed14-5706-a726-832bd5f74023,SafariClose,"[""target""]",just close this Safari page for me,"{""app"":""safari"",""action"":""close"",""params"":{""target"":""current""}}","Tuesday, 2030-04-23",23:38:11
481,f4c47668-abf8-5449-bab5-3971a5ffb4a9,SafariClose,"[""target""]","Could you close all the Safari windows for me, please?","{""app"":""safari"",""action"":""close"",""params"":{""target"":""all""}}","Saturday, 1996-06-29",19:43:58
482,f4c47668-abf8-5449-bab5-3971a5ffb4a9,SafariClose,"[""target""]","Safari's a mess right now — shut everything down, thanks.","{""app"":""safari"",""action"":""close"",""params"":{""target"":""all""}}","Wednesday, 2002-03-20",16:09:48
483,f4c47668-abf8-5449-bab5-3971a5ffb4a9,SafariClose,"[""target""]",Please close all the safari tabs and windows.,"{""app"":""safari"",""action"":""close"",""params"":{""target"":""all""}}","Thursday, 2002-09-26",15:26:16
484,f4c47668-abf8-5449-bab5-3971a5ffb4a9,SafariClose,"[""target""]",Can you just quit out of Safari completely?,"{""app"":""safari"",""action"":""close"",""params"":{""target"":""all""}}","Friday, 2003-08-01",06:36:59
485,f4c47668-abf8-5449-bab5-3971a5ffb4a9,SafariClose,"[""target""]","Alright, close every Safari window I’ve got open.","{""app"":""safari"",""action"":""close"",""params"":{""target"":""all""}}","Tuesday, 2008-07-15",04:45:31
486,f4c47668-abf8-5449-bab5-3971a5ffb4a9,SafariClose,"[""target""]",Would you mind shutting Safari all the way down?,"{""app"":""safari"",""action"":""close"",""params"":{""target"":""all""}}","Tuesday, 2009-12-01",07:17:46
487,f4c47668-abf8-5449-bab5-3971a5ffb4a9,SafariClose,"[""target""]",Please close Safari entirely — I’m done with it.,"{""app"":""safari"",""action"":""close"",""params"":{""target"":""all""}}","Monday, 2010-05-10",14:48:13
488,f4c47668-abf8-5449-bab5-3971a5ffb4a9,SafariClose,"[""target""]",Could you close the whole Safari session for me?,"{""app"":""safari"",""action"":""close"",""params"":{""target"":""all""}}","Tuesday, 2016-05-03",10:09:10
489,f4c47668-abf8-5449-bab5-3971a5ffb4a9,SafariClose,"[""target""]","Yeah, go ahead and close all of Safari.","{""app"":""safari"",""action"":""close"",""params"":{""target"":""all""}}","Thursday, 2022-12-29",21:31:56
490,f4c47668-abf8-5449-bab5-3971a5ffb4a9,SafariClose,"[""target""]",Can we shut down Safari completely now?,"{""app"":""safari"",""action"":""close"",""params"":{""target"":""all""}}","Friday, 2026-06-12",01:51:20
491,f4c47668-abf8-5449-bab5-3971a5ffb4a9,SafariClose,"[""target""]","I need Safari closed all the way, thanks.","{""app"":""safari"",""action"":""close"",""params"":{""target"":""all""}}","Tuesday, 2026-07-21",17:09:46
492,f4c47668-abf8-5449-bab5-3971a5ffb4a9,SafariClose,"[""target""]",Please close all my Safari stuff before I switch apps.,"{""app"":""safari"",""action"":""close"",""params"":{""target"":""all""}}","Tuesday, 2026-11-10",08:09:20
493,a04bde04-ed14-5706-a726-832bd5f74023,SafariClose,"[""target""]",Would you close the current Safari window for me?,"{""app"":""safari"",""action"":""close"",""params"":{""target"":""current""}}","Wednesday, 2027-02-10",17:53:20
494,a04bde04-ed14-5706-a726-832bd5f74023,SafariClose,"[""target""]","Can you just shut this Safari tab, thanks?","{""app"":""safari"",""action"":""close"",""params"":{""target"":""current""}}","Tuesday, 2028-10-03",06:57:35
495,a04bde04-ed14-5706-a726-832bd5f74023,SafariClose,"[""target""]","Close the current page in Safari, please.","{""app"":""safari"",""action"":""close"",""params"":{""target"":""current""}}","Friday, 2030-07-19",13:52:07
496,62286208-829b-5ca7-8123-9d2c1ee1a688,SafariNewTab,"[""url""]",open a new tab for the Apple homepage,"{""app"":""safari"",""action"":""new_tab"",""params"":{""url"":""https://www.apple.com""}}","Thursday, 1992-03-05",02:32:28
497,62286208-829b-5ca7-8123-9d2c1ee1a688,SafariNewTab,"[""url""]",launch a fresh tab and go to the BBC News site,"{""app"":""safari"",""action"":""new_tab"",""params"":{""url"":""https://www.bbc.com/news""}}","Thursday, 1994-06-02",21:35:21
498,62286208-829b-5ca7-8123-9d2c1ee1a688,SafariNewTab,"[""url""]",open a new tab for Wikipedia,"{""app"":""safari"",""action"":""new_tab"",""params"":{""url"":""https://www.wikipedia.org""}}","Thursday, 1994-08-25",23:32:56
499,62286208-829b-5ca7-8123-9d2c1ee1a688,SafariNewTab,"[""url""]",start a new tab on the New York Times homepage,"{""app"":""safari"",""action"":""new_tab"",""params"":{""url"":""https://www.nytimes.com""}}","Sunday, 1995-06-25",07:57:59
500,62286208-829b-5ca7-8123-9d2c1ee1a688,SafariNewTab,"[""url""]",please open a new tab for the GitHub homepage,"{""app"":""safari"",""action"":""new_tab"",""params"":{""url"":""https://github.com""}}","Thursday, 1997-07-03",17:31:51
501,62286208-829b-5ca7-8123-9d2c1ee1a688,SafariNewTab,"[""url""]",open a fresh tab and load the NPR front page,"{""app"":""safari"",""action"":""new_tab"",""params"":{""url"":""https://www.npr.org""}}","Sunday, 2003-11-30",14:39:45
502,62286208-829b-5ca7-8123-9d2c1ee1a688,SafariNewTab,"[""url""]",open a new tab to the Stack Overflow homepage,"{""app"":""safari"",""action"":""new_tab"",""params"":{""url"":""https://stackoverflow.com""}}","Monday, 2006-09-18",12:32:02
503,62286208-829b-5ca7-8123-9d2c1ee1a688,SafariNewTab,"[""url""]",tab up the Reddit homepage in Safari,"{""app"":""safari"",""action"":""new_tab"",""params"":{""url"":""https://www.reddit.com""}}","Tuesday, 2007-04-24",01:49:09
504,62286208-829b-5ca7-8123-9d2c1ee1a688,SafariNewTab,"[""url""]",open a new tab for the local weather forecast page,"{""app"":""safari"",""action"":""new_tab"",""params"":{""url"":""https://weather.com""}}","Tuesday, 2010-08-31",15:44:52
505,62286208-829b-5ca7-8123-9d2c1ee1a688,SafariNewTab,"[""url""]",bring up a new tab on the Spotify web player,"{""app"":""safari"",""action"":""new_tab"",""params"":{""url"":""https://open.spotify.com""}}","Sunday, 2010-10-10",07:59:46
506,62286208-829b-5ca7-8123-9d2c1ee1a688,SafariNewTab,"[""url""]",could you open a new tab for Google Maps,"{""app"":""safari"",""action"":""new_tab"",""params"":{""url"":""https://www.google.com/maps""}}","Monday, 2010-10-25",13:34:37
507,62286208-829b-5ca7-8123-9d2c1ee1a688,SafariNewTab,"[""url""]",open a fresh tab and go to the MacRumors site,"{""app"":""safari"",""action"":""new_tab"",""params"":{""url"":""https://www.macrumors.com""}}","Monday, 2013-03-11",07:59:14
508,33a6dc98-e211-50c0-98a0-d2cf6be0a3d9,SafariNewTab,[],open a new tab for tomorrow's sunrise time,"{""app"":""safari"",""action"":""new_tab"",""params"":{}}","Friday, 2024-11-22",03:49:35
509,63edd7a3-1259-5d43-bbfc-20260fd68bb4,SafariNewTab,[],start a tab for this Saturday's farmers market schedule,"{""app"":""safari"",""action"":""new_tab"",""params"":{}}","Saturday, 2025-04-12",11:13:46
510,68edf8fe-2f4b-5044-8412-5708fb9d4168,SafariNewTab,[],open a new tab to check next Tuesday's flight status,"{""app"":""safari"",""action"":""new_tab"",""params"":{}}","Tuesday, 2025-08-26",16:01:57
511,639cda64-7fe5-591c-ac68-a938a3836c84,SafariNewTab,"[""url""]",Please open a new Safari tab for the Macintosh System 8 release notes.,"{""app"":""safari"",""action"":""new_tab"",""params"":{""url"":""https://support.apple.com/kb/HT201260""}}","Thursday, 1999-08-26",03:49:23
512,639cda64-7fe5-591c-ac68-a938a3836c84,SafariNewTab,"[""url""]",Could you kindly bring up a fresh tab for the G4 Cube product page?,"{""app"":""safari"",""action"":""new_tab"",""params"":{""url"":""https://support.apple.com/kb/SP51""}}","Friday, 1999-12-17",22:18:30
513,639cda64-7fe5-591c-ac68-a938a3836c84,SafariNewTab,"[""url""]",Please open another tab for the Mac OS X Public Beta announcement.,"{""app"":""safari"",""action"":""new_tab"",""params"":{""url"":""https://www.apple.com/newsroom/2000/03/13Apple-Introduces-Mac-OS-X-Public-Beta/""}}","Tuesday, 2000-03-14",05:40:25
514,639cda64-7fe5-591c-ac68-a938a3836c84,SafariNewTab,"[""url""]",Could you kindly open a new Safari tab for the iMac DV special edition page?,"{""app"":""safari"",""action"":""new_tab"",""params"":{""url"":""https://support.apple.com/kb/SP33""}}","Saturday, 2000-05-20",13:26:50
515,639cda64-7fe5-591c-ac68-a938a3836c84,SafariNewTab,"[""url""]",Please open a tab for the MobileMe launch announcement.,"{""app"":""safari"",""action"":""new_tab"",""params"":{""url"":""https://www.apple.com/newsroom/2009/07/09MobileMe-Available-Today/""}}","Saturday, 2009-07-11",12:16:36
516,639cda64-7fe5-591c-ac68-a938a3836c84,SafariNewTab,"[""url""]",Could you kindly open a fresh tab for the Yosemite overview page.,"{""app"":""safari"",""action"":""new_tab"",""params"":{""url"":""https://www.apple.com/osx/yosemite/""}}","Thursday, 2015-06-25",08:53:14
517,639cda64-7fe5-591c-ac68-a938a3836c84,SafariNewTab,"[""url""]",Please bring up a new tab for the El Capitan preview details.,"{""app"":""safari"",""action"":""new_tab"",""params"":{""url"":""https://www.apple.com/osx/el-capitan/""}}","Monday, 2015-08-10",22:24:57
518,639cda64-7fe5-591c-ac68-a938a3836c84,SafariNewTab,"[""url""]",Could you kindly open Safari to a new tab for the macOS Sierra announcement?,"{""app"":""safari"",""action"":""new_tab"",""params"":{""url"":""https://www.apple.com/newsroom/2016/06/apple-previews-macos-sierra-bringing-siri-to-mac/""}}","Wednesday, 2016-12-21",04:26:24
519,639cda64-7fe5-591c-ac68-a938a3836c84,SafariNewTab,"[""url""]",Please open a new tab for the High Sierra update page.,"{""app"":""safari"",""action"":""new_tab"",""params"":{""url"":""https://www.apple.com/macos/high-sierra/""}}","Thursday, 2017-05-18",05:11:29
520,639cda64-7fe5-591c-ac68-a938a3836c84,SafariNewTab,"[""url""]",Could you kindly start a fresh Safari tab for the macOS Catalina preview?,"{""app"":""safari"",""action"":""new_tab"",""params"":{""url"":""https://www.apple.com/macos/catalina-preview/""}}","Sunday, 2019-07-14",03:17:36
521,639cda64-7fe5-591c-ac68-a938a3836c84,SafariNewTab,"[""url""]",Please open another tab for the Big Sur unveiling article.,"{""app"":""safari"",""action"":""new_tab"",""params"":{""url"":""https://www.apple.com/newsroom/2020/06/apple-previews-macos-big-sur/""}}","Monday, 2020-03-09",23:01:38
522,639cda64-7fe5-591c-ac68-a938a3836c84,SafariNewTab,"[""url""]",Could you kindly open a new tab for the macOS Monterey page?,"{""app"":""safari"",""action"":""new_tab"",""params"":{""url"":""https://www.apple.com/macos/monterey/""}}","Sunday, 2020-06-14",20:23:10
523,639cda64-7fe5-591c-ac68-a938a3836c84,SafariNewTab,"[""url""]",Please bring up a fresh tab for the Ventura preview site.,"{""app"":""safari"",""action"":""new_tab"",""params"":{""url"":""https://www.apple.com/macos/ventura/""}}","Wednesday, 2021-11-17",21:11:57
524,639cda64-7fe5-591c-ac68-a938a3836c84,SafariNewTab,"[""url""]",Could you kindly open a new Safari tab for the Sonoma features page?,"{""app"":""safari"",""action"":""new_tab"",""params"":{""url"":""https://www.apple.com/macos/sonoma/""}}","Friday, 2028-08-25",23:09:37
525,639cda64-7fe5-591c-ac68-a938a3836c84,SafariNewTab,"[""url""]",Please open a tab for the macOS Sequoia announcement page.,"{""app"":""safari"",""action"":""new_tab"",""params"":{""url"":""https://www.apple.com/macos/sequoia/""}}","Tuesday, 2030-04-02",18:45:21
526,23ca3c19-61ca-5f28-8f59-4d696df6b10a,SafariCloseTab,"[""target""]",Please close the current Safari tab for me now.,"{""app"":""safari"",""action"":""close_tab"",""params"":{""target"":""current""}}","Thursday, 1991-06-20",15:49:46
527,23ca3c19-61ca-5f28-8f59-4d696df6b10a,SafariCloseTab,"[""target""]",Could you kindly close this tab right now?,"{""app"":""safari"",""action"":""close_tab"",""params"":{""target"":""current""}}","Tuesday, 1992-08-25",07:07:59
528,23ca3c19-61ca-5f28-8f59-4d696df6b10a,SafariCloseTab,"[""target""]",Please shut the current Safari tab for me before tonight.,"{""app"":""safari"",""action"":""close_tab"",""params"":{""target"":""current""}}","Thursday, 1992-10-08",21:29:21
529,23ca3c19-61ca-5f28-8f59-4d696df6b10a,SafariCloseTab,"[""target""]",Would you kindly close this tab for me this morning?,"{""app"":""safari"",""action"":""close_tab"",""params"":{""target"":""current""}}","Thursday, 1993-11-04",02:44:31
530,23ca3c19-61ca-5f28-8f59-4d696df6b10a,SafariCloseTab,"[""target""]",Please close the tab I'm looking at now.,"{""app"":""safari"",""action"":""close_tab"",""params"":{""target"":""current""}}","Wednesday, 1995-03-01",14:42:53
531,23ca3c19-61ca-5f28-8f59-4d696df6b10a,SafariCloseTab,"[""target""]",Kindly close the active Safari tab for me.,"{""app"":""safari"",""action"":""close_tab"",""params"":{""target"":""current""}}","Friday, 1996-07-12",11:48:50
532,a0b21629-8efd-57bd-9920-acb2a374941d,SafariCloseTab,"[""target""]",Please close every Safari tab I have open.,"{""app"":""safari"",""action"":""close_tab"",""params"":{""target"":""all""}}","Wednesday, 2004-11-24",18:59:39
533,a0b21629-8efd-57bd-9920-acb2a374941d,SafariCloseTab,"[""target""]",Could you kindly close all tabs in Safari this afternoon?,"{""app"":""safari"",""action"":""close_tab"",""params"":{""target"":""all""}}","Wednesday, 2012-05-09",08:39:13
534,a0b21629-8efd-57bd-9920-acb2a374941d,SafariCloseTab,"[""target""]",Please clear out all Safari tabs before tomorrow.,"{""app"":""safari"",""action"":""close_tab"",""params"":{""target"":""all""}}","Sunday, 2012-08-26",10:03:42
535,a0b21629-8efd-57bd-9920-acb2a374941d,SafariCloseTab,"[""target""]",Kindly close all the open tabs in Safari tonight.,"{""app"":""safari"",""action"":""close_tab"",""params"":{""target"":""all""}}","Friday, 2016-09-16",13:35:28
536,a0b21629-8efd-57bd-9920-acb2a374941d,SafariCloseTab,"[""target""]",Could you please close every tab in Safari for me now?,"{""app"":""safari"",""action"":""close_tab"",""params"":{""target"":""all""}}","Tuesday, 2017-02-07",09:37:01
537,a0b21629-8efd-57bd-9920-acb2a374941d,SafariCloseTab,"[""target""]",Please close all Safari tabs before I head out this evening.,"{""app"":""safari"",""action"":""close_tab"",""params"":{""target"":""all""}}","Wednesday, 2022-09-21",15:28:43
538,7a440d97-1f59-5f1c-8a2c-58fd08117c06,SafariCloseTab,"[""target""]",Please close the current tab for me after lunch.,"{""app"":""safari"",""action"":""close_tab"",""params"":{""target"":""current""}}","Thursday, 2024-08-01",13:57:19
539,1d445261-1e2e-57d6-b088-2fd7fef9c550,SafariCloseTab,"[""target""]",Could you kindly close this tab later today?,"{""app"":""safari"",""action"":""close_tab"",""params"":{""target"":""current""}}","Friday, 2025-10-17",00:29:39
540,5abefa9b-98b0-5b63-ac19-a3742b49eaa2,SafariCloseTab,"[""target""]",Please close all Safari tabs once I finish dinner tonight.,"{""app"":""safari"",""action"":""close_tab"",""params"":{""target"":""all""}}","Friday, 2026-01-16",23:54:53
541,f708399e-29b7-5aa6-8588-7902bacb8c52,SafariCloseTab,"[""target""]","hey, close the current Safari tab for me","{""app"":""safari"",""action"":""close_tab"",""params"":{""target"":""current""}}","Wednesday, 1992-07-22",05:20:44
542,f708399e-29b7-5aa6-8588-7902bacb8c52,SafariCloseTab,"[""target""]",can you shut this Safari tab and move on,"{""app"":""safari"",""action"":""close_tab"",""params"":{""target"":""current""}}","Saturday, 1993-07-17",23:00:07
543,f708399e-29b7-5aa6-8588-7902bacb8c52,SafariCloseTab,"[""target""]",please get rid of the current tab in Safari,"{""app"":""safari"",""action"":""close_tab"",""params"":{""target"":""current""}}","Friday, 1993-10-08",11:24:09
544,f708399e-29b7-5aa6-8588-7902bacb8c52,SafariCloseTab,"[""target""]",forget this tab and close it out in Safari,"{""app"":""safari"",""action"":""close_tab"",""params"":{""target"":""current""}}","Saturday, 1997-07-19",15:08:17
545,f708399e-29b7-5aa6-8588-7902bacb8c52,SafariCloseTab,"[""target""]",could you close the tab I’m on right now,"{""app"":""safari"",""action"":""close_tab"",""params"":{""target"":""current""}}","Saturday, 1999-01-02",11:00:49
546,f708399e-29b7-5aa6-8588-7902bacb8c52,SafariCloseTab,"[""target""]","wrap up this Safari tab for me, thanks","{""app"":""safari"",""action"":""close_tab"",""params"":{""target"":""current""}}","Sunday, 2000-01-30",17:12:55
547,a0b21629-8efd-57bd-9920-acb2a374941d,SafariCloseTab,"[""target""]","hey, close all Safari tabs please","{""app"":""safari"",""action"":""close_tab"",""params"":{""target"":""all""}}","Thursday, 2005-01-13",16:20:02
548,a0b21629-8efd-57bd-9920-acb2a374941d,SafariCloseTab,"[""target""]",just clear out every tab in Safari,"{""app"":""safari"",""action"":""close_tab"",""params"":{""target"":""all""}}","Thursday, 2005-12-01",19:48:06
549,a0b21629-8efd-57bd-9920-acb2a374941d,SafariCloseTab,"[""target""]",go ahead and close every open Safari tab,"{""app"":""safari"",""action"":""close_tab"",""params"":{""target"":""all""}}","Thursday, 2008-10-30",12:21:15
550,a0b21629-8efd-57bd-9920-acb2a374941d,SafariCloseTab,"[""target""]",can you shut down all the tabs in Safari,"{""app"":""safari"",""action"":""close_tab"",""params"":{""target"":""all""}}","Monday, 2009-12-21",10:25:05
551,a0b21629-8efd-57bd-9920-acb2a374941d,SafariCloseTab,"[""target""]",please close all the Safari tabs and start fresh,"{""app"":""safari"",""action"":""close_tab"",""params"":{""target"":""all""}}","Saturday, 2010-07-31",16:42:09
552,a0b21629-8efd-57bd-9920-acb2a374941d,SafariCloseTab,"[""target""]","I want every tab in Safari gone, thanks","{""app"":""safari"",""action"":""close_tab"",""params"":{""target"":""all""}}","Thursday, 2014-08-28",12:40:54
553,f708399e-29b7-5aa6-8588-7902bacb8c52,SafariCloseTab,"[""target""]","hey, close the current Safari tab before I lose it","{""app"":""safari"",""action"":""close_tab"",""params"":{""target"":""current""}}","Wednesday, 2016-03-23",04:14:42
554,a0b21629-8efd-57bd-9920-acb2a374941d,SafariCloseTab,"[""target""]",could you close all Safari tabs once I’m done here,"{""app"":""safari"",""action"":""close_tab"",""params"":{""target"":""all""}}","Wednesday, 2018-10-17",21:16:12
555,f708399e-29b7-5aa6-8588-7902bacb8c52,SafariCloseTab,"[""target""]","yeah, close this Safari tab and clean it up","{""app"":""safari"",""action"":""close_tab"",""params"":{""target"":""current""}}","Tuesday, 2030-07-16",14:55:37
556,9805ebb9-256d-5713-bdae-b7dc9a1b0d9a,SafariGetActiveTabURL,[],what's the current Safari tab URL,"{""app"":""safari"",""action"":""get_active_tab_url"",""params"":{}}","Thursday, 1990-06-28",20:30:06
557,9805ebb9-256d-5713-bdae-b7dc9a1b0d9a,SafariGetActiveTabURL,[],get the address of the open Safari tab,"{""app"":""safari"",""action"":""get_active_tab_url"",""params"":{}}","Thursday, 1990-08-23",05:52:12
558,9805ebb9-256d-5713-bdae-b7dc9a1b0d9a,SafariGetActiveTabURL,[],show me the URL for this Safari page,"{""app"":""safari"",""action"":""get_active_tab_url"",""params"":{}}","Wednesday, 1997-10-15",01:07:45
559,9805ebb9-256d-5713-bdae-b7dc9a1b0d9a,SafariGetActiveTabURL,[],copy the active tab link in Safari,"{""app"":""safari"",""action"":""get_active_tab_url"",""params"":{}}","Sunday, 1998-08-02",22:44:57
560,9805ebb9-256d-5713-bdae-b7dc9a1b0d9a,SafariGetActiveTabURL,[],tell me the web address of the front Safari tab,"{""app"":""safari"",""action"":""get_active_tab_url"",""params"":{}}","Sunday, 1998-11-15",02:36:42
561,9805ebb9-256d-5713-bdae-b7dc9a1b0d9a,SafariGetActiveTabURL,[],what page is Safari on right now,"{""app"":""safari"",""action"":""get_active_tab_url"",""params"":{}}","Friday, 2002-08-09",09:48:29
562,9805ebb9-256d-5713-bdae-b7dc9a1b0d9a,SafariGetActiveTabURL,[],grab the URL from the active Safari window,"{""app"":""safari"",""action"":""get_active_tab_url"",""params"":{}}","Thursday, 2002-12-26",20:44:13
563,9805ebb9-256d-5713-bdae-b7dc9a1b0d9a,SafariGetActiveTabURL,[],read out the current Safari link,"{""app"":""safari"",""action"":""get_active_tab_url"",""params"":{}}","Tuesday, 2005-06-21",12:06:53
564,9805ebb9-256d-5713-bdae-b7dc9a1b0d9a,SafariGetActiveTabURL,[],fetch the open tab URL in Safari,"{""app"":""safari"",""action"":""get_active_tab_url"",""params"":{}}","Tuesday, 2008-01-08",03:54:55
565,9805ebb9-256d-5713-bdae-b7dc9a1b0d9a,SafariGetActiveTabURL,[],what's the website address in the active Safari tab,"{""app"":""safari"",""action"":""get_active_tab_url"",""params"":{}}","Thursday, 2011-05-19",02:12:26
566,9805ebb9-256d-5713-bdae-b7dc9a1b0d9a,SafariGetActiveTabURL,[],give me the URL of the current page in Safari,"{""app"":""safari"",""action"":""get_active_tab_url"",""params"":{}}","Tuesday, 2011-10-11",00:42:57
567,9805ebb9-256d-5713-bdae-b7dc9a1b0d9a,SafariGetActiveTabURL,[],check the active Safari tab address,"{""app"":""safari"",""action"":""get_active_tab_url"",""params"":{}}","Sunday, 2013-05-26",16:30:56
568,9805ebb9-256d-5713-bdae-b7dc9a1b0d9a,SafariGetActiveTabURL,[],what link is open in Safari,"{""app"":""safari"",""action"":""get_active_tab_url"",""params"":{}}","Thursday, 2017-03-23",05:40:51
569,9805ebb9-256d-5713-bdae-b7dc9a1b0d9a,SafariGetActiveTabURL,[],show the active Safari tab's web address,"{""app"":""safari"",""action"":""get_active_tab_url"",""params"":{}}","Wednesday, 2019-02-20",01:16:49
570,9805ebb9-256d-5713-bdae-b7dc9a1b0d9a,SafariGetActiveTabURL,[],get the URL from Safari now,"{""app"":""safari"",""action"":""get_active_tab_url"",""params"":{}}","Tuesday, 2023-01-10",15:13:46
571,fd785ed3-c71c-5085-a8bc-1a7f98e31fe6,SafariGetActiveTabTitle,[],"Could you kindly check Safari's active tab title this evening, like right now, please?","{""app"":""safari"",""action"":""get_active_tab_title"",""params"":{}}","Monday, 1990-08-06",18:15:16
572,fd785ed3-c71c-5085-a8bc-1a7f98e31fe6,SafariGetActiveTabTitle,[],"Please tell me the title of the page Safari has open by this afternoon, if you can.","{""app"":""safari"",""action"":""get_active_tab_title"",""params"":{}}","Thursday, 1994-07-28",16:54:26
573,fd785ed3-c71c-5085-a8bc-1a7f98e31fe6,SafariGetActiveTabTitle,[],Could you please read out the active tab title in safari for me before I head out today?,"{""app"":""safari"",""action"":""get_active_tab_title"",""params"":{}}","Tuesday, 1997-04-29",16:32:24
574,fd785ed3-c71c-5085-a8bc-1a7f98e31fe6,SafariGetActiveTabTitle,[],"Kindly check what tab is active in Safari tonight, just the page title please.","{""app"":""safari"",""action"":""get_active_tab_title"",""params"":{}}","Saturday, 2001-07-21",05:47:29
575,fd785ed3-c71c-5085-a8bc-1a7f98e31fe6,SafariGetActiveTabTitle,[],Would you please get the title from the current safari tab this evening?,"{""app"":""safari"",""action"":""get_active_tab_title"",""params"":{}}","Wednesday, 2004-06-09",18:47:02
576,fd785ed3-c71c-5085-a8bc-1a7f98e31fe6,SafariGetActiveTabTitle,[],"Please see what the open tab title is in Safari after midnight, thanks.","{""app"":""safari"",""action"":""get_active_tab_title"",""params"":{}}","Monday, 2008-01-14",02:07:45
577,fd785ed3-c71c-5085-a8bc-1a7f98e31fe6,SafariGetActiveTabTitle,[],Could you kindly verify the active tab's title in safari tonight for me?,"{""app"":""safari"",""action"":""get_active_tab_title"",""params"":{}}","Monday, 2010-02-01",22:26:30
578,fd785ed3-c71c-5085-a8bc-1a7f98e31fe6,SafariGetActiveTabTitle,[],"Safari upen please, and tell me the title of the tab that's active right now.","{""app"":""safari"",""action"":""get_active_tab_title"",""params"":{}}","Monday, 2010-06-14",08:42:11
579,fd785ed3-c71c-5085-a8bc-1a7f98e31fe6,SafariGetActiveTabTitle,[],"Can you kindly check the safari tab title this evening, just the active one?","{""app"":""safari"",""action"":""get_active_tab_title"",""params"":{}}","Friday, 2013-02-08",20:14:26
580,fd785ed3-c71c-5085-a8bc-1a7f98e31fe6,SafariGetActiveTabTitle,[],Please look up the title of the current tab in Safari in a few minutes from now.,"{""app"":""safari"",""action"":""get_active_tab_title"",""params"":{}}","Thursday, 2016-05-12",01:19:53
581,fd785ed3-c71c-5085-a8bc-1a7f98e31fe6,SafariGetActiveTabTitle,[],Would you be so kind as to check what Safari is showing on the active tab tonight?,"{""app"":""safari"",""action"":""get_active_tab_title"",""params"":{}}","Saturday, 2018-10-27",01:18:45
582,fd785ed3-c71c-5085-a8bc-1a7f98e31fe6,SafariGetActiveTabTitle,[],"Could you please tell me the active tab title in safari this evening, no rush?","{""app"":""safari"",""action"":""get_active_tab_title"",""params"":{}}","Thursday, 2020-12-10",18:28:10
583,fd785ed3-c71c-5085-a8bc-1a7f98e31fe6,SafariGetActiveTabTitle,[],"Please check the title of the page that's open in Safari later today, thanks kindly.","{""app"":""safari"",""action"":""get_active_tab_title"",""params"":{}}","Friday, 2023-09-29",18:37:25
584,fd785ed3-c71c-5085-a8bc-1a7f98e31fe6,SafariGetActiveTabTitle,[],"Could you kindly confirm the current Safari tab title right now, please?","{""app"":""safari"",""action"":""get_active_tab_title"",""params"":{}}","Friday, 2025-02-21",00:10:52
585,fd785ed3-c71c-5085-a8bc-1a7f98e31fe6,SafariGetActiveTabTitle,[],"Please tell me what the active tab in safari is called tonight, if possible.","{""app"":""safari"",""action"":""get_active_tab_title"",""params"":{}}","Sunday, 2030-02-03",23:40:30
586,f6f4c9be-7b88-5cba-9bde-906d5bcb7808,SafariNavigateTab,"[""direction""]",Please go back in Safari to the previous page I was viewing just now.,"{""app"":""safari"",""action"":""navigate_tab"",""params"":{""direction"":""back""}}","Wednesday, 1995-01-18",01:18:38
587,f6f4c9be-7b88-5cba-9bde-906d5bcb7808,SafariNavigateTab,"[""direction""]","Could you kindly take me back one page in Safarree, please?","{""app"":""safari"",""action"":""navigate_tab"",""params"":{""direction"":""back""}}","Monday, 1996-02-12",22:11:48
588,f6f4c9be-7b88-5cba-9bde-906d5bcb7808,SafariNavigateTab,"[""direction""]",I would appreciate it if you could move Safari back to the prior tab history entry.,"{""app"":""safari"",""action"":""navigate_tab"",""params"":{""direction"":""back""}}","Tuesday, 2000-08-15",17:29:42
589,f6f4c9be-7b88-5cba-9bde-906d5bcb7808,SafariNavigateTab,"[""direction""]",Please send Safari back to the page before this one.,"{""app"":""safari"",""action"":""navigate_tab"",""params"":{""direction"":""back""}}","Wednesday, 2002-11-27",22:09:00
590,f6f4c9be-7b88-5cba-9bde-906d5bcb7808,SafariNavigateTab,"[""direction""]","Could you please return to the last page in Safari, thanks.","{""app"":""safari"",""action"":""navigate_tab"",""params"":{""direction"":""back""}}","Sunday, 2006-03-19",11:31:36
591,f6f4c9be-7b88-5cba-9bde-906d5bcb7808,SafariNavigateTab,"[""direction""]","Go back in the browser, please; I need the earlier page again.","{""app"":""safari"",""action"":""navigate_tab"",""params"":{""direction"":""back""}}","Friday, 2009-08-14",11:39:15
592,f6f4c9be-7b88-5cba-9bde-906d5bcb7808,SafariNavigateTab,"[""direction""]",Would you kindly move back to the previous website in Safari?,"{""app"":""safari"",""action"":""navigate_tab"",""params"":{""direction"":""back""}}","Monday, 2010-10-18",06:29:20
593,f6f4c9be-7b88-5cba-9bde-906d5bcb7808,SafariNavigateTab,"[""direction""]",Please navigate Safari backward to the page I had open before this one.,"{""app"":""safari"",""action"":""navigate_tab"",""params"":{""direction"":""back""}}","Monday, 2011-05-23",06:29:01
594,f6f4c9be-7b88-5cba-9bde-906d5bcb7808,SafariNavigateTab,"[""direction""]","Just go back one step in Safary, if you please.","{""app"":""safari"",""action"":""navigate_tab"",""params"":{""direction"":""back""}}","Sunday, 2013-07-28",20:03:59
595,f6f4c9be-7b88-5cba-9bde-906d5bcb7808,SafariNavigateTab,"[""direction""]",Please move the tab back to the earlier page I visited.,"{""app"":""safari"",""action"":""navigate_tab"",""params"":{""direction"":""back""}}","Thursday, 2016-07-14",18:42:27
596,3b59ce71-7350-5bea-86ac-456463bc64a0,SafariNavigateTab,"[""direction""]",Could you please go forward in Safari to the next page?,"{""app"":""safari"",""action"":""navigate_tab"",""params"":{""direction"":""forward""}}","Tuesday, 2017-05-30",15:36:40
597,3b59ce71-7350-5bea-86ac-456463bc64a0,SafariNavigateTab,"[""direction""]",I would appreciate it if you could take Safari ahead one page.,"{""app"":""safari"",""action"":""navigate_tab"",""params"":{""direction"":""forward""}}","Friday, 2020-12-25",00:10:53
598,3b59ce71-7350-5bea-86ac-456463bc64a0,SafariNavigateTab,"[""direction""]","Please return Safari to the next page in the history, if available.","{""app"":""safari"",""action"":""navigate_tab"",""params"":{""direction"":""forward""}}","Friday, 2021-05-14",00:13:25
599,3b59ce71-7350-5bea-86ac-456463bc64a0,SafariNavigateTab,"[""direction""]",Kindly move forward in the browser to the page after this one.,"{""app"":""safari"",""action"":""navigate_tab"",""params"":{""direction"":""forward""}}","Tuesday, 2024-03-19",02:57:26
600,3b59ce71-7350-5bea-86ac-456463bc64a0,SafariNavigateTab,"[""direction""]","Please go ahead to the following page in Safari, thanks very much.","{""app"":""safari"",""action"":""navigate_tab"",""params"":{""direction"":""forward""}}","Friday, 2029-12-21",05:28:42
601,be7ab351-345b-5ea7-ab63-a7d170e51a72,SafariNavigateTab,"[""direction""]",Please go back a page in Safari; I think I just lost the article on rose pruning from earlier this morning.,"{""app"":""safari"",""action"":""navigate_tab"",""params"":{""direction"":""back""}}","Thursday, 1990-12-27",11:08:48
602,be7ab351-345b-5ea7-ab63-a7d170e51a72,SafariNavigateTab,"[""direction""]",Could you take Safari back one step? I was reading that paper on the Saturn rings and would like to revisit it.,"{""app"":""safari"",""action"":""navigate_tab"",""params"":{""direction"":""back""}}","Tuesday, 1991-05-07",07:02:42
603,be7ab351-345b-5ea7-ab63-a7d170e51a72,SafariNavigateTab,"[""direction""]",I would appreciate it if you could go back in Safari to the page I had open about the old jazz recordings.,"{""app"":""safari"",""action"":""navigate_tab"",""params"":{""direction"":""back""}}","Wednesday, 1992-09-30",07:31:49
604,be7ab351-345b-5ea7-ab63-a7d170e51a72,SafariNavigateTab,"[""direction""]","Safari open, please go back; I need the page about repairing the kitchen sink from a moment ago.","{""app"":""safari"",""action"":""navigate_tab"",""params"":{""direction"":""back""}}","Thursday, 1994-09-29",05:05:42
605,be7ab351-345b-5ea7-ab63-a7d170e51a72,SafariNavigateTab,"[""direction""]",Would you kindly navigate Safari back to the previous page? I was just looking at the hiking permit details.,"{""app"":""safari"",""action"":""navigate_tab"",""params"":{""direction"":""back""}}","Friday, 1996-09-06",09:49:07
606,0a6220eb-a049-5f13-b5bf-68f58cef7649,SafariNavigateTab,"[""direction""]",Please move Safari forward one page; I already checked the first forecast and want the next one now.,"{""app"":""safari"",""action"":""navigate_tab"",""params"":{""direction"":""forward""}}","Monday, 2002-10-21",17:06:02
607,0a6220eb-a049-5f13-b5bf-68f58cef7649,SafariNavigateTab,"[""direction""]",Could you go forward in Safari? I am trying to continue from the current tab to the next chess puzzle.,"{""app"":""safari"",""action"":""navigate_tab"",""params"":{""direction"":""forward""}}","Tuesday, 2006-09-26",22:05:51
608,0a6220eb-a049-5f13-b5bf-68f58cef7649,SafariNavigateTab,"[""direction""]","I would appreciate it if you could take Safari forward, because I need the following page about the museum exhibit.","{""app"":""safari"",""action"":""navigate_tab"",""params"":{""direction"":""forward""}}","Saturday, 2012-03-31",12:02:44
609,0a6220eb-a049-5f13-b5bf-68f58cef7649,SafariNavigateTab,"[""direction""]",Please press forward in Safari; the next tab should show the recipe for lentil soup.,"{""app"":""safari"",""action"":""navigate_tab"",""params"":{""direction"":""forward""}}","Monday, 2013-04-01",10:26:53
610,be7ab351-345b-5ea7-ab63-a7d170e51a72,SafariNavigateTab,"[""direction""]",Could you go back in Safari to the page about my tax forms? I need to review the earlier section again.,"{""app"":""safari"",""action"":""navigate_tab"",""params"":{""direction"":""back""}}","Tuesday, 2014-09-09",01:51:38
611,0a6220eb-a049-5f13-b5bf-68f58cef7649,SafariNavigateTab,"[""direction""]","Safari, please move forward; I was reading the chapter on marine mammals and want the next page.","{""app"":""safari"",""action"":""navigate_tab"",""params"":{""direction"":""forward""}}","Thursday, 2015-08-13",04:06:57
612,be7ab351-345b-5ea7-ab63-a7d170e51a72,SafariNavigateTab,"[""direction""]",Would you kindly go back in Safari to the previous result? I was checking the violin lesson schedule.,"{""app"":""safari"",""action"":""navigate_tab"",""params"":{""direction"":""back""}}","Tuesday, 2017-11-28",01:50:55
613,0a6220eb-a049-5f13-b5bf-68f58cef7649,SafariNavigateTab,"[""direction""]",Please take Safari forward one page; I need to continue with the budget slides I was reviewing just now.,"{""app"":""safari"",""action"":""navigate_tab"",""params"":{""direction"":""forward""}}","Monday, 2021-03-29",14:55:57
614,be7ab351-345b-5ea7-ab63-a7d170e51a72,SafariNavigateTab,"[""direction""]",Could you go back a tab in Safari? I meant to revisit the page about the pottery class and not this one.,"{""app"":""safari"",""action"":""navigate_tab"",""params"":{""direction"":""back""}}","Tuesday, 2029-06-05",11:33:53
615,0a6220eb-a049-5f13-b5bf-68f58cef7649,SafariNavigateTab,"[""direction""]",I would appreciate it if you could move Safari forward now; I am trying to reach the next page on the astronomy guide.,"{""app"":""safari"",""action"":""navigate_tab"",""params"":{""direction"":""forward""}}","Wednesday, 2029-10-03",00:18:24
616,8d863dad-9d7e-5875-a38f-27a1e1011af4,SafariRefreshPage,[],"hey, can you refresh the page for me?","{""app"":""safari"",""action"":""refresh"",""params"":{}}","Monday, 1990-01-15",03:10:47
617,8d863dad-9d7e-5875-a38f-27a1e1011af4,SafariRefreshPage,[],"do a quick reload of this tab, please.","{""app"":""safari"",""action"":""refresh"",""params"":{}}","Sunday, 1990-02-18",11:58:43
618,8d863dad-9d7e-5875-a38f-27a1e1011af4,SafariRefreshPage,[],could you just refresh Safari for me?,"{""app"":""safari"",""action"":""refresh"",""params"":{}}","Monday, 1990-09-03",11:48:23
619,8d863dad-9d7e-5875-a38f-27a1e1011af4,SafariRefreshPage,[],"hit refresh on this website, thanks.","{""app"":""safari"",""action"":""refresh"",""params"":{}}","Saturday, 1991-08-03",05:54:48
620,8d863dad-9d7e-5875-a38f-27a1e1011af4,SafariRefreshPage,[],"yeah, just reload the current page.","{""app"":""safari"",""action"":""refresh"",""params"":{}}","Tuesday, 1992-10-06",02:19:39
621,8d863dad-9d7e-5875-a38f-27a1e1011af4,SafariRefreshPage,[],please refresh this Safari window real quick.,"{""app"":""safari"",""action"":""refresh"",""params"":{}}","Wednesday, 1995-10-25",18:48:24
622,8d863dad-9d7e-5875-a38f-27a1e1011af4,SafariRefreshPage,[],give this page a refresh for me.,"{""app"":""safari"",""action"":""refresh"",""params"":{}}","Saturday, 1998-10-31",07:16:58
623,8d863dad-9d7e-5875-a38f-27a1e1011af4,SafariRefreshPage,[],could you reload the browser page?,"{""app"":""safari"",""action"":""refresh"",""params"":{}}","Tuesday, 1999-12-21",22:35:42
624,8d863dad-9d7e-5875-a38f-27a1e1011af4,SafariRefreshPage,[],"hey, refresh this tab again.","{""app"":""safari"",""action"":""refresh"",""params"":{}}","Tuesday, 2001-03-13",19:56:03
625,8d863dad-9d7e-5875-a38f-27a1e1011af4,SafariRefreshPage,[],go ahead and reload the page one more time.,"{""app"":""safari"",""action"":""refresh"",""params"":{}}","Saturday, 2001-03-24",18:20:12
626,8d863dad-9d7e-5875-a38f-27a1e1011af4,SafariRefreshPage,[],can you please refresh what I'm looking at in Safari?,"{""app"":""safari"",""action"":""refresh"",""params"":{}}","Tuesday, 2002-06-04",07:15:09
627,8d863dad-9d7e-5875-a38f-27a1e1011af4,SafariRefreshPage,[],"just reload this site for me, thanks.","{""app"":""safari"",""action"":""refresh"",""params"":{}}","Wednesday, 2002-09-11",23:13:38
628,8d863dad-9d7e-5875-a38f-27a1e1011af4,SafariRefreshPage,[],would you refresh the current webpage?,"{""app"":""safari"",""action"":""refresh"",""params"":{}}","Thursday, 2002-10-24",05:07:45
629,8d863dad-9d7e-5875-a38f-27a1e1011af4,SafariRefreshPage,[],"hey, reload this Safari page for me.","{""app"":""safari"",""action"":""refresh"",""params"":{}}","Saturday, 2013-03-30",17:36:02
630,8d863dad-9d7e-5875-a38f-27a1e1011af4,SafariRefreshPage,[],could you just refresh the browser right now?,"{""app"":""safari"",""action"":""refresh"",""params"":{}}","Sunday, 2030-08-11",16:43:50
631,ecf44860-6348-59ed-9a20-7e0c5a71cae8,ChromeOpen,[],"Please open Google Chrome for me this morning, around quarter to five.","{""app"":""google chrome"",""action"":""open"",""params"":{}}","Thursday, 1992-02-27",04:48:41
632,ecf44860-6348-59ed-9a20-7e0c5a71cae8,ChromeOpen,[],"Could you kindly open Google Chrome now, while it is half past two in the afternoon?","{""app"":""google chrome"",""action"":""open"",""params"":{}}","Saturday, 1994-04-23",14:26:08
633,ecf44860-6348-59ed-9a20-7e0c5a71cae8,ChromeOpen,[],"I would appreciate it if you could launch Google Chrome right away, early this morning.","{""app"":""google chrome"",""action"":""open"",""params"":{}}","Friday, 1994-06-10",08:47:23
634,ecf44860-6348-59ed-9a20-7e0c5a71cae8,ChromeOpen,[],"Please bring up Google Chrome, as soon as possible, before the day gets underway.","{""app"":""google chrome"",""action"":""open"",""params"":{}}","Tuesday, 1998-01-20",01:37:59
635,ecf44860-6348-59ed-9a20-7e0c5a71cae8,ChromeOpen,[],"Open Google Chrome for me this morning, if you would be so kind.","{""app"":""google chrome"",""action"":""open"",""params"":{}}","Sunday, 2004-01-25",09:41:15
636,ecf44860-6348-59ed-9a20-7e0c5a71cae8,ChromeOpen,[],"Kindly start up Google Chrome late tonight, just after eleven thirty.","{""app"":""google chrome"",""action"":""open"",""params"":{}}","Sunday, 2007-05-27",23:29:41
637,ecf44860-6348-59ed-9a20-7e0c5a71cae8,ChromeOpen,[],"Could you open Google Chrome early this morning, please?","{""app"":""google chrome"",""action"":""open"",""params"":{}}","Friday, 2007-07-13",07:34:08
638,ecf44860-6348-59ed-9a20-7e0c5a71cae8,ChromeOpen,[],"I would like Google Chrome opened this evening, around nine ten.","{""app"":""google chrome"",""action"":""open"",""params"":{}}","Tuesday, 2008-02-19",21:10:04
639,ecf44860-6348-59ed-9a20-7e0c5a71cae8,ChromeOpen,[],Please launch Google Chrome now; I need it this afternoon.,"{""app"":""google chrome"",""action"":""open"",""params"":{}}","Tuesday, 2009-05-12",16:58:07
640,ecf44860-6348-59ed-9a20-7e0c5a71cae8,ChromeOpen,[],Would you kindly open Google Chrome for me at this time?,"{""app"":""google chrome"",""action"":""open"",""params"":{}}","Tuesday, 2015-08-18",14:09:20
641,ecf44860-6348-59ed-9a20-7e0c5a71cae8,ChromeOpen,[],"Please perform the following action and open Google Chrome this evening, shortly after seven twenty.","{""app"":""google chrome"",""action"":""open"",""params"":{}}","Thursday, 2017-01-12",19:22:45
642,ecf44860-6348-59ed-9a20-7e0c5a71cae8,ChromeOpen,[],"Could you open Google Chrome around midday, please?","{""app"":""google chrome"",""action"":""open"",""params"":{}}","Wednesday, 2022-12-14",12:36:27
643,ecf44860-6348-59ed-9a20-7e0c5a71cae8,ChromeOpen,[],"I would appreciate it if you could open Google Chrome now, even though it is quite late tonight.","{""app"":""google chrome"",""action"":""open"",""params"":{}}","Wednesday, 2023-02-22",22:19:44
644,ecf44860-6348-59ed-9a20-7e0c5a71cae8,ChromeOpen,[],"Please open Google Chrome this very early morning, just after three fifteen.","{""app"":""google chrome"",""action"":""open"",""params"":{}}","Monday, 2023-09-25",03:14:24
645,ecf44860-6348-59ed-9a20-7e0c5a71cae8,ChromeOpen,[],"Kindly launch Google Chrome tonight, a little before eleven forty.","{""app"":""google chrome"",""action"":""open"",""params"":{}}","Saturday, 2030-04-13",22:39:39
646,15745791-0a22-5d69-9df2-3648d22ae385,ChromeClose,"[""target""]",close all Chrome windows,"{""app"":""google chrome"",""action"":""close"",""params"":{""target"":""all""}}","Wednesday, 1995-02-01",17:11:59
647,15745791-0a22-5d69-9df2-3648d22ae385,ChromeClose,"[""target""]",shut down every Google Chrome window,"{""app"":""google chrome"",""action"":""close"",""params"":{""target"":""all""}}","Friday, 1997-07-25",07:33:37
648,15745791-0a22-5d69-9df2-3648d22ae385,ChromeClose,"[""target""]",quit all Chrome windows now,"{""app"":""google chrome"",""action"":""close"",""params"":{""target"":""all""}}","Saturday, 1999-04-03",07:54:21
649,15745791-0a22-5d69-9df2-3648d22ae385,ChromeClose,"[""target""]",close every browser window in Chrome,"{""app"":""google chrome"",""action"":""close"",""params"":{""target"":""all""}}","Thursday, 2001-04-19",23:45:06
650,15745791-0a22-5d69-9df2-3648d22ae385,ChromeClose,"[""target""]",please close all of Google Chrome,"{""app"":""google chrome"",""action"":""close"",""params"":{""target"":""all""}}","Saturday, 2002-09-07",18:04:25
651,15745791-0a22-5d69-9df2-3648d22ae385,ChromeClose,"[""target""]",get rid of all Chrome windows,"{""app"":""google chrome"",""action"":""close"",""params"":{""target"":""all""}}","Friday, 2006-08-04",23:59:17
652,15745791-0a22-5d69-9df2-3648d22ae385,ChromeClose,"[""target""]",close Chrome completely,"{""app"":""google chrome"",""action"":""close"",""params"":{""target"":""all""}}","Wednesday, 2008-01-09",14:05:03
653,15745791-0a22-5d69-9df2-3648d22ae385,ChromeClose,"[""target""]",close every tab and window in Chrome,"{""app"":""google chrome"",""action"":""close"",""params"":{""target"":""all""}}","Tuesday, 2008-04-22",13:26:22
654,15745791-0a22-5d69-9df2-3648d22ae385,ChromeClose,"[""target""]",wrap up all Chrome windows,"{""app"":""google chrome"",""action"":""close"",""params"":{""target"":""all""}}","Friday, 2017-02-17",21:23:48
655,1db699c4-0bd2-5dbd-8588-e0d15f38b55a,ChromeClose,"[""target""]",close the current Chrome window,"{""app"":""google chrome"",""action"":""close"",""params"":{""target"":""current""}}","Saturday, 2019-02-02",05:33:55
656,1db699c4-0bd2-5dbd-8588-e0d15f38b55a,ChromeClose,"[""target""]",shut this Chrome window,"{""app"":""google chrome"",""action"":""close"",""params"":{""target"":""current""}}","Saturday, 2020-10-24",04:36:01
657,1db699c4-0bd2-5dbd-8588-e0d15f38b55a,ChromeClose,"[""target""]",please close the current tab window in Chrome,"{""app"":""google chrome"",""action"":""close"",""params"":{""target"":""current""}}","Wednesday, 2022-01-26",11:02:14
658,1db699c4-0bd2-5dbd-8588-e0d15f38b55a,ChromeClose,"[""target""]",close this browser window now,"{""app"":""google chrome"",""action"":""close"",""params"":{""target"":""current""}}","Friday, 2025-03-07",12:31:25
659,1db699c4-0bd2-5dbd-8588-e0d15f38b55a,ChromeClose,"[""target""]",can you close the active Chrome window,"{""app"":""google chrome"",""action"":""close"",""params"":{""target"":""current""}}","Wednesday, 2025-06-25",11:43:02
660,1db699c4-0bd2-5dbd-8588-e0d15f38b55a,ChromeClose,"[""target""]",finish by closing the window I'm using in Chrome,"{""app"":""google chrome"",""action"":""close"",""params"":{""target"":""current""}}","Tuesday, 2026-05-12",12:06:33
661,15745791-0a22-5d69-9df2-3648d22ae385,ChromeClose,"[""target""]",Could you close all Google Chrome windows for me?,"{""app"":""google chrome"",""action"":""close"",""params"":{""target"":""all""}}","Sunday, 1991-02-03",17:47:59
662,15745791-0a22-5d69-9df2-3648d22ae385,ChromeClose,"[""target""]",Please shut down every Chrome window I have open.,"{""app"":""google chrome"",""action"":""close"",""params"":{""target"":""all""}}","Wednesday, 1992-08-12",08:53:17
663,15745791-0a22-5d69-9df2-3648d22ae385,ChromeClose,"[""target""]","Can you close Chrome completely, all of it?","{""app"":""google chrome"",""action"":""close"",""params"":{""target"":""all""}}","Friday, 2001-09-28",05:53:11
664,15745791-0a22-5d69-9df2-3648d22ae385,ChromeClose,"[""target""]","I’m done with browsing, so close all Google Chrome windows.","{""app"":""google chrome"",""action"":""close"",""params"":{""target"":""all""}}","Wednesday, 2003-02-26",14:04:04
665,15745791-0a22-5d69-9df2-3648d22ae385,ChromeClose,"[""target""]",Would you close every Chrome window and clear the slate for me?,"{""app"":""google chrome"",""action"":""close"",""params"":{""target"":""all""}}","Sunday, 2003-04-13",14:20:59
666,15745791-0a22-5d69-9df2-3648d22ae385,ChromeClose,"[""target""]","Shut all of Chrome, please.","{""app"":""google chrome"",""action"":""close"",""params"":{""target"":""all""}}","Tuesday, 2003-09-30",10:59:13
667,15745791-0a22-5d69-9df2-3648d22ae385,ChromeClose,"[""target""]",Can we get rid of all the Chrome windows now?,"{""app"":""google chrome"",""action"":""close"",""params"":{""target"":""all""}}","Saturday, 2004-04-17",15:23:49
668,15745791-0a22-5d69-9df2-3648d22ae385,ChromeClose,"[""target""]","Actually, I need Chrome closed everywhere, all tabs and windows.","{""app"":""google chrome"",""action"":""close"",""params"":{""target"":""all""}}","Tuesday, 2004-04-20",03:53:12
669,1db699c4-0bd2-5dbd-8588-e0d15f38b55a,ChromeClose,"[""target""]",Please close my current Chrome window.,"{""app"":""google chrome"",""action"":""close"",""params"":{""target"":""current""}}","Thursday, 2011-08-18",00:35:22
670,1db699c4-0bd2-5dbd-8588-e0d15f38b55a,ChromeClose,"[""target""]",Could you just close the Chrome window I’m using right now?,"{""app"":""google chrome"",""action"":""close"",""params"":{""target"":""current""}}","Monday, 2015-05-04",19:37:08
671,1db699c4-0bd2-5dbd-8588-e0d15f38b55a,ChromeClose,"[""target""]",Go ahead and close this current Google Chrome window.,"{""app"":""google chrome"",""action"":""close"",""params"":{""target"":""current""}}","Thursday, 2018-12-06",10:56:27
672,1db699c4-0bd2-5dbd-8588-e0d15f38b55a,ChromeClose,"[""target""]","I only need the active Chrome window closed, not everything.","{""app"":""google chrome"",""action"":""close"",""params"":{""target"":""current""}}","Wednesday, 2025-05-07",20:30:43
673,1db699c4-0bd2-5dbd-8588-e0d15f38b55a,ChromeClose,"[""target""]",Can you close the tabbed window I have open in Chrome?,"{""app"":""google chrome"",""action"":""close"",""params"":{""target"":""current""}}","Thursday, 2028-05-04",21:46:24
674,1db699c4-0bd2-5dbd-8588-e0d15f38b55a,ChromeClose,"[""target""]",Please shut this Chrome window for me.,"{""app"":""google chrome"",""action"":""close"",""params"":{""target"":""current""}}","Tuesday, 2030-05-14",21:11:57
675,1db699c4-0bd2-5dbd-8588-e0d15f38b55a,ChromeClose,"[""target""]","Alright, close the current Chrome window and that’s it.","{""app"":""google chrome"",""action"":""close"",""params"":{""target"":""current""}}","Tuesday, 2030-07-16",20:14:14
676,baf2ae90-7d45-5e39-a0bc-7f1c5db9927d,ChromeNewTab,"[""url""]",Please open a new tab in Google Chrome for the weather forecast for this morning.,"{""app"":""google chrome"",""action"":""new_tab"",""params"":{""url"":""https://www.google.com/search?q=weather+today""}}","Wednesday, 1990-06-13",08:46:11
691,2acfd358-e9a0-58ca-9cc3-80306341d2b1,ChromeNewTab,"[""url""]","Please open a new tab and take me to instagram, if you would.","{""app"":""google chrome"",""action"":""new_tab"",""params"":{""url"":""https://www.instagram.com/""}}","Sunday, 1995-01-29",20:40:04
692,2acfd358-e9a0-58ca-9cc3-80306341d2b1,ChromeNewTab,"[""url""]",Could you kindly open another tab for the shopidy admin dashboard?,"{""app"":""google chrome"",""action"":""new_tab"",""params"":{""url"":""https://www.admin.shopify.com/""}}","Thursday, 1998-02-19",22:54:38
693,2acfd358-e9a0-58ca-9cc3-80306341d2b1,ChromeNewTab,"[""url""]","Open a fresh tab for facebook, please?","{""app"":""google chrome"",""action"":""new_tab"",""params"":{""url"":""https://www.facebook.com/""}}","Monday, 1999-08-16",09:56:01
694,2acfd358-e9a0-58ca-9cc3-80306341d2b1,ChromeNewTab,"[""url""]",I would appreciate it if you could open a new tab and show me netflix so i can chill out,"{""app"":""google chrome"",""action"":""new_tab"",""params"":{""url"":""https://www.netflix.com/""}}","Sunday, 2006-01-08",08:05:13
695,2acfd358-e9a0-58ca-9cc3-80306341d2b1,ChromeNewTab,"[""url""]","Please open a tab for youtube, if possible.","{""app"":""google chrome"",""action"":""new_tab"",""params"":{""url"":""https://www.youtube.com/""}}","Tuesday, 2010-11-16",09:51:22
696,2acfd358-e9a0-58ca-9cc3-80306341d2b1,ChromeNewTab,"[""url""]","Could you open a new tab and go to zomato . com, just so I can check it?","{""app"":""google chrome"",""action"":""new_tab"",""params"":{""url"":""https://www.zomato.com""}}","Thursday, 2011-09-15",12:01:38
697,2acfd358-e9a0-58ca-9cc3-80306341d2b1,ChromeNewTab,"[""url""]","Open another tab and look up best mens haircut, please.","{""app"":""google chrome"",""action"":""new_tab"",""params"":{""url"":""https://www.google.com/search?q=best+mens+haircut""}}","Sunday, 2012-01-15",18:36:07
698,2acfd358-e9a0-58ca-9cc3-80306341d2b1,ChromeNewTab,"[""url""]",Please open a new tab and go to flipkart,"{""app"":""google chrome"",""action"":""new_tab"",""params"":{""url"":""https://www.flipkart.com""}}","Tuesday, 2014-05-27",13:12:39
699,2acfd358-e9a0-58ca-9cc3-80306341d2b1,ChromeNewTab,"[""url""]","I need a fresh tab for apple store, thank you.","{""app"":""google chrome"",""action"":""new_tab"",""params"":{""url"":""https://www.apple.com/""}}","Tuesday, 2019-01-08",15:25:59
701,754fb436-346a-52a7-88c4-9342dbb7b430,ChromeNewTab,"[""url""]","Please open a tab for the flight to Oslo next Tuesday, if you would be so kind.","{""app"":""google chrome"",""action"":""new_tab"",""params"":{""url"":""https://www.google.com/search?q=flight+to+Oslo+next+Tuesday""}}","Thursday, 2022-06-16",23:36:04
704,754fb436-346a-52a7-88c4-9342dbb7b430,ChromeNewTab,"[""url""]",I would appreciate a new tab for the museum hours in Paris this afternoon.,"{""app"":""google chrome"",""action"":""new_tab"",""params"":{""url"":""https://www.google.com/search?q=museum+hours+Paris+this+afternoon""}}","Wednesday, 2025-02-19",17:32:39
706,bad595e5-d7bc-5136-9404-371187faf3ce,ChromeCloseTab,"[""target""]","hey, close the current Chrome tab for me.","{""app"":""google chrome"",""action"":""close_tab"",""params"":{""target"":""current""}}","Wednesday, 1990-02-21",21:48:31
707,bad595e5-d7bc-5136-9404-371187faf3ce,ChromeCloseTab,"[""target""]",can you shut this tab in Google Chrome?,"{""app"":""google chrome"",""action"":""close_tab"",""params"":{""target"":""current""}}","Wednesday, 1991-01-30",04:33:30
708,bad595e5-d7bc-5136-9404-371187faf3ce,ChromeCloseTab,"[""target""]",forget about this tab and close it out.,"{""app"":""google chrome"",""action"":""close_tab"",""params"":{""target"":""current""}}","Saturday, 1991-11-16",04:19:37
709,bad595e5-d7bc-5136-9404-371187faf3ce,ChromeCloseTab,"[""target""]",please close the tab I'm on right now.,"{""app"":""google chrome"",""action"":""close_tab"",""params"":{""target"":""current""}}","Sunday, 1993-02-21",00:39:13
710,bad595e5-d7bc-5136-9404-371187faf3ce,ChromeCloseTab,"[""target""]","just close this Chrome tab, thanks.","{""app"":""google chrome"",""action"":""close_tab"",""params"":{""target"":""current""}}","Thursday, 1994-06-23",20:55:18
711,bad595e5-d7bc-5136-9404-371187faf3ce,ChromeCloseTab,"[""target""]",could you get rid of the current tab in Chrome?,"{""app"":""google chrome"",""action"":""close_tab"",""params"":{""target"":""current""}}","Saturday, 1995-03-18",19:05:55
712,d1b12d64-4d6b-5ca1-bc16-be18bb5ba05d,ChromeCloseTab,"[""target""]","hey, close all the tabs in Google Chrome for me.","{""app"":""google chrome"",""action"":""close_tab"",""params"":{""target"":""all""}}","Thursday, 2001-09-20",17:02:34
713,d1b12d64-4d6b-5ca1-bc16-be18bb5ba05d,ChromeCloseTab,"[""target""]",can you just shut every Chrome tab?,"{""app"":""google chrome"",""action"":""close_tab"",""params"":{""target"":""all""}}","Saturday, 2008-09-20",22:05:23
714,d1b12d64-4d6b-5ca1-bc16-be18bb5ba05d,ChromeCloseTab,"[""target""]",please close all the tabs in this browser.,"{""app"":""google chrome"",""action"":""close_tab"",""params"":{""target"":""all""}}","Monday, 2009-05-25",07:46:26
715,d1b12d64-4d6b-5ca1-bc16-be18bb5ba05d,ChromeCloseTab,"[""target""]",go ahead and close every open tab in Chrome.,"{""app"":""google chrome"",""action"":""close_tab"",""params"":{""target"":""all""}}","Tuesday, 2017-07-11",03:48:34
716,d1b12d64-4d6b-5ca1-bc16-be18bb5ba05d,ChromeCloseTab,"[""target""]","wipe out all my Chrome tabs, please.","{""app"":""google chrome"",""action"":""close_tab"",""params"":{""target"":""all""}}","Tuesday, 2019-05-28",02:56:08
717,d1b12d64-4d6b-5ca1-bc16-be18bb5ba05d,ChromeCloseTab,"[""target""]",I want all the tabs closed in Google Chrome.,"{""app"":""google chrome"",""action"":""close_tab"",""params"":{""target"":""all""}}","Monday, 2021-12-13",08:08:57
718,bad595e5-d7bc-5136-9404-371187faf3ce,ChromeCloseTab,"[""target""]","hey, shut down the tab I'm looking at.","{""app"":""google chrome"",""action"":""close_tab"",""params"":{""target"":""current""}}","Monday, 2022-08-08",07:38:40
719,d1b12d64-4d6b-5ca1-bc16-be18bb5ba05d,ChromeCloseTab,"[""target""]",could you close every tab I’ve got open in Chrome?,"{""app"":""google chrome"",""action"":""close_tab"",""params"":{""target"":""all""}}","Saturday, 2027-12-11",13:28:03
720,bad595e5-d7bc-5136-9404-371187faf3ce,ChromeCloseTab,"[""target""]",just close the current tab and that's it.,"{""app"":""google chrome"",""action"":""close_tab"",""params"":{""target"":""current""}}","Tuesday, 2028-01-04",07:21:07
721,bad595e5-d7bc-5136-9404-371187faf3ce,ChromeCloseTab,"[""target""]",Please close the current Chrome tab for me.,"{""app"":""google chrome"",""action"":""close_tab"",""params"":{""target"":""current""}}","Friday, 1993-08-13",09:07:03
722,d1b12d64-4d6b-5ca1-bc16-be18bb5ba05d,ChromeCloseTab,"[""target""]",Could you kindly close all the tabs in Google Chrome?,"{""app"":""google chrome"",""action"":""close_tab"",""params"":{""target"":""all""}}","Wednesday, 1996-01-24",23:43:18
723,bad595e5-d7bc-5136-9404-371187faf3ce,ChromeCloseTab,"[""target""]",Please shut the current tab in Chrome.,"{""app"":""google chrome"",""action"":""close_tab"",""params"":{""target"":""current""}}","Thursday, 1999-11-25",16:06:57
724,d1b12d64-4d6b-5ca1-bc16-be18bb5ba05d,ChromeCloseTab,"[""target""]",Would you kindly close every open tab in Google Chrome?,"{""app"":""google chrome"",""action"":""close_tab"",""params"":{""target"":""all""}}","Saturday, 2000-09-16",18:46:38
725,bad595e5-d7bc-5136-9404-371187faf3ce,ChromeCloseTab,"[""target""]",Please close this tab in Chrome for me.,"{""app"":""google chrome"",""action"":""close_tab"",""params"":{""target"":""current""}}","Tuesday, 2000-12-19",11:48:12
726,d1b12d64-4d6b-5ca1-bc16-be18bb5ba05d,ChromeCloseTab,"[""target""]",Could you please close all tabs in the browser?,"{""app"":""google chrome"",""action"":""close_tab"",""params"":{""target"":""all""}}","Saturday, 2002-04-13",05:54:03
727,bad595e5-d7bc-5136-9404-371187faf3ce,ChromeCloseTab,"[""target""]",Kindly close the tab I am on in Google Chrome.,"{""app"":""google chrome"",""action"":""close_tab"",""params"":{""target"":""current""}}","Saturday, 2007-11-10",15:46:25
728,d1b12d64-4d6b-5ca1-bc16-be18bb5ba05d,ChromeCloseTab,"[""target""]",Please close all Chrome tabs now.,"{""app"":""google chrome"",""action"":""close_tab"",""params"":{""target"":""all""}}","Wednesday, 2008-06-18",18:00:39
729,bad595e5-d7bc-5136-9404-371187faf3ce,ChromeCloseTab,"[""target""]",Could you kindly close the active tab in Chrome?,"{""app"":""google chrome"",""action"":""close_tab"",""params"":{""target"":""current""}}","Sunday, 2009-11-01",18:31:11
730,d1b12d64-4d6b-5ca1-bc16-be18bb5ba05d,ChromeCloseTab,"[""target""]",Please close every tab I have open in Google Chrome.,"{""app"":""google chrome"",""action"":""close_tab"",""params"":{""target"":""all""}}","Monday, 2015-01-26",10:19:16
731,bad595e5-d7bc-5136-9404-371187faf3ce,ChromeCloseTab,"[""target""]",Would you please close the current Chrome tab?,"{""app"":""google chrome"",""action"":""close_tab"",""params"":{""target"":""current""}}","Tuesday, 2016-10-04",20:49:48
732,d1b12d64-4d6b-5ca1-bc16-be18bb5ba05d,ChromeCloseTab,"[""target""]",Kindly close all tabs in Chrome for me.,"{""app"":""google chrome"",""action"":""close_tab"",""params"":{""target"":""all""}}","Sunday, 2023-11-12",23:36:34
733,bad595e5-d7bc-5136-9404-371187faf3ce,ChromeCloseTab,"[""target""]",Please close the tab that's open right now in Google Chrome.,"{""app"":""google chrome"",""action"":""close_tab"",""params"":{""target"":""current""}}","Thursday, 2024-06-13",22:08:54
734,d1b12d64-4d6b-5ca1-bc16-be18bb5ba05d,ChromeCloseTab,"[""target""]",Could you kindly close all of my Google Chrome tabs?,"{""app"":""google chrome"",""action"":""close_tab"",""params"":{""target"":""all""}}","Friday, 2027-02-12",18:01:25
735,bad595e5-d7bc-5136-9404-371187faf3ce,ChromeCloseTab,"[""target""]","Please close the current tab in Chrome, thank you.","{""app"":""google chrome"",""action"":""close_tab"",""params"":{""target"":""current""}}","Friday, 2027-05-21",12:00:24
736,2b2f58ff-9dae-5ffc-83b1-62fdcc05afeb,ChromeGetActiveTabURL,[],What's the active tab URL in Chrome?,"{""app"":""google chrome"",""action"":""get_active_tab_url"",""params"":{}}","Wednesday, 1990-02-21",02:44:28
737,2b2f58ff-9dae-5ffc-83b1-62fdcc05afeb,ChromeGetActiveTabURL,[],Tell me the URL of the page that's open in Chrome right now.,"{""app"":""google chrome"",""action"":""get_active_tab_url"",""params"":{}}","Thursday, 1991-06-06",21:13:35
738,2b2f58ff-9dae-5ffc-83b1-62fdcc05afeb,ChromeGetActiveTabURL,[],Get the current Chrome tab link for me.,"{""app"":""google chrome"",""action"":""get_active_tab_url"",""params"":{}}","Friday, 1991-09-06",15:55:51
739,2b2f58ff-9dae-5ffc-83b1-62fdcc05afeb,ChromeGetActiveTabURL,[],Copy the active tab URL from Chrome.,"{""app"":""google chrome"",""action"":""get_active_tab_url"",""params"":{}}","Saturday, 1995-07-01",22:32:19
740,2b2f58ff-9dae-5ffc-83b1-62fdcc05afeb,ChromeGetActiveTabURL,[],What web address is open in Chrome?,"{""app"":""google chrome"",""action"":""get_active_tab_url"",""params"":{}}","Tuesday, 1995-12-19",16:09:18
741,2b2f58ff-9dae-5ffc-83b1-62fdcc05afeb,ChromeGetActiveTabURL,[],Show me the URL of the tab in front on Google Chrome.,"{""app"":""google chrome"",""action"":""get_active_tab_url"",""params"":{}}","Friday, 1998-11-20",13:55:13
742,2b2f58ff-9dae-5ffc-83b1-62fdcc05afeb,ChromeGetActiveTabURL,[],I need the active Chrome tab address.,"{""app"":""google chrome"",""action"":""get_active_tab_url"",""params"":{}}","Friday, 2002-08-16",01:05:44
743,2b2f58ff-9dae-5ffc-83b1-62fdcc05afeb,ChromeGetActiveTabURL,[],Please fetch the current page URL from Chrome.,"{""app"":""google chrome"",""action"":""get_active_tab_url"",""params"":{}}","Monday, 2004-01-12",23:34:11
744,2b2f58ff-9dae-5ffc-83b1-62fdcc05afeb,ChromeGetActiveTabURL,[],Grab the link for the tab I'm viewing in Chrome.,"{""app"":""google chrome"",""action"":""get_active_tab_url"",""params"":{}}","Tuesday, 2008-07-29",08:10:55
745,2b2f58ff-9dae-5ffc-83b1-62fdcc05afeb,ChromeGetActiveTabURL,[],What's the address bar showing in the active Chrome window?,"{""app"":""google chrome"",""action"":""get_active_tab_url"",""params"":{}}","Wednesday, 2009-01-28",22:34:26
746,2b2f58ff-9dae-5ffc-83b1-62fdcc05afeb,ChromeGetActiveTabURL,[],Could you please give me the URL of the open tab in Chrome?,"{""app"":""google chrome"",""action"":""get_active_tab_url"",""params"":{}}","Friday, 2016-05-06",17:09:14
747,2b2f58ff-9dae-5ffc-83b1-62fdcc05afeb,ChromeGetActiveTabURL,[],Read out the website address from the active Chrome tab.,"{""app"":""google chrome"",""action"":""get_active_tab_url"",""params"":{}}","Thursday, 2016-08-18",05:09:46
748,2b2f58ff-9dae-5ffc-83b1-62fdcc05afeb,ChromeGetActiveTabURL,[],Let me have the current tab's URL in Google Chrome.,"{""app"":""google chrome"",""action"":""get_active_tab_url"",""params"":{}}","Sunday, 2017-11-12",02:07:18
749,2b2f58ff-9dae-5ffc-83b1-62fdcc05afeb,ChromeGetActiveTabURL,[],I want the active page URL from Chrome now.,"{""app"":""google chrome"",""action"":""get_active_tab_url"",""params"":{}}","Wednesday, 2024-04-10",10:54:33
750,2b2f58ff-9dae-5ffc-83b1-62fdcc05afeb,ChromeGetActiveTabURL,[],Fetch the URL of whatever tab is active in Chrome.,"{""app"":""google chrome"",""action"":""get_active_tab_url"",""params"":{}}","Friday, 2030-09-13",08:00:30
751,e8933483-0dfe-58e9-8f7a-d060d7a1710a,ChromeNavigateTab,"[""direction""]",go back to the previus tab,"{""app"":""google chrome"",""action"":""navigate_tab"",""params"":{""direction"":""back""}}","Friday, 1990-06-01",11:51:21
752,e8933483-0dfe-58e9-8f7a-d060d7a1710a,ChromeNavigateTab,"[""direction""]",switch back one tab please,"{""app"":""google chrome"",""action"":""navigate_tab"",""params"":{""direction"":""back""}}","Saturday, 1992-02-01",04:34:46
753,e8933483-0dfe-58e9-8f7a-d060d7a1710a,ChromeNavigateTab,"[""direction""]",take me back to the last tab,"{""app"":""google chrome"",""action"":""navigate_tab"",""params"":{""direction"":""back""}}","Saturday, 1992-07-18",22:04:05
754,e8933483-0dfe-58e9-8f7a-d060d7a1710a,ChromeNavigateTab,"[""direction""]",back up to the earlier page tab,"{""app"":""google chrome"",""action"":""navigate_tab"",""params"":{""direction"":""back""}}","Sunday, 1993-10-24",13:14:58
755,e8933483-0dfe-58e9-8f7a-d060d7a1710a,ChromeNavigateTab,"[""direction""]","go back a tab, I clicked the wrong one","{""app"":""google chrome"",""action"":""navigate_tab"",""params"":{""direction"":""back""}}","Thursday, 1997-01-16",19:49:37
756,e8933483-0dfe-58e9-8f7a-d060d7a1710a,ChromeNavigateTab,"[""direction""]",return to the tab I had open before,"{""app"":""google chrome"",""action"":""navigate_tab"",""params"":{""direction"":""back""}}","Tuesday, 1997-08-05",21:42:29
757,e8933483-0dfe-58e9-8f7a-d060d7a1710a,ChromeNavigateTab,"[""direction""]",jump back in the tabs,"{""app"":""google chrome"",""action"":""navigate_tab"",""params"":{""direction"":""back""}}","Tuesday, 2009-11-10",21:37:03
758,e8933483-0dfe-58e9-8f7a-d060d7a1710a,ChromeNavigateTab,"[""direction""]",go to the next tab,"{""app"":""google chrome"",""action"":""navigate_tab"",""params"":{""direction"":""forward""}}","Friday, 2015-12-11",08:13:00
759,e8933483-0dfe-58e9-8f7a-d060d7a1710a,ChromeNavigateTab,"[""direction""]","move forward one tab, thanks","{""app"":""google chrome"",""action"":""navigate_tab"",""params"":{""direction"":""forward""}}","Monday, 2016-08-29",13:26:56
760,e8933483-0dfe-58e9-8f7a-d060d7a1710a,ChromeNavigateTab,"[""direction""]",switch ahead to the next tab,"{""app"":""google chrome"",""action"":""navigate_tab"",""params"":{""direction"":""forward""}}","Friday, 2018-05-04",03:03:30
761,e8933483-0dfe-58e9-8f7a-d060d7a1710a,ChromeNavigateTab,"[""direction""]","take me forward, the chrome tab on the right","{""app"":""google chrome"",""action"":""navigate_tab"",""params"":{""direction"":""forward""}}","Monday, 2018-05-28",03:05:03
762,e8933483-0dfe-58e9-8f7a-d060d7a1710a,ChromeNavigateTab,"[""direction""]",advance to the next tab please,"{""app"":""google chrome"",""action"":""navigate_tab"",""params"":{""direction"":""forward""}}","Wednesday, 2021-08-04",23:03:21
763,e8933483-0dfe-58e9-8f7a-d060d7a1710a,ChromeNavigateTab,"[""direction""]","go back to the other tab, the one I just had","{""app"":""google chrome"",""action"":""navigate_tab"",""params"":{""direction"":""back""}}","Wednesday, 2024-04-17",00:12:41
764,e8933483-0dfe-58e9-8f7a-d060d7a1710a,ChromeNavigateTab,"[""direction""]",move forward to the next tab after this one,"{""app"":""google chrome"",""action"":""navigate_tab"",""params"":{""direction"":""forward""}}","Thursday, 2029-06-21",21:28:51
765,e8933483-0dfe-58e9-8f7a-d060d7a1710a,ChromeNavigateTab,"[""direction""]","back to the previous tab, pronto","{""app"":""google chrome"",""action"":""navigate_tab"",""params"":{""direction"":""back""}}","Monday, 2029-06-25",10:51:24
766,c2c21096-2562-5669-b058-600f9090ae94,ChromeNavigateTab,"[""direction""]","hey can you go back in chrome, I was just checking the old page like five mins ago","{""app"":""google chrome"",""action"":""navigate_tab"",""params"":{""direction"":""back""}}","Friday, 1995-03-17",13:45:38
767,c2c21096-2562-5669-b058-600f9090ae94,ChromeNavigateTab,"[""direction""]","nah, hop back one page in google chrome for me, I clicked the wrong tab by mistake","{""app"":""google chrome"",""action"":""navigate_tab"",""params"":{""direction"":""back""}}","Saturday, 1995-12-16",16:05:18
768,c2c21096-2562-5669-b058-600f9090ae94,ChromeNavigateTab,"[""direction""]","could you take chrome back to the previous page, I need the one from earlier this evening","{""app"":""google chrome"",""action"":""navigate_tab"",""params"":{""direction"":""back""}}","Saturday, 1996-08-17",17:37:42
769,7398e849-1747-524a-9563-4b12508ebd29,ChromeNavigateTab,"[""direction""]","yo, go forward in chrome, I already went back and now I need that next page again","{""app"":""google chrome"",""action"":""navigate_tab"",""params"":{""direction"":""forward""}}","Tuesday, 1997-09-23",03:19:14
770,7398e849-1747-524a-9563-4b12508ebd29,ChromeNavigateTab,"[""direction""]","please move one page forward in Google Chrome, I’m trying to get back to the thing I just had open","{""app"":""google chrome"",""action"":""navigate_tab"",""params"":{""direction"":""forward""}}","Tuesday, 2002-04-23",18:12:29
771,c2c21096-2562-5669-b058-600f9090ae94,ChromeNavigateTab,"[""direction""]","hey, can you hit back in chrome, I need the last page again from a sec ago","{""app"":""google chrome"",""action"":""navigate_tab"",""params"":{""direction"":""back""}}","Saturday, 2003-03-01",04:27:00
772,7398e849-1747-524a-9563-4b12508ebd29,ChromeNavigateTab,"[""direction""]","just go forward on the tab in chrome, I went too far back while I was clicking around","{""app"":""google chrome"",""action"":""navigate_tab"",""params"":{""direction"":""forward""}}","Thursday, 2010-10-21",05:41:32
773,c2c21096-2562-5669-b058-600f9090ae94,ChromeNavigateTab,"[""direction""]","could you back up in google chrome for me, I want the page from earlier today","{""app"":""google chrome"",""action"":""navigate_tab"",""params"":{""direction"":""back""}}","Wednesday, 2016-02-03",15:28:51
774,7398e849-1747-524a-9563-4b12508ebd29,ChromeNavigateTab,"[""direction""]","ok, nudge chrome forward one step, I skipped past the page I needed","{""app"":""google chrome"",""action"":""navigate_tab"",""params"":{""direction"":""forward""}}","Saturday, 2017-02-11",01:18:13
775,c2c21096-2562-5669-b058-600f9090ae94,ChromeNavigateTab,"[""direction""]","hey please go back in Chrome, I was on the right page before I poked around","{""app"":""google chrome"",""action"":""navigate_tab"",""params"":{""direction"":""back""}}","Wednesday, 2022-11-23",06:00:59
776,7398e849-1747-524a-9563-4b12508ebd29,ChromeNavigateTab,"[""direction""]","can you send the browser forward, I already backed out and need the next thing again","{""app"":""google chrome"",""action"":""navigate_tab"",""params"":{""direction"":""forward""}}","Tuesday, 2024-03-19",05:17:43
777,c2c21096-2562-5669-b058-600f9090ae94,ChromeNavigateTab,"[""direction""]","yo, back up the tab in chrome, I lost the page I had a minute ago","{""app"":""google chrome"",""action"":""navigate_tab"",""params"":{""direction"":""back""}}","Saturday, 2026-07-11",04:15:58
778,7398e849-1747-524a-9563-4b12508ebd29,ChromeNavigateTab,"[""direction""]","please go forward in google chrome, I’m trying to get that next page back","{""app"":""google chrome"",""action"":""navigate_tab"",""params"":{""direction"":""forward""}}","Saturday, 2027-05-01",18:55:19
779,c2c21096-2562-5669-b058-600f9090ae94,ChromeNavigateTab,"[""direction""]","could you hit the previous page in chrome, I need the one before this one","{""app"":""google chrome"",""action"":""navigate_tab"",""params"":{""direction"":""back""}}","Saturday, 2028-09-30",00:10:19
780,7398e849-1747-524a-9563-4b12508ebd29,ChromeNavigateTab,"[""direction""]","alright, go forward in chrome for me, I accidentally went back too far","{""app"":""google chrome"",""action"":""navigate_tab"",""params"":{""direction"":""forward""}}","Saturday, 2029-09-15",22:22:29
781,5e589acc-4877-52a5-bf4e-c1f53c9624a7,ChromeRefreshPage,[],Please refresh the page for me right now.,"{""app"":""google chrome"",""action"":""refresh"",""params"":{}}","Thursday, 1992-02-13",02:57:24
782,5e589acc-4877-52a5-bf4e-c1f53c9624a7,ChromeRefreshPage,[],Could you kindly reload this tab now?,"{""app"":""google chrome"",""action"":""refresh"",""params"":{}}","Friday, 1992-02-28",12:04:35
783,5e589acc-4877-52a5-bf4e-c1f53c9624a7,ChromeRefreshPage,[],Please give this webpage a quick refresh.,"{""app"":""google chrome"",""action"":""refresh"",""params"":{}}","Saturday, 1998-12-12",12:35:16
784,5e589acc-4877-52a5-bf4e-c1f53c9624a7,ChromeRefreshPage,[],Would you kindly reload the current page for me?,"{""app"":""google chrome"",""action"":""refresh"",""params"":{}}","Saturday, 2005-09-03",14:30:10
785,5e589acc-4877-52a5-bf4e-c1f53c9624a7,ChromeRefreshPage,[],Please refresh Chrome for me once.,"{""app"":""google chrome"",""action"":""refresh"",""params"":{}}","Saturday, 2006-07-29",01:25:27
786,5e589acc-4877-52a5-bf4e-c1f53c9624a7,ChromeRefreshPage,[],Could you please reload this browser view?,"{""app"":""google chrome"",""action"":""refresh"",""params"":{}}","Wednesday, 2013-05-22",14:49:20
787,5e589acc-4877-52a5-bf4e-c1f53c9624a7,ChromeRefreshPage,[],Kindly refresh the current website.,"{""app"":""google chrome"",""action"":""refresh"",""params"":{}}","Tuesday, 2017-05-02",03:19:11
788,5e589acc-4877-52a5-bf4e-c1f53c9624a7,ChromeRefreshPage,[],Please reload the page in Google Chrome.,"{""app"":""google chrome"",""action"":""refresh"",""params"":{}}","Wednesday, 2019-12-04",16:38:04
789,5e589acc-4877-52a5-bf4e-c1f53c9624a7,ChromeRefreshPage,[],Could you kindly refresh this tab again?,"{""app"":""google chrome"",""action"":""refresh"",""params"":{}}","Saturday, 2020-11-07",15:32:48
790,5e589acc-4877-52a5-bf4e-c1f53c9624a7,ChromeRefreshPage,[],Please update the page view for me.,"{""app"":""google chrome"",""action"":""refresh"",""params"":{}}","Thursday, 2021-11-11",14:08:10
791,5e589acc-4877-52a5-bf4e-c1f53c9624a7,ChromeRefreshPage,[],Can you please refresh the browser window?,"{""app"":""google chrome"",""action"":""refresh"",""params"":{}}","Tuesday, 2023-01-31",08:35:27
792,5e589acc-4877-52a5-bf4e-c1f53c9624a7,ChromeRefreshPage,[],Please reload the active Chrome page.,"{""app"":""google chrome"",""action"":""refresh"",""params"":{}}","Thursday, 2030-01-03",08:07:18
793,5e589acc-4877-52a5-bf4e-c1f53c9624a7,ChromeRefreshPage,[],Could you kindly refresh this site for me?,"{""app"":""google chrome"",""action"":""refresh"",""params"":{}}","Saturday, 2030-03-30",19:48:26
794,5e589acc-4877-52a5-bf4e-c1f53c9624a7,ChromeRefreshPage,[],Please give the current tab a refresh.,"{""app"":""google chrome"",""action"":""refresh"",""params"":{}}","Friday, 2030-05-24",22:14:14
795,5e589acc-4877-52a5-bf4e-c1f53c9624a7,ChromeRefreshPage,[],Would you please reload this page now?,"{""app"":""google chrome"",""action"":""refresh"",""params"":{}}","Tuesday, 2030-11-19",17:45:27
796,8645c020-f75c-5fa1-8f6d-221881b76af4,ChromeOpenNewWindow,"[""url""]",I would appreciate it if you could search for the hiking trail forecast this evening.,"{""app"":""google chrome"",""action"":""open_new_window"",""params"":{""url"":""https://www.google.com/search?q=hiking+trail+forecast""}}","Thursday, 1991-04-18",22:05:20
808,accb55c3-7750-5f79-9f3c-3c6db2f194a9,ChromeOpenNewWindow,"[""url""]",Please open a different Chrome window and search for the sourdough starter guide this weekend.,"{""app"":""google chrome"",""action"":""open_new_window"",""params"":{""url"":""https://www.google.com/search?q=sourdough+starter+guide""}}","Saturday, 2013-09-21",18:23:39
809,accb55c3-7750-5f79-9f3c-3c6db2f194a9,ChromeOpenNewWindow,"[""url""]","Search for the sourdough starter guide tomorrow morning, if you please.","{""app"":""google chrome"",""action"":""open_new_window"",""params"":{""url"":""https://www.google.com/search?q=sourdough+starter+guide""}}","Tuesday, 2015-10-20",06:51:43
811,a236447b-0ff5-5b67-876b-a4d6ff8f6374,ChromeOpenNewWindow,"[""url""]",open the weather forcast for sonoma county in a new Google Chrome window,"{""app"":""google chrome"",""action"":""open_new_window"",""params"":{""url"":""https://www.google.com/search?q=weather+in+Sonoma+CA""}}","Friday, 2002-07-26",23:55:17
812,24bbd12e-168a-5465-8096-2f9e1aba2fc8,ChromeOpenNewWindow,"[""url""]",Use chome to fetch the lates news from bbc,"{""app"":""google chrome"",""action"":""open_new_window"",""params"":{""url"":""https://www.bbc.com/news""}}","Saturday, 2005-10-01",09:21:42
813,2bbcacbd-690a-5482-9e4a-0eb936357a2e,ChromeOpenNewWindow,"[""url""]",search google for the December sixteenth market summary.,"{""app"":""google chrome"",""action"":""open_new_window"",""params"":{""url"":""https://www.google.com/search?q=december+sixteenth+market+summary""}}","Friday, 2005-12-16",22:36:01
814,a236447b-0ff5-5b67-876b-a4d6ff8f6374,ChromeOpenNewWindow,"[""url""]",Please open a new Google Chrome window for instagram dot com,"{""app"":""google chrome"",""action"":""open_new_window"",""params"":{""url"":""https://www.instagram.com/""}}","Friday, 2009-05-08",15:20:08
815,24bbd12e-168a-5465-8096-2f9e1aba2fc8,ChromeOpenNewWindow,"[""url""]","Open a new Chrome window and go to facebook feed, fast and quick, ok?","{""app"":""google chrome"",""action"":""open_new_window"",""params"":{""url"":""https://www.facebook.com/""}}","Friday, 2022-02-25",00:31:04
816,2bbcacbd-690a-5482-9e4a-0eb936357a2e,ChromeOpenNewWindow,"[""url""]",search the internet for the NASDAQ overview page.,"{""app"":""google chrome"",""action"":""open_new_window"",""params"":{""url"":""https://www.nasdaq.com/market-activity""}}","Thursday, 2016-08-11",01:43:05
817,a236447b-0ff5-5b67-876b-a4d6ff8f6374,ChromeOpenNewWindow,"[""url""]",can you search the web for tomorrow's forecast in Portland?,"{""app"":""google chrome"",""action"":""open_new_window"",""params"":{""url"":""https://www.google.com/search?q=weather+in+Portland+OR""}}","Sunday, 2017-10-29",08:29:55
818,24bbd12e-168a-5465-8096-2f9e1aba2fc8,ChromeOpenNewWindow,"[""url""]","I need a new Chrome window for the front page of The New York Times, please.","{""app"":""google chrome"",""action"":""open_new_window"",""params"":{""url"":""https://www.nytimes.com/""}}","Monday, 2002-11-25",05:23:05
819,2bbcacbd-690a-5482-9e4a-0eb936357a2e,ChromeOpenNewWindow,"[""url""]",Kindly open a separate Google Chrome window for the S&P 500 market snapshot.,"{""app"":""google chrome"",""action"":""open_new_window"",""params"":{""url"":""https://www.marketwatch.com/tools/markets""}}","Sunday, 2020-01-05",05:30:28
820,a236447b-0ff5-5b67-876b-a4d6ff8f6374,ChromeOpenNewWindow,"[""url""]",Please bring up a new Chrome window for amazon dot com,"{""app"":""google chrome"",""action"":""open_new_window"",""params"":{""url"":""https://www.amazon.com""}}","Sunday, 2020-07-05",18:36:06
821,24bbd12e-168a-5465-8096-2f9e1aba2fc8,ChromeOpenNewWindow,"[""url""]","Open a new Google Chrome window for the latest news on NPR, if you would.","{""app"":""google chrome"",""action"":""open_new_window"",""params"":{""url"":""https://www.npr.org/sections/news/""}}","Sunday, 2022-04-24",02:40:24
822,a236447b-0ff5-5b67-876b-a4d6ff8f6374,ChromeOpenNewWindow,"[""url""]",Could you please open a new Chrome window and search for dog food,"{""app"":""google chrome"",""action"":""open_new_window"",""params"":{""url"":""https://www.google.com/search?q=dog+food""}}","Wednesday, 2025-12-10",20:06:05
823,2bbcacbd-690a-5482-9e4a-0eb936357a2e,ChromeOpenNewWindow,"[""url""]",I would like a new Google Chrome window for the Dow Jones market page.,"{""app"":""google chrome"",""action"":""open_new_window"",""params"":{""url"":""https://www.marketwatch.com/investing/index/djia""}}","Friday, 2027-08-06",14:41:02
824,a236447b-0ff5-5b67-876b-a4d6ff8f6374,ChromeOpenNewWindow,"[""url""]",Please open another Chrome window for my shopify dashboard quickly please,"{""app"":""google chrome"",""action"":""open_new_window"",""params"":{""url"":""https://admin.shopify.com/""}}","Tuesday, 2029-02-06",01:53:25
825,24bbd12e-168a-5465-8096-2f9e1aba2fc8,ChromeOpenNewWindow,"[""url""]",Kindly open a new browser window for the Associated Press news homepage.,"{""app"":""google chrome"",""action"":""open_new_window"",""params"":{""url"":""https://apnews.com/""}}","Tuesday, 2029-03-27",22:39:14
826,716fae7a-cae0-51aa-a5f9-c5f7ab4f7c34,AppleMusicOpen,[],"Please open Apple Music right now, could you kindly get it up for me?","{""app"":""apple-music"",""action"":""open"",""params"":{}}","Sunday, 1995-02-12",05:55:24
827,716fae7a-cae0-51aa-a5f9-c5f7ab4f7c34,AppleMusicOpen,[],"Could you please open apple music this afternoon, I’d like it ready soon?","{""app"":""apple-music"",""action"":""open"",""params"":{}}","Saturday, 1999-05-29",13:23:38
828,716fae7a-cae0-51aa-a5f9-c5f7ab4f7c34,AppleMusicOpen,[],"Please launch Apple Music in a bit, maybe before lunch if that works.","{""app"":""apple-music"",""action"":""open"",""params"":{}}","Monday, 2001-05-07",10:55:54
829,716fae7a-cae0-51aa-a5f9-c5f7ab4f7c34,AppleMusicOpen,[],"Kindly open the Music app this morning, could you get spot i fy ready—no, apple music?","{""app"":""apple-music"",""action"":""open"",""params"":{}}","Saturday, 2002-05-11",05:50:49
830,716fae7a-cae0-51aa-a5f9-c5f7ab4f7c34,AppleMusicOpen,[],Could you open Apple Music tonight when you get a chance?,"{""app"":""apple-music"",""action"":""open"",""params"":{}}","Tuesday, 2004-10-05",00:33:09
831,716fae7a-cae0-51aa-a5f9-c5f7ab4f7c34,AppleMusicOpen,[],"Please bring up apple music in two hours, I want it ready then.","{""app"":""apple-music"",""action"":""open"",""params"":{}}","Sunday, 2006-03-26",06:31:12
832,716fae7a-cae0-51aa-a5f9-c5f7ab4f7c34,AppleMusicOpen,[],"Open Apple Music after lunch, please and thank you.","{""app"":""apple-music"",""action"":""open"",""params"":{}}","Monday, 2006-09-04",09:31:03
833,716fae7a-cae0-51aa-a5f9-c5f7ab4f7c34,AppleMusicOpen,[],"Could you kindly open apple music this evening, maybe around dinner time?","{""app"":""apple-music"",""action"":""open"",""params"":{}}","Saturday, 2013-08-10",19:59:59
834,716fae7a-cae0-51aa-a5f9-c5f7ab4f7c34,AppleMusicOpen,[],"Please open Apple Music tomorrow morning, I’ll need it then.","{""app"":""apple-music"",""action"":""open"",""params"":{}}","Sunday, 2018-07-15",10:01:12
835,716fae7a-cae0-51aa-a5f9-c5f7ab4f7c34,AppleMusicOpen,[],"Would you please start apple music next Wednesday, that would be great?","{""app"":""apple-music"",""action"":""open"",""params"":{}}","Wednesday, 2018-10-24",04:48:57
836,716fae7a-cae0-51aa-a5f9-c5f7ab4f7c34,AppleMusicOpen,[],"Please open Apple Music in thirty minutes, could you kindly do that?","{""app"":""apple-music"",""action"":""open"",""params"":{}}","Friday, 2020-03-13",07:12:12
837,716fae7a-cae0-51aa-a5f9-c5f7ab4f7c34,AppleMusicOpen,[],"Could you open the Music app this Friday afternoon, please?","{""app"":""apple-music"",""action"":""open"",""params"":{}}","Tuesday, 2021-04-06",12:15:02
838,716fae7a-cae0-51aa-a5f9-c5f7ab4f7c34,AppleMusicOpen,[],"Please launch apple music next week, I’d appreciate it.","{""app"":""apple-music"",""action"":""open"",""params"":{}}","Thursday, 2023-06-29",15:30:16
839,716fae7a-cae0-51aa-a5f9-c5f7ab4f7c34,AppleMusicOpen,[],"Kindly open Apple Music tomorrow evening, I’m ready to listen.","{""app"":""apple-music"",""action"":""open"",""params"":{}}","Saturday, 2024-12-28",13:45:55
840,716fae7a-cae0-51aa-a5f9-c5f7ab4f7c34,AppleMusicOpen,[],"Could you please open apple music right away, maybe before my call?","{""app"":""apple-music"",""action"":""open"",""params"":{}}","Tuesday, 2029-07-24",07:18:09
841,3067bbc1-0840-552e-802d-3222bc39e9b5,AppleMusicClose,[],close Music,"{""app"":""apple-music"",""action"":""close"",""params"":{}}","Tuesday, 1990-05-15",22:34:38
842,3067bbc1-0840-552e-802d-3222bc39e9b5,AppleMusicClose,[],quit Apple Music now,"{""app"":""apple-music"",""action"":""close"",""params"":{}}","Saturday, 1990-06-02",11:35:38
843,3067bbc1-0840-552e-802d-3222bc39e9b5,AppleMusicClose,[],please close the Music app,"{""app"":""apple-music"",""action"":""close"",""params"":{}}","Saturday, 1991-08-10",09:24:31
844,3067bbc1-0840-552e-802d-3222bc39e9b5,AppleMusicClose,[],shut down Apple Music,"{""app"":""apple-music"",""action"":""close"",""params"":{}}","Friday, 1995-08-04",22:23:37
845,3067bbc1-0840-552e-802d-3222bc39e9b5,AppleMusicClose,[],close Music for me,"{""app"":""apple-music"",""action"":""close"",""params"":{}}","Saturday, 1995-08-12",17:06:14
846,3067bbc1-0840-552e-802d-3222bc39e9b5,AppleMusicClose,[],exit Apple Music,"{""app"":""apple-music"",""action"":""close"",""params"":{}}","Monday, 2001-08-06",03:30:44
847,3067bbc1-0840-552e-802d-3222bc39e9b5,AppleMusicClose,[],wrap up Music,"{""app"":""apple-music"",""action"":""close"",""params"":{}}","Saturday, 2007-09-15",14:04:56
848,3067bbc1-0840-552e-802d-3222bc39e9b5,AppleMusicClose,[],can you close Apple Music?,"{""app"":""apple-music"",""action"":""close"",""params"":{}}","Sunday, 2008-07-20",01:17:42
849,3067bbc1-0840-552e-802d-3222bc39e9b5,AppleMusicClose,[],quit the Music app,"{""app"":""apple-music"",""action"":""close"",""params"":{}}","Thursday, 2020-03-26",05:35:39
850,3067bbc1-0840-552e-802d-3222bc39e9b5,AppleMusicClose,[],close Apple Music please,"{""app"":""apple-music"",""action"":""close"",""params"":{}}","Monday, 2022-07-04",17:49:39
851,3067bbc1-0840-552e-802d-3222bc39e9b5,AppleMusicClose,[],stop Music,"{""app"":""apple-music"",""action"":""close"",""params"":{}}","Wednesday, 2024-02-14",04:29:35
852,3067bbc1-0840-552e-802d-3222bc39e9b5,AppleMusicClose,[],please quit Apple Music,"{""app"":""apple-music"",""action"":""close"",""params"":{}}","Wednesday, 2024-02-21",05:31:35
853,3067bbc1-0840-552e-802d-3222bc39e9b5,AppleMusicClose,[],close the music player,"{""app"":""apple-music"",""action"":""close"",""params"":{}}","Friday, 2028-03-03",02:30:45
854,3067bbc1-0840-552e-802d-3222bc39e9b5,AppleMusicClose,[],shut Music down,"{""app"":""apple-music"",""action"":""close"",""params"":{}}","Thursday, 2029-03-08",03:09:29
855,3067bbc1-0840-552e-802d-3222bc39e9b5,AppleMusicClose,[],end Apple Music,"{""app"":""apple-music"",""action"":""close"",""params"":{}}","Monday, 2030-07-22",05:26:51
856,b10e5592-2cc8-5d34-bf3d-d0e55b0f92e4,AppleMusicTrackChange,"[""direction""]",Please skip to the next track.,"{""app"":""apple-music"",""action"":""change_track"",""params"":{""direction"":""next""}}","Friday, 1995-07-14",09:47:07
857,5a7a9d81-f1e6-530c-b984-bbde4f2afc05,AppleMusicTrackChange,"[""direction""]",Would you kindly move to the previous song for me?,"{""app"":""apple-music"",""action"":""change_track"",""params"":{""direction"":""previous""}}","Thursday, 1996-03-21",02:44:45
858,b10e5592-2cc8-5d34-bf3d-d0e55b0f92e4,AppleMusicTrackChange,"[""direction""]",Could you please advance to the next track now?,"{""app"":""apple-music"",""action"":""change_track"",""params"":{""direction"":""next""}}","Sunday, 2000-03-05",06:55:23
859,5a7a9d81-f1e6-530c-b984-bbde4f2afc05,AppleMusicTrackChange,"[""direction""]",I would appreciate it if you could go back to the previous song.,"{""app"":""apple-music"",""action"":""change_track"",""params"":{""direction"":""previous""}}","Friday, 2002-12-27",20:39:35
860,b10e5592-2cc8-5d34-bf3d-d0e55b0f92e4,AppleMusicTrackChange,"[""direction""]",Please play the next track.,"{""app"":""apple-music"",""action"":""change_track"",""params"":{""direction"":""next""}}","Thursday, 2004-11-25",03:15:58
861,5a7a9d81-f1e6-530c-b984-bbde4f2afc05,AppleMusicTrackChange,"[""direction""]",Kindly return to the previous track.,"{""app"":""apple-music"",""action"":""change_track"",""params"":{""direction"":""previous""}}","Friday, 2004-12-03",02:12:58
862,b10e5592-2cc8-5d34-bf3d-d0e55b0f92e4,AppleMusicTrackChange,"[""direction""]",Could you skip forward to the next song?,"{""app"":""apple-music"",""action"":""change_track"",""params"":{""direction"":""next""}}","Monday, 2006-01-02",17:46:58
863,5a7a9d81-f1e6-530c-b984-bbde4f2afc05,AppleMusicTrackChange,"[""direction""]",Please go back one track.,"{""app"":""apple-music"",""action"":""change_track"",""params"":{""direction"":""previous""}}","Monday, 2008-01-28",13:23:59
864,b10e5592-2cc8-5d34-bf3d-d0e55b0f92e4,AppleMusicTrackChange,"[""direction""]",I would like you to advance to the next song.,"{""app"":""apple-music"",""action"":""change_track"",""params"":{""direction"":""next""}}","Sunday, 2009-09-13",05:54:48
865,5a7a9d81-f1e6-530c-b984-bbde4f2afc05,AppleMusicTrackChange,"[""direction""]",Would you please switch to the previous track?,"{""app"":""apple-music"",""action"":""change_track"",""params"":{""direction"":""previous""}}","Saturday, 2011-12-03",05:51:49
866,b10e5592-2cc8-5d34-bf3d-d0e55b0f92e4,AppleMusicTrackChange,"[""direction""]",Please jump ahead to the next track.,"{""app"":""apple-music"",""action"":""change_track"",""params"":{""direction"":""next""}}","Monday, 2013-03-25",12:02:56
867,5a7a9d81-f1e6-530c-b984-bbde4f2afc05,AppleMusicTrackChange,"[""direction""]",Could you kindly revert to the previous song?,"{""app"":""apple-music"",""action"":""change_track"",""params"":{""direction"":""previous""}}","Tuesday, 2013-05-14",20:30:21
868,b10e5592-2cc8-5d34-bf3d-d0e55b0f92e4,AppleMusicTrackChange,"[""direction""]","I need the next track, please.","{""app"":""apple-music"",""action"":""change_track"",""params"":{""direction"":""next""}}","Sunday, 2013-05-19",14:42:04
869,5a7a9d81-f1e6-530c-b984-bbde4f2afc05,AppleMusicTrackChange,"[""direction""]",Please take me to the previous song.,"{""app"":""apple-music"",""action"":""change_track"",""params"":{""direction"":""previous""}}","Saturday, 2021-05-08",19:42:30
870,b10e5592-2cc8-5d34-bf3d-d0e55b0f92e4,AppleMusicTrackChange,"[""direction""]","At this moment, kindly move on to the next track.","{""app"":""apple-music"",""action"":""change_track"",""params"":{""direction"":""next""}}","Wednesday, 2028-04-19",00:26:00
871,68bd4d7d-e94f-5a25-a71b-0c4c23de9c6f,AppleMusicTrackChange,"[""direction""]",next track,"{""app"":""apple-music"",""action"":""change_track"",""params"":{""direction"":""next""}}","Wednesday, 1992-09-16",05:16:44
872,68bd4d7d-e94f-5a25-a71b-0c4c23de9c6f,AppleMusicTrackChange,"[""direction""]",skip this song,"{""app"":""apple-music"",""action"":""change_track"",""params"":{""direction"":""next""}}","Thursday, 1993-04-29",11:35:17
873,68bd4d7d-e94f-5a25-a71b-0c4c23de9c6f,AppleMusicTrackChange,"[""direction""]",go to the next song,"{""app"":""apple-music"",""action"":""change_track"",""params"":{""direction"":""next""}}","Thursday, 1999-02-25",17:10:06
874,14fa332e-8402-5855-924c-b57ab2cd3a6d,AppleMusicTrackChange,"[""direction""]",previous track,"{""app"":""apple-music"",""action"":""change_track"",""params"":{""direction"":""previous""}}","Sunday, 1999-07-04",23:53:53
875,14fa332e-8402-5855-924c-b57ab2cd3a6d,AppleMusicTrackChange,"[""direction""]",go back one song,"{""app"":""apple-music"",""action"":""change_track"",""params"":{""direction"":""previous""}}","Friday, 1999-07-16",08:46:48
876,14fa332e-8402-5855-924c-b57ab2cd3a6d,AppleMusicTrackChange,"[""direction""]",play the last track again,"{""app"":""apple-music"",""action"":""change_track"",""params"":{""direction"":""previous""}}","Saturday, 2001-02-24",13:19:35
877,68bd4d7d-e94f-5a25-a71b-0c4c23de9c6f,AppleMusicTrackChange,"[""direction""]",skip ahead to the next one,"{""app"":""apple-music"",""action"":""change_track"",""params"":{""direction"":""next""}}","Monday, 2003-04-14",05:06:49
878,14fa332e-8402-5855-924c-b57ab2cd3a6d,AppleMusicTrackChange,"[""direction""]",move back to the previous track,"{""app"":""apple-music"",""action"":""change_track"",""params"":{""direction"":""previous""}}","Friday, 2007-01-05",21:16:11
879,68bd4d7d-e94f-5a25-a71b-0c4c23de9c6f,AppleMusicTrackChange,"[""direction""]",next song please,"{""app"":""apple-music"",""action"":""change_track"",""params"":{""direction"":""next""}}","Tuesday, 2007-12-11",12:48:07
880,68bd4d7d-e94f-5a25-a71b-0c4c23de9c6f,AppleMusicTrackChange,"[""direction""]",skip this one and play the next track,"{""app"":""apple-music"",""action"":""change_track"",""params"":{""direction"":""next""}}","Thursday, 2009-06-25",15:33:10
881,14fa332e-8402-5855-924c-b57ab2cd3a6d,AppleMusicTrackChange,"[""direction""]",go back to the previous song,"{""app"":""apple-music"",""action"":""change_track"",""params"":{""direction"":""previous""}}","Saturday, 2010-07-24",08:02:10
882,68bd4d7d-e94f-5a25-a71b-0c4c23de9c6f,AppleMusicTrackChange,"[""direction""]",switch to the next track,"{""app"":""apple-music"",""action"":""change_track"",""params"":{""direction"":""next""}}","Monday, 2019-06-17",16:11:02
883,14fa332e-8402-5855-924c-b57ab2cd3a6d,AppleMusicTrackChange,"[""direction""]",rewind to the prior song,"{""app"":""apple-music"",""action"":""change_track"",""params"":{""direction"":""previous""}}","Saturday, 2019-10-05",23:02:35
884,68bd4d7d-e94f-5a25-a71b-0c4c23de9c6f,AppleMusicTrackChange,"[""direction""]",advance to the next song,"{""app"":""apple-music"",""action"":""change_track"",""params"":{""direction"":""next""}}","Sunday, 2023-09-24",14:02:11
885,14fa332e-8402-5855-924c-b57ab2cd3a6d,AppleMusicTrackChange,"[""direction""]",back up one track,"{""app"":""apple-music"",""action"":""change_track"",""params"":{""direction"":""previous""}}","Tuesday, 2025-06-03",08:40:57
886,2f98391c-21e2-5152-a613-43c571a0f2cf,AppleMusicTogglePlayback,"[""state""]","hey can you play Apple Music for me, it's Sunday morning and I wanna get going","{""app"":""apple-music"",""action"":""toggle_playback"",""params"":{""state"":""play""}}","Sunday, 1990-07-22",08:09:55
887,2f98391c-21e2-5152-a613-43c571a0f2cf,AppleMusicTogglePlayback,"[""state""]","pause the tunes on Apple Music, I'm kinda done with it for now","{""app"":""apple-music"",""action"":""toggle_playback"",""params"":{""state"":""pause""}}","Thursday, 1991-01-31",04:20:36
888,2f98391c-21e2-5152-a613-43c571a0f2cf,AppleMusicTogglePlayback,"[""state""]","could you play my Apple Music stuff again, like right now","{""app"":""apple-music"",""action"":""toggle_playback"",""params"":{""state"":""play""}}","Friday, 1992-02-14",02:22:01
889,2f98391c-21e2-5152-a613-43c571a0f2cf,AppleMusicTogglePlayback,"[""state""]","stop Apple Music for a sec, I need the quiet","{""app"":""apple-music"",""action"":""toggle_playback"",""params"":{""state"":""pause""}}","Sunday, 1995-09-24",07:55:57
890,2f98391c-21e2-5152-a613-43c571a0f2cf,AppleMusicTogglePlayback,"[""state""]","alright, play Apple Music and let it roll","{""app"":""apple-music"",""action"":""toggle_playback"",""params"":{""state"":""play""}}","Wednesday, 1998-09-02",11:45:23
891,2f98391c-21e2-5152-a613-43c571a0f2cf,AppleMusicTogglePlayback,"[""state""]","pause the song in Apple Music, please","{""app"":""apple-music"",""action"":""toggle_playback"",""params"":{""state"":""pause""}}","Sunday, 1999-05-30",13:56:37
892,2f98391c-21e2-5152-a613-43c571a0f2cf,AppleMusicTogglePlayback,"[""state""]","hey, play my Apple Music now while I get ready","{""app"":""apple-music"",""action"":""toggle_playback"",""params"":{""state"":""play""}}","Monday, 2002-08-26",08:58:51
893,2f98391c-21e2-5152-a613-43c571a0f2cf,AppleMusicTogglePlayback,"[""state""]","can you pause Apple Music, it's getting a bit much","{""app"":""apple-music"",""action"":""toggle_playback"",""params"":{""state"":""pause""}}","Sunday, 2005-06-19",18:28:45
894,2f98391c-21e2-5152-a613-43c571a0f2cf,AppleMusicTogglePlayback,"[""state""]","put Apple Music on play again, cheers","{""app"":""apple-music"",""action"":""toggle_playback"",""params"":{""state"":""play""}}","Saturday, 2007-12-01",05:30:50
895,2f98391c-21e2-5152-a613-43c571a0f2cf,AppleMusicTogglePlayback,"[""state""]","pause it in Apple Music, no more for now","{""app"":""apple-music"",""action"":""toggle_playback"",""params"":{""state"":""pause""}}","Wednesday, 2010-08-11",01:27:46
896,2f98391c-21e2-5152-a613-43c571a0f2cf,AppleMusicTogglePlayback,"[""state""]","can you get Apple Music playing again, thanks","{""app"":""apple-music"",""action"":""toggle_playback"",""params"":{""state"":""play""}}","Wednesday, 2011-11-16",04:40:10
897,2f98391c-21e2-5152-a613-43c571a0f2cf,AppleMusicTogglePlayback,"[""state""]","pause the Apple Music track, I'm gonna sit with this quiet","{""app"":""apple-music"",""action"":""toggle_playback"",""params"":{""state"":""pause""}}","Sunday, 2011-12-25",17:11:10
898,2f98391c-21e2-5152-a613-43c571a0f2cf,AppleMusicTogglePlayback,"[""state""]","hey, play Apple Music for me while I cook","{""app"":""apple-music"",""action"":""toggle_playback"",""params"":{""state"":""play""}}","Saturday, 2014-05-10",16:40:00
899,2f98391c-21e2-5152-a613-43c571a0f2cf,AppleMusicTogglePlayback,"[""state""]","could you pause Apple Music real quick, I gotta hear something else","{""app"":""apple-music"",""action"":""toggle_playback"",""params"":{""state"":""pause""}}","Sunday, 2016-06-26",19:27:13
900,2f98391c-21e2-5152-a613-43c571a0f2cf,AppleMusicTogglePlayback,"[""state""]","alright, play the Apple Music again, let's go","{""app"":""apple-music"",""action"":""toggle_playback"",""params"":{""state"":""play""}}","Wednesday, 2027-06-30",07:33:00
901,2f98391c-21e2-5152-a613-43c571a0f2cf,AppleMusicTogglePlayback,"[""state""]","Please play Apple Music now, thanks.","{""app"":""apple-music"",""action"":""toggle_playback"",""params"":{""state"":""play""}}","Wednesday, 1990-02-21",06:20:38
902,2f98391c-21e2-5152-a613-43c571a0f2cf,AppleMusicTogglePlayback,"[""state""]",Could you kindly resume the music for me?,"{""app"":""apple-music"",""action"":""toggle_playback"",""params"":{""state"":""play""}}","Monday, 1990-03-26",14:13:54
903,2f98391c-21e2-5152-a613-43c571a0f2cf,AppleMusicTogglePlayback,"[""state""]",Please start playback in Apple Music.,"{""app"":""apple-music"",""action"":""toggle_playback"",""params"":{""state"":""play""}}","Monday, 1991-02-04",20:40:54
904,b516f9c1-520f-5d0d-91dd-378ec1fe3eaa,AppleMusicTogglePlayback,"[""state""]",Would you kindly pause the song for a moment?,"{""app"":""apple-music"",""action"":""toggle_playback"",""params"":{""state"":""pause""}}","Wednesday, 1994-07-27",21:33:35
905,b516f9c1-520f-5d0d-91dd-378ec1fe3eaa,AppleMusicTogglePlayback,"[""state""]","Please stop the track in Apple Music, thanks.","{""app"":""apple-music"",""action"":""toggle_playback"",""params"":{""state"":""pause""}}","Wednesday, 1997-04-30",19:55:03
906,b516f9c1-520f-5d0d-91dd-378ec1fe3eaa,AppleMusicTogglePlayback,"[""state""]",Could you please pause the playlist now?,"{""app"":""apple-music"",""action"":""toggle_playback"",""params"":{""state"":""pause""}}","Sunday, 2006-04-16",14:24:43
907,2f98391c-21e2-5152-a613-43c571a0f2cf,AppleMusicTogglePlayback,"[""state""]",Please play the album again.,"{""app"":""apple-music"",""action"":""toggle_playback"",""params"":{""state"":""play""}}","Monday, 2012-10-08",08:06:12
908,b516f9c1-520f-5d0d-91dd-378ec1fe3eaa,AppleMusicTogglePlayback,"[""state""]",Kindly pause Apple Music for me.,"{""app"":""apple-music"",""action"":""toggle_playback"",""params"":{""state"":""pause""}}","Monday, 2015-03-30",23:00:28
909,2f98391c-21e2-5152-a613-43c571a0f2cf,AppleMusicTogglePlayback,"[""state""]","Could you please resume playback, thanks?","{""app"":""apple-music"",""action"":""toggle_playback"",""params"":{""state"":""play""}}","Wednesday, 2016-05-04",06:22:20
910,b516f9c1-520f-5d0d-91dd-378ec1fe3eaa,AppleMusicTogglePlayback,"[""state""]",Please pause the audio in Apple Music.,"{""app"":""apple-music"",""action"":""toggle_playback"",""params"":{""state"":""pause""}}","Friday, 2016-09-16",05:18:36
911,2f98391c-21e2-5152-a613-43c571a0f2cf,AppleMusicTogglePlayback,"[""state""]",Would you kindly start the next track?,"{""app"":""apple-music"",""action"":""toggle_playback"",""params"":{""state"":""play""}}","Wednesday, 2022-02-16",07:30:24
912,b516f9c1-520f-5d0d-91dd-378ec1fe3eaa,AppleMusicTogglePlayback,"[""state""]",Please pause the current song.,"{""app"":""apple-music"",""action"":""toggle_playback"",""params"":{""state"":""pause""}}","Monday, 2024-01-08",09:14:14
913,2f98391c-21e2-5152-a613-43c571a0f2cf,AppleMusicTogglePlayback,"[""state""]",Could you please play my Apple Music queue?,"{""app"":""apple-music"",""action"":""toggle_playback"",""params"":{""state"":""play""}}","Thursday, 2024-08-15",00:06:42
914,b516f9c1-520f-5d0d-91dd-378ec1fe3eaa,AppleMusicTogglePlayback,"[""state""]","Kindly pause the music, if you don't mind.","{""app"":""apple-music"",""action"":""toggle_playback"",""params"":{""state"":""pause""}}","Tuesday, 2025-09-09",14:25:34
915,2f98391c-21e2-5152-a613-43c571a0f2cf,AppleMusicTogglePlayback,"[""state""]","Please resume playback in Apple Music, thanks.","{""app"":""apple-music"",""action"":""toggle_playback"",""params"":{""state"":""play""}}","Friday, 2030-06-28",11:06:00
916,5bda04b8-606a-5ee6-8e45-bc077d963840,AppleMusicGetPlayingSongDetails,[],Please tell me what song is playing right now; I would appreciate the title and artist.,"{""app"":""apple-music"",""action"":""get_playing_song_details"",""params"":{}}","Thursday, 1992-12-03",21:06:16
917,5bda04b8-606a-5ee6-8e45-bc077d963840,AppleMusicGetPlayingSongDetails,[],Could you kindly let me know the details of the track that is on at the moment?,"{""app"":""apple-music"",""action"":""get_playing_song_details"",""params"":{}}","Tuesday, 1996-12-17",04:22:56
918,5bda04b8-606a-5ee6-8e45-bc077d963840,AppleMusicGetPlayingSongDetails,[],I would appreciate it if you could identify the song currently playing in Apple Music.,"{""app"":""apple-music"",""action"":""get_playing_song_details"",""params"":{}}","Tuesday, 1998-03-24",15:02:12
919,5bda04b8-606a-5ee6-8e45-bc077d963840,AppleMusicGetPlayingSongDetails,[],Please inform me which track is playing at this very moment.,"{""app"":""apple-music"",""action"":""get_playing_song_details"",""params"":{}}","Thursday, 2002-01-03",05:57:47
920,5bda04b8-606a-5ee6-8e45-bc077d963840,AppleMusicGetPlayingSongDetails,[],"What is the name of the piece that is playing now, if you would be so kind?","{""app"":""apple-music"",""action"":""get_playing_song_details"",""params"":{}}","Thursday, 2003-12-25",22:53:35
921,5bda04b8-606a-5ee6-8e45-bc077d963840,AppleMusicGetPlayingSongDetails,[],Could you check the song that is on right now and tell me its details?,"{""app"":""apple-music"",""action"":""get_playing_song_details"",""params"":{}}","Saturday, 2006-07-15",03:43:02
922,5bda04b8-606a-5ee6-8e45-bc077d963840,AppleMusicGetPlayingSongDetails,[],Please say what artist and track are playing at the moment.,"{""app"":""apple-music"",""action"":""get_playing_song_details"",""params"":{}}","Thursday, 2009-07-23",10:35:03
923,5bda04b8-606a-5ee6-8e45-bc077d963840,AppleMusicGetPlayingSongDetails,[],I need the details for whatever tune is currently on.,"{""app"":""apple-music"",""action"":""get_playing_song_details"",""params"":{}}","Sunday, 2010-03-07",11:02:49
924,5bda04b8-606a-5ee6-8e45-bc077d963840,AppleMusicGetPlayingSongDetails,[],Would you kindly identify the current song for me right now?,"{""app"":""apple-music"",""action"":""get_playing_song_details"",""params"":{}}","Sunday, 2014-12-28",21:00:04
925,5bda04b8-606a-5ee6-8e45-bc077d963840,AppleMusicGetPlayingSongDetails,[],"Tell me which recording is playing this instant, please.","{""app"":""apple-music"",""action"":""get_playing_song_details"",""params"":{}}","Tuesday, 2016-02-09",17:30:49
926,5bda04b8-606a-5ee6-8e45-bc077d963840,AppleMusicGetPlayingSongDetails,[],Could you please fetch the title of the song that is currently on in Apple Musick?,"{""app"":""apple-music"",""action"":""get_playing_song_details"",""params"":{}}","Monday, 2017-06-26",21:44:17
927,5bda04b8-606a-5ee6-8e45-bc077d963840,AppleMusicGetPlayingSongDetails,[],I would like to know what is playing at the present time.,"{""app"":""apple-music"",""action"":""get_playing_song_details"",""params"":{}}","Thursday, 2021-01-28",18:08:16
928,5bda04b8-606a-5ee6-8e45-bc077d963840,AppleMusicGetPlayingSongDetails,[],Please identify the track that is on just now; I think it is on Apple Music.,"{""app"":""apple-music"",""action"":""get_playing_song_details"",""params"":{}}","Thursday, 2023-05-04",22:58:19
929,5bda04b8-606a-5ee6-8e45-bc077d963840,AppleMusicGetPlayingSongDetails,[],"Could you let me know the song that is playing at this moment, with the artist if possible?","{""app"":""apple-music"",""action"":""get_playing_song_details"",""params"":{}}","Friday, 2025-04-18",16:20:15
930,5bda04b8-606a-5ee6-8e45-bc077d963840,AppleMusicGetPlayingSongDetails,[],I would appreciate it if you could tell me the name of the track that is playing now.,"{""app"":""apple-music"",""action"":""get_playing_song_details"",""params"":{}}","Friday, 2025-06-20",21:35:28
931,b268c0f5-6f64-5a95-b4c2-ce63593056e7,AppleMusicAddToFavorites,[],favorite this track,"{""app"":""apple-music"",""action"":""add_to_favorites"",""params"":{}}","Monday, 1992-08-17",11:28:40
932,b268c0f5-6f64-5a95-b4c2-ce63593056e7,AppleMusicAddToFavorites,[],add this song to favorites,"{""app"":""apple-music"",""action"":""add_to_favorites"",""params"":{}}","Monday, 1995-01-16",14:40:55
933,b268c0f5-6f64-5a95-b4c2-ce63593056e7,AppleMusicAddToFavorites,[],make this one a favorite,"{""app"":""apple-music"",""action"":""add_to_favorites"",""params"":{}}","Friday, 1999-01-08",07:29:14
934,b268c0f5-6f64-5a95-b4c2-ce63593056e7,AppleMusicAddToFavorites,[],please favorite the current song,"{""app"":""apple-music"",""action"":""add_to_favorites"",""params"":{}}","Tuesday, 2003-03-18",14:49:26
935,b268c0f5-6f64-5a95-b4c2-ce63593056e7,AppleMusicAddToFavorites,[],heart this track for me,"{""app"":""apple-music"",""action"":""add_to_favorites"",""params"":{}}","Tuesday, 2008-01-22",23:37:25
936,b268c0f5-6f64-5a95-b4c2-ce63593056e7,AppleMusicAddToFavorites,[],save this song to my favorites,"{""app"":""apple-music"",""action"":""add_to_favorites"",""params"":{}}","Tuesday, 2010-08-03",21:19:31
937,b268c0f5-6f64-5a95-b4c2-ce63593056e7,AppleMusicAddToFavorites,[],mark the playing song as a favorite,"{""app"":""apple-music"",""action"":""add_to_favorites"",""params"":{}}","Tuesday, 2010-12-14",06:54:39
938,b268c0f5-6f64-5a95-b4c2-ce63593056e7,AppleMusicAddToFavorites,[],add the current track to my favorites,"{""app"":""apple-music"",""action"":""add_to_favorites"",""params"":{}}","Wednesday, 2015-07-08",11:43:30
939,b268c0f5-6f64-5a95-b4c2-ce63593056e7,AppleMusicAddToFavorites,[],favorite this tune,"{""app"":""apple-music"",""action"":""add_to_favorites"",""params"":{}}","Monday, 2017-08-14",04:57:00
940,b268c0f5-6f64-5a95-b4c2-ce63593056e7,AppleMusicAddToFavorites,[],put this song in my favorites,"{""app"":""apple-music"",""action"":""add_to_favorites"",""params"":{}}","Saturday, 2019-09-21",00:56:37
941,b268c0f5-6f64-5a95-b4c2-ce63593056e7,AppleMusicAddToFavorites,[],I want this track in favorites,"{""app"":""apple-music"",""action"":""add_to_favorites"",""params"":{}}","Sunday, 2021-09-12",12:21:22
942,b268c0f5-6f64-5a95-b4c2-ce63593056e7,AppleMusicAddToFavorites,[],fave this one,"{""app"":""apple-music"",""action"":""add_to_favorites"",""params"":{}}","Saturday, 2021-11-06",07:15:24
943,b268c0f5-6f64-5a95-b4c2-ce63593056e7,AppleMusicAddToFavorites,[],love this song,"{""app"":""apple-music"",""action"":""add_to_favorites"",""params"":{}}","Tuesday, 2023-07-18",08:44:01
944,b268c0f5-6f64-5a95-b4c2-ce63593056e7,AppleMusicAddToFavorites,[],make this track a favorite now,"{""app"":""apple-music"",""action"":""add_to_favorites"",""params"":{}}","Friday, 2025-07-04",07:31:11
945,b268c0f5-6f64-5a95-b4c2-ce63593056e7,AppleMusicAddToFavorites,[],add this tune to favorites,"{""app"":""apple-music"",""action"":""add_to_favorites"",""params"":{}}","Thursday, 2025-10-23",19:25:38
946,bfab6685-7f2f-5138-aa4c-6b5514a705ba,AppleMusicRemoveFromFavorites,[],Please remove the song I just added to favorites in Apple Music.,"{""app"":""apple-music"",""action"":""remove_from_favorites"",""params"":{}}","Monday, 1992-01-27",23:33:42
947,bfab6685-7f2f-5138-aa4c-6b5514a705ba,AppleMusicRemoveFromFavorites,[],I would appreciate it if you could take that track out of my favorites in Apple Music.,"{""app"":""apple-music"",""action"":""remove_from_favorites"",""params"":{}}","Monday, 1992-01-27",23:33:42
948,bfab6685-7f2f-5138-aa4c-6b5514a705ba,AppleMusicRemoveFromFavorites,[],Kindly un-favorite the current song in spot i fy music.,"{""app"":""apple-music"",""action"":""remove_from_favorites"",""params"":{}}","Monday, 1992-01-27",23:33:42
949,e043f1d6-295b-578d-ae86-8dd8dfb37934,AppleMusicRemoveFromFavorites,[],Please remove the song from my favorites in Apple Music.,"{""app"":""apple-music"",""action"":""remove_from_favorites"",""params"":{}}","Saturday, 1994-10-29",08:35:41
950,e043f1d6-295b-578d-ae86-8dd8dfb37934,AppleMusicRemoveFromFavorites,[],Could you kindly delete this track from favorites in apple music?,"{""app"":""apple-music"",""action"":""remove_from_favorites"",""params"":{}}","Saturday, 1994-10-29",08:35:41
951,e043f1d6-295b-578d-ae86-8dd8dfb37934,AppleMusicRemoveFromFavorites,[],"Take the current tune out of my favorites, please.","{""app"":""apple-music"",""action"":""remove_from_favorites"",""params"":{}}","Saturday, 1994-10-29",08:35:41
952,e043f1d6-295b-578d-ae86-8dd8dfb37934,AppleMusicRemoveFromFavorites,[],Please unheart the song in Apple Music for me.,"{""app"":""apple-music"",""action"":""remove_from_favorites"",""params"":{}}","Friday, 1995-03-10",04:47:38
953,e043f1d6-295b-578d-ae86-8dd8dfb37934,AppleMusicRemoveFromFavorites,[],I would appreciate it if you could remove this tune from my favorites.,"{""app"":""apple-music"",""action"":""remove_from_favorites"",""params"":{}}","Friday, 1995-03-10",04:47:38
954,e043f1d6-295b-578d-ae86-8dd8dfb37934,AppleMusicRemoveFromFavorites,[],Kindly clear the star from the current track in spot if y music.,"{""app"":""apple-music"",""action"":""remove_from_favorites"",""params"":{}}","Friday, 1995-03-10",04:47:38
955,a46f44b8-f225-57d0-9568-976ea5735e3b,AppleMusicRemoveFromFavorites,[],Please remove the album from my favorites in Apple Music.,"{""app"":""apple-music"",""action"":""remove_from_favorites"",""params"":{}}","Monday, 1999-09-13",13:46:08
956,a46f44b8-f225-57d0-9568-976ea5735e3b,AppleMusicRemoveFromFavorites,[],"Could you take this album out of favorites, please?","{""app"":""apple-music"",""action"":""remove_from_favorites"",""params"":{}}","Monday, 1999-09-13",13:46:08
957,a46f44b8-f225-57d0-9568-976ea5735e3b,AppleMusicRemoveFromFavorites,[],I would appreciate it if you could un-favorite the current album in Apple Music.,"{""app"":""apple-music"",""action"":""remove_from_favorites"",""params"":{}}","Monday, 1999-09-13",13:46:08
958,6806c1df-2378-5946-8317-8d5729e1e44a,AppleMusicRemoveFromFavorites,[],Please remove the artist from my favorites in Apple Music.,"{""app"":""apple-music"",""action"":""remove_from_favorites"",""params"":{}}","Saturday, 2006-09-23",05:56:38
959,6806c1df-2378-5946-8317-8d5729e1e44a,AppleMusicRemoveFromFavorites,[],Kindly delete this artist from favorites in Apple Music.,"{""app"":""apple-music"",""action"":""remove_from_favorites"",""params"":{}}","Saturday, 2006-09-23",05:56:38
960,6806c1df-2378-5946-8317-8d5729e1e44a,AppleMusicRemoveFromFavorites,[],Could you please unheart the current artist in apple music?,"{""app"":""apple-music"",""action"":""remove_from_favorites"",""params"":{}}","Saturday, 2006-09-23",05:56:38
961,5b3e8284-fb3d-5cbb-89b9-58f7c88bbcb1,AppleMusicShuffle,"[""state""]",turn shuffle on in Apple Music,"{""app"":""apple-music"",""action"":""shuffle"",""params"":{""state"":""on""}}","Monday, 1994-04-11",11:19:14
962,5b3e8284-fb3d-5cbb-89b9-58f7c88bbcb1,AppleMusicShuffle,"[""state""]",switch shuffle off for Apple Music,"{""app"":""apple-music"",""action"":""shuffle"",""params"":{""state"":""off""}}","Tuesday, 1995-05-23",19:52:29
963,5b3e8284-fb3d-5cbb-89b9-58f7c88bbcb1,AppleMusicShuffle,"[""state""]",enable shuffle in Apple Music for this afternoon,"{""app"":""apple-music"",""action"":""shuffle"",""params"":{""state"":""on""}}","Saturday, 1995-08-05",12:28:25
964,5b3e8284-fb3d-5cbb-89b9-58f7c88bbcb1,AppleMusicShuffle,"[""state""]",turn shuffle off in Apple Music tonight,"{""app"":""apple-music"",""action"":""shuffle"",""params"":{""state"":""off""}}","Tuesday, 1996-01-16",23:47:11
965,5b3e8284-fb3d-5cbb-89b9-58f7c88bbcb1,AppleMusicShuffle,"[""state""]",put Apple Music on shuffle now,"{""app"":""apple-music"",""action"":""shuffle"",""params"":{""state"":""on""}}","Friday, 2000-05-26",18:10:09
966,5b3e8284-fb3d-5cbb-89b9-58f7c88bbcb1,AppleMusicShuffle,"[""state""]",disable shuffle in Apple Music for the rest of the evening,"{""app"":""apple-music"",""action"":""shuffle"",""params"":{""state"":""off""}}","Sunday, 2005-08-07",20:57:47
967,5b3e8284-fb3d-5cbb-89b9-58f7c88bbcb1,AppleMusicShuffle,"[""state""]",make Apple Music shuffle on,"{""app"":""apple-music"",""action"":""shuffle"",""params"":{""state"":""on""}}","Friday, 2006-02-17",19:15:20
968,5b3e8284-fb3d-5cbb-89b9-58f7c88bbcb1,AppleMusicShuffle,"[""state""]",stop shuffling in Apple Music,"{""app"":""apple-music"",""action"":""shuffle"",""params"":{""state"":""off""}}","Wednesday, 2007-02-07",13:13:40
969,5b3e8284-fb3d-5cbb-89b9-58f7c88bbcb1,AppleMusicShuffle,"[""state""]",shuffle Apple Music on for this evening,"{""app"":""apple-music"",""action"":""shuffle"",""params"":{""state"":""on""}}","Sunday, 2015-07-19",19:20:23
970,5b3e8284-fb3d-5cbb-89b9-58f7c88bbcb1,AppleMusicShuffle,"[""state""]",please turn shuffle off in Apple Music,"{""app"":""apple-music"",""action"":""shuffle"",""params"":{""state"":""off""}}","Monday, 2017-01-09",20:46:14
971,5b3e8284-fb3d-5cbb-89b9-58f7c88bbcb1,AppleMusicShuffle,"[""state""]",set Apple Music to shuffle on,"{""app"":""apple-music"",""action"":""shuffle"",""params"":{""state"":""on""}}","Wednesday, 2019-04-10",02:29:24
972,5b3e8284-fb3d-5cbb-89b9-58f7c88bbcb1,AppleMusicShuffle,"[""state""]",I want shuffle off in Apple Music,"{""app"":""apple-music"",""action"":""shuffle"",""params"":{""state"":""off""}}","Wednesday, 2019-07-03",03:28:52
973,5b3e8284-fb3d-5cbb-89b9-58f7c88bbcb1,AppleMusicShuffle,"[""state""]",activate shuffle in Apple Music,"{""app"":""apple-music"",""action"":""shuffle"",""params"":{""state"":""on""}}","Thursday, 2020-04-16",21:53:22
974,5b3e8284-fb3d-5cbb-89b9-58f7c88bbcb1,AppleMusicShuffle,"[""state""]",turn off shuffle in Apple Music before breakfast,"{""app"":""apple-music"",""action"":""shuffle"",""params"":{""state"":""off""}}","Thursday, 2025-09-04",08:24:02
975,5b3e8284-fb3d-5cbb-89b9-58f7c88bbcb1,AppleMusicShuffle,"[""state""]",could you please turn shuffle on in Apple Music right now,"{""app"":""apple-music"",""action"":""shuffle"",""params"":{""state"":""on""}}","Monday, 2029-07-30",04:39:40
976,f4807cef-11e6-53c0-ad52-a4d4add5e3e2,AppleMusicShuffle,"[""state""]","hey, turn shuffel on for Apple Music this morning","{""app"":""apple-music"",""action"":""shuffle"",""params"":{""state"":""on""}}","Saturday, 1998-05-23",02:54:22
977,b06221d1-62d5-5ddb-ad24-a4e7db4835b2,AppleMusicShuffle,"[""state""]",could you switch shuffel off in apple music tonight,"{""app"":""apple-music"",""action"":""shuffle"",""params"":{""state"":""off""}}","Saturday, 2000-09-30",21:31:25
978,f4807cef-11e6-53c0-ad52-a4d4add5e3e2,AppleMusicShuffle,"[""state""]","yo, put shuffle on for my music right now","{""app"":""apple-music"",""action"":""shuffle"",""params"":{""state"":""on""}}","Monday, 2002-04-15",07:25:53
979,b06221d1-62d5-5ddb-ad24-a4e7db4835b2,AppleMusicShuffle,"[""state""]",forget about shuffle for a sec and turn it off in Apple Music this afternoon,"{""app"":""apple-music"",""action"":""shuffle"",""params"":{""state"":""off""}}","Sunday, 2006-06-04",14:52:03
980,f4807cef-11e6-53c0-ad52-a4d4add5e3e2,AppleMusicShuffle,"[""state""]",can you make shuffel come on for apple music this evening,"{""app"":""apple-music"",""action"":""shuffle"",""params"":{""state"":""on""}}","Monday, 2007-07-30",20:13:18
981,b06221d1-62d5-5ddb-ad24-a4e7db4835b2,AppleMusicShuffle,"[""state""]",please shut shuffle off in Apple Music tonight,"{""app"":""apple-music"",""action"":""shuffle"",""params"":{""state"":""off""}}","Wednesday, 2011-11-23",21:05:47
982,f4807cef-11e6-53c0-ad52-a4d4add5e3e2,AppleMusicShuffle,"[""state""]",turn on shuffel for my tunes before bed,"{""app"":""apple-music"",""action"":""shuffle"",""params"":{""state"":""on""}}","Thursday, 2013-07-25",03:43:29
983,b06221d1-62d5-5ddb-ad24-a4e7db4835b2,AppleMusicShuffle,"[""state""]","nah, no shuffle in apple music right now, switch it off","{""app"":""apple-music"",""action"":""shuffle"",""params"":{""state"":""off""}}","Monday, 2013-09-23",01:59:56
984,f4807cef-11e6-53c0-ad52-a4d4add5e3e2,AppleMusicShuffle,"[""state""]",hey can you enable shuffle on apple music for this Friday night,"{""app"":""apple-music"",""action"":""shuffle"",""params"":{""state"":""on""}}","Friday, 2014-10-03",19:27:05
985,b06221d1-62d5-5ddb-ad24-a4e7db4835b2,AppleMusicShuffle,"[""state""]","make shuffle go off in Apple Music this morning, please","{""app"":""apple-music"",""action"":""shuffle"",""params"":{""state"":""off""}}","Friday, 2015-10-30",08:27:19
986,f4807cef-11e6-53c0-ad52-a4d4add5e3e2,AppleMusicShuffle,"[""state""]",could ya toggle shuffel on for apple music today,"{""app"":""apple-music"",""action"":""shuffle"",""params"":{""state"":""on""}}","Tuesday, 2018-01-30",02:10:38
987,b06221d1-62d5-5ddb-ad24-a4e7db4835b2,AppleMusicShuffle,"[""state""]",switch shuffle off in apple music for now,"{""app"":""apple-music"",""action"":""shuffle"",""params"":{""state"":""off""}}","Monday, 2022-11-21",07:48:17
988,f4807cef-11e6-53c0-ad52-a4d4add5e3e2,AppleMusicShuffle,"[""state""]","yo, turn on shuffle in apple music this evening","{""app"":""apple-music"",""action"":""shuffle"",""params"":{""state"":""on""}}","Wednesday, 2024-08-21",21:15:26
989,b06221d1-62d5-5ddb-ad24-a4e7db4835b2,AppleMusicShuffle,"[""state""]",can you kill shuffle in apple music for tonight,"{""app"":""apple-music"",""action"":""shuffle"",""params"":{""state"":""off""}}","Thursday, 2027-09-09",17:31:17
990,f4807cef-11e6-53c0-ad52-a4d4add5e3e2,AppleMusicShuffle,"[""state""]","hey, put shuffel on in Apple Music right now","{""app"":""apple-music"",""action"":""shuffle"",""params"":{""state"":""on""}}","Thursday, 2030-08-15",00:18:38
991,176200d9-492a-5cf1-808f-695fc25c3ec0,AppleMusicRepeat,"[""state""]",Could you put Apple Music on repeat one for this track?,"{""app"":""apple-music"",""action"":""repeat"",""params"":{""state"":""one""}}","Wednesday, 1995-11-08",10:02:42
992,52e53652-6c5e-54c5-9f5c-24e5f77d0de9,AppleMusicRepeat,"[""state""]","Hey, switch the song to repeat queue, please.","{""app"":""apple-music"",""action"":""repeat"",""params"":{""state"":""queue""}}","Tuesday, 1995-12-19",00:17:57
993,f3c5e567-8bd0-52b6-84ee-ff879bedf96f,AppleMusicRepeat,"[""state""]","Actually, turn repeat off in Music.","{""app"":""apple-music"",""action"":""repeat"",""params"":{""state"":""none""}}","Friday, 1998-06-12",22:51:01
994,176200d9-492a-5cf1-808f-695fc25c3ec0,AppleMusicRepeat,"[""state""]",Can we make it repeat just the current tune?,"{""app"":""apple-music"",""action"":""repeat"",""params"":{""state"":""one""}}","Wednesday, 1999-10-27",18:18:51
995,52e53652-6c5e-54c5-9f5c-24e5f77d0de9,AppleMusicRepeat,"[""state""]",Please repeat the whole queue in Apple Music.,"{""app"":""apple-music"",""action"":""repeat"",""params"":{""state"":""queue""}}","Thursday, 2001-05-10",11:23:34
996,f3c5e567-8bd0-52b6-84ee-ff879bedf96f,AppleMusicRepeat,"[""state""]","No repeat, thanks — just play straight through.","{""app"":""apple-music"",""action"":""repeat"",""params"":{""state"":""none""}}","Wednesday, 2001-08-22",17:49:09
997,176200d9-492a-5cf1-808f-695fc25c3ec0,AppleMusicRepeat,"[""state""]","Set Music to repeat one track, not the whole list.","{""app"":""apple-music"",""action"":""repeat"",""params"":{""state"":""one""}}","Monday, 2003-11-24",11:23:24
998,52e53652-6c5e-54c5-9f5c-24e5f77d0de9,AppleMusicRepeat,"[""state""]",Would you loop the queue for me?,"{""app"":""apple-music"",""action"":""repeat"",""params"":{""state"":""queue""}}","Thursday, 2006-05-25",03:26:24
999,f3c5e567-8bd0-52b6-84ee-ff879bedf96f,AppleMusicRepeat,"[""state""]","Alright, turn repeat off in spot i fy Music.","{""app"":""apple-music"",""action"":""repeat"",""params"":{""state"":""none""}}","Thursday, 2015-09-17",09:50:28
1000,176200d9-492a-5cf1-808f-695fc25c3ec0,AppleMusicRepeat,"[""state""]",Could you keep replaying this song on repeat one?,"{""app"":""apple-music"",""action"":""repeat"",""params"":{""state"":""one""}}","Thursday, 2016-10-06",12:08:15
1001,52e53652-6c5e-54c5-9f5c-24e5f77d0de9,AppleMusicRepeat,"[""state""]","Let the entire queue repeat, please.","{""app"":""apple-music"",""action"":""repeat"",""params"":{""state"":""queue""}}","Tuesday, 2016-11-22",17:28:40
1002,f3c5e567-8bd0-52b6-84ee-ff879bedf96f,AppleMusicRepeat,"[""state""]",I don't want any repeat mode on Apple Music.,"{""app"":""apple-music"",""action"":""repeat"",""params"":{""state"":""none""}}","Monday, 2017-02-13",02:24:07
1003,176200d9-492a-5cf1-808f-695fc25c3ec0,AppleMusicRepeat,"[""state""]","Make this track repeat one time, okay?","{""app"":""apple-music"",""action"":""repeat"",""params"":{""state"":""one""}}","Monday, 2018-07-09",08:18:26
1004,52e53652-6c5e-54c5-9f5c-24e5f77d0de9,AppleMusicRepeat,"[""state""]",Please loop the full queue again.,"{""app"":""apple-music"",""action"":""repeat"",""params"":{""state"":""queue""}}","Thursday, 2020-07-23",19:17:23
1005,f3c5e567-8bd0-52b6-84ee-ff879bedf96f,AppleMusicRepeat,"[""state""]","Actually, stop repeating in Apple Music.","{""app"":""apple-music"",""action"":""repeat"",""params"":{""state"":""none""}}","Friday, 2028-01-28",14:43:41
1006,176200d9-492a-5cf1-808f-695fc25c3ec0,AppleMusicRepeat,"[""state""]",Could you put Apple Music on repeat one for me?,"{""app"":""apple-music"",""action"":""repeat"",""params"":{""state"":""one""}}","Thursday, 1991-06-13",05:32:28
1007,52e53652-6c5e-54c5-9f5c-24e5f77d0de9,AppleMusicRepeat,"[""state""]","Actually, switch Apple Music to repeat the queue.","{""app"":""apple-music"",""action"":""repeat"",""params"":{""state"":""queue""}}","Wednesday, 1991-10-30",00:07:22
1008,f3c5e567-8bd0-52b6-84ee-ff879bedf96f,AppleMusicRepeat,"[""state""]","Turn repeat off in Apple Music, please.","{""app"":""apple-music"",""action"":""repeat"",""params"":{""state"":""none""}}","Monday, 1993-10-18",01:25:45
1009,176200d9-492a-5cf1-808f-695fc25c3ec0,AppleMusicRepeat,"[""state""]","I want this track to loop, so set Apple Music to repeat one.","{""app"":""apple-music"",""action"":""repeat"",""params"":{""state"":""one""}}","Tuesday, 1995-12-19",03:48:49
1010,52e53652-6c5e-54c5-9f5c-24e5f77d0de9,AppleMusicRepeat,"[""state""]",Can you repeat the whole queue in Apple Music?,"{""app"":""apple-music"",""action"":""repeat"",""params"":{""state"":""queue""}}","Thursday, 1996-02-01",14:36:14
1011,f3c5e567-8bd0-52b6-84ee-ff879bedf96f,AppleMusicRepeat,"[""state""]","No repeat in Apple Music for now, thanks.","{""app"":""apple-music"",""action"":""repeat"",""params"":{""state"":""none""}}","Saturday, 1998-05-02",05:12:43
1012,176200d9-492a-5cf1-808f-695fc25c3ec0,AppleMusicRepeat,"[""state""]",Keep this song repeating in Apple Music.,"{""app"":""apple-music"",""action"":""repeat"",""params"":{""state"":""one""}}","Sunday, 2005-11-06",02:34:30
1013,52e53652-6c5e-54c5-9f5c-24e5f77d0de9,AppleMusicRepeat,"[""state""]",Please make Apple Music repeat the entire queue.,"{""app"":""apple-music"",""action"":""repeat"",""params"":{""state"":""queue""}}","Sunday, 2012-07-29",12:31:48
1014,f3c5e567-8bd0-52b6-84ee-ff879bedf96f,AppleMusicRepeat,"[""state""]","Set Apple Music to no repeat, would you?","{""app"":""apple-music"",""action"":""repeat"",""params"":{""state"":""none""}}","Monday, 2015-11-09",15:00:16
1015,176200d9-492a-5cf1-808f-695fc25c3ec0,AppleMusicRepeat,"[""state""]",Loop just the current track in Apple Music.,"{""app"":""apple-music"",""action"":""repeat"",""params"":{""state"":""one""}}","Thursday, 2018-12-20",07:21:30
1016,52e53652-6c5e-54c5-9f5c-24e5f77d0de9,AppleMusicRepeat,"[""state""]",Could you have Apple Music repeat the queue?,"{""app"":""apple-music"",""action"":""repeat"",""params"":{""state"":""queue""}}","Thursday, 2020-09-03",21:20:30
1017,f3c5e567-8bd0-52b6-84ee-ff879bedf96f,AppleMusicRepeat,"[""state""]",Let's turn repeat off in Apple Music.,"{""app"":""apple-music"",""action"":""repeat"",""params"":{""state"":""none""}}","Wednesday, 2022-04-27",13:27:48
1018,176200d9-492a-5cf1-808f-695fc25c3ec0,AppleMusicRepeat,"[""state""]","Actually, I need this one song on repeat in Apple Music.","{""app"":""apple-music"",""action"":""repeat"",""params"":{""state"":""one""}}","Tuesday, 2024-09-17",15:11:36
1019,52e53652-6c5e-54c5-9f5c-24e5f77d0de9,AppleMusicRepeat,"[""state""]",Would you repeat the full queue in Apple Music for me?,"{""app"":""apple-music"",""action"":""repeat"",""params"":{""state"":""queue""}}","Monday, 2026-11-30",08:48:44
1020,f3c5e567-8bd0-52b6-84ee-ff879bedf96f,AppleMusicRepeat,"[""state""]","Thanks, stop repeating anything in Apple Music.","{""app"":""apple-music"",""action"":""repeat"",""params"":{""state"":""none""}}","Wednesday, 2028-12-06",13:14:50
1021,d47da5a6-31cd-5257-ae89-c4f23063f36a,SpotifyOpen,[],open Spotify tonight,"{""app"":""spotify"",""action"":""open"",""params"":{}}","Saturday, 1990-03-17",23:20:23
1022,d47da5a6-31cd-5257-ae89-c4f23063f36a,SpotifyOpen,[],could you open Spotify this morning,"{""app"":""spotify"",""action"":""open"",""params"":{}}","Wednesday, 1998-01-07",09:07:31
1023,d47da5a6-31cd-5257-ae89-c4f23063f36a,SpotifyOpen,[],launch Spotify now,"{""app"":""spotify"",""action"":""open"",""params"":{}}","Sunday, 2005-02-27",00:20:36
1024,d47da5a6-31cd-5257-ae89-c4f23063f36a,SpotifyOpen,[],start Spotify before midnight,"{""app"":""spotify"",""action"":""open"",""params"":{}}","Saturday, 2007-10-27",23:29:04
1025,d47da5a6-31cd-5257-ae89-c4f23063f36a,SpotifyOpen,[],open Spotify in a few minutes,"{""app"":""spotify"",""action"":""open"",""params"":{}}","Saturday, 2009-05-09",03:15:51
1026,d47da5a6-31cd-5257-ae89-c4f23063f36a,SpotifyOpen,[],bring up Spotify this evening,"{""app"":""spotify"",""action"":""open"",""params"":{}}","Saturday, 2009-09-26",19:02:30
1027,d47da5a6-31cd-5257-ae89-c4f23063f36a,SpotifyOpen,[],open Spotify after lunch,"{""app"":""spotify"",""action"":""open"",""params"":{}}","Thursday, 2014-09-11",15:02:00
1028,d47da5a6-31cd-5257-ae89-c4f23063f36a,SpotifyOpen,[],please open Spotify tonight,"{""app"":""spotify"",""action"":""open"",""params"":{}}","Saturday, 2014-10-11",19:20:01
1029,d47da5a6-31cd-5257-ae89-c4f23063f36a,SpotifyOpen,[],open Spotify this Friday afternoon,"{""app"":""spotify"",""action"":""open"",""params"":{}}","Friday, 2019-01-11",18:22:49
1030,d47da5a6-31cd-5257-ae89-c4f23063f36a,SpotifyOpen,[],fire up Spotify in ten minutes,"{""app"":""spotify"",""action"":""open"",""params"":{}}","Friday, 2019-06-14",14:40:01
1031,d47da5a6-31cd-5257-ae89-c4f23063f36a,SpotifyOpen,[],open Spotify tomorrow morning,"{""app"":""spotify"",""action"":""open"",""params"":{}}","Sunday, 2020-11-01",02:55:43
1032,d47da5a6-31cd-5257-ae89-c4f23063f36a,SpotifyOpen,[],open Spotify this evening,"{""app"":""spotify"",""action"":""open"",""params"":{}}","Tuesday, 2022-11-15",23:33:02
1033,d47da5a6-31cd-5257-ae89-c4f23063f36a,SpotifyOpen,[],open Spotify right now,"{""app"":""spotify"",""action"":""open"",""params"":{}}","Wednesday, 2025-06-04",18:48:00
1034,d47da5a6-31cd-5257-ae89-c4f23063f36a,SpotifyOpen,[],open Spotify later tonight,"{""app"":""spotify"",""action"":""open"",""params"":{}}","Monday, 2025-08-04",03:40:43
1035,d47da5a6-31cd-5257-ae89-c4f23063f36a,SpotifyOpen,[],open Spotify this Sunday night,"{""app"":""spotify"",""action"":""open"",""params"":{}}","Sunday, 2026-09-06",19:21:04
1036,a8fb0e1c-3fe4-53bc-bc73-432c2dd5d9fc,SpotifyClose,[],Could you close Spotify for me right now?,"{""app"":""spotify"",""action"":""close"",""params"":{}}","Tuesday, 1993-03-02",17:52:00
1037,a8fb0e1c-3fe4-53bc-bc73-432c2dd5d9fc,SpotifyClose,[],Please quit Spotify before I head out this morning.,"{""app"":""spotify"",""action"":""close"",""params"":{}}","Sunday, 1997-05-11",07:15:05
1038,a8fb0e1c-3fe4-53bc-bc73-432c2dd5d9fc,SpotifyClose,[],"Shut down Spotify tonight, would you?","{""app"":""spotify"",""action"":""close"",""params"":{}}","Thursday, 2000-11-16",20:05:32
1039,a8fb0e1c-3fe4-53bc-bc73-432c2dd5d9fc,SpotifyClose,[],"Actually, I need Spotify closed after I finish this.","{""app"":""spotify"",""action"":""close"",""params"":{}}","Wednesday, 2008-03-19",22:27:55
1040,a8fb0e1c-3fe4-53bc-bc73-432c2dd5d9fc,SpotifyClose,[],Can you just exit Spotify for me now?,"{""app"":""spotify"",""action"":""close"",""params"":{}}","Saturday, 2010-02-06",13:24:55
1041,a8fb0e1c-3fe4-53bc-bc73-432c2dd5d9fc,SpotifyClose,[],"I want Spotify gone before midnight, so please close it.","{""app"":""spotify"",""action"":""close"",""params"":{}}","Sunday, 2010-05-30",00:29:32
1042,a8fb0e1c-3fe4-53bc-bc73-432c2dd5d9fc,SpotifyClose,[],Please make Spotify stop running while I’m away.,"{""app"":""spotify"",""action"":""close"",""params"":{}}","Thursday, 2011-02-10",03:10:20
1043,a8fb0e1c-3fe4-53bc-bc73-432c2dd5d9fc,SpotifyClose,[],Could you quit Spotify after I finish dinner this evening?,"{""app"":""spotify"",""action"":""close"",""params"":{}}","Wednesday, 2018-09-19",23:27:31
1044,a8fb0e1c-3fe4-53bc-bc73-432c2dd5d9fc,SpotifyClose,[],Let’s close Spotify now; I’m done with it.,"{""app"":""spotify"",""action"":""close"",""params"":{}}","Sunday, 2020-04-19",19:00:51
1045,a8fb0e1c-3fe4-53bc-bc73-432c2dd5d9fc,SpotifyClose,[],Please terminate Spotify before the afternoon gets any later.,"{""app"":""spotify"",""action"":""close"",""params"":{}}","Sunday, 2022-03-27",16:26:35
1046,a8fb0e1c-3fe4-53bc-bc73-432c2dd5d9fc,SpotifyClose,[],Can you shut Spotify down for the night?,"{""app"":""spotify"",""action"":""close"",""params"":{}}","Sunday, 2023-01-29",23:48:12
1047,a8fb0e1c-3fe4-53bc-bc73-432c2dd5d9fc,SpotifyClose,[],"Hey, close Spotify once I’m finished with this tab.","{""app"":""spotify"",""action"":""close"",""params"":{}}","Friday, 2024-02-16",19:56:22
1048,a8fb0e1c-3fe4-53bc-bc73-432c2dd5d9fc,SpotifyClose,[],Would you please exit Spotify before lunch is over?,"{""app"":""spotify"",""action"":""close"",""params"":{}}","Monday, 2024-08-05",13:36:52
1049,a8fb0e1c-3fe4-53bc-bc73-432c2dd5d9fc,SpotifyClose,[],I need Spotify closed first thing this morning.,"{""app"":""spotify"",""action"":""close"",""params"":{}}","Monday, 2024-09-30",05:46:25
1050,a8fb0e1c-3fe4-53bc-bc73-432c2dd5d9fc,SpotifyClose,[],Please quit Spotify before I wrap up tonight.,"{""app"":""spotify"",""action"":""close"",""params"":{}}","Friday, 2028-03-10",18:44:33
1051,8b1c9eb6-98d5-5bfb-b845-b0aed42abf75,SpotifyTrackChange,"[""direction""]",Please skip to the next track.,"{""app"":""spotify"",""action"":""change_track"",""params"":{""direction"":""next""}}","Thursday, 1991-06-06",19:09:59
1052,8b1c9eb6-98d5-5bfb-b845-b0aed42abf75,SpotifyTrackChange,"[""direction""]",Could you please advance to the following song?,"{""app"":""spotify"",""action"":""change_track"",""params"":{""direction"":""next""}}","Thursday, 1997-05-15",08:16:07
1053,8b1c9eb6-98d5-5bfb-b845-b0aed42abf75,SpotifyTrackChange,"[""direction""]",I would appreciate it if you could play the next track.,"{""app"":""spotify"",""action"":""change_track"",""params"":{""direction"":""next""}}","Saturday, 1998-03-07",23:25:59
1054,8b1c9eb6-98d5-5bfb-b845-b0aed42abf75,SpotifyTrackChange,"[""direction""]","Move forward to the next song, please.","{""app"":""spotify"",""action"":""change_track"",""params"":{""direction"":""next""}}","Wednesday, 1998-04-15",05:59:49
1055,8b1c9eb6-98d5-5bfb-b845-b0aed42abf75,SpotifyTrackChange,"[""direction""]",Please go to the next track in the queue.,"{""app"":""spotify"",""action"":""change_track"",""params"":{""direction"":""next""}}","Thursday, 1999-04-08",20:28:58
1056,8b1c9eb6-98d5-5bfb-b845-b0aed42abf75,SpotifyTrackChange,"[""direction""]",Kindly switch to the next song.,"{""app"":""spotify"",""action"":""change_track"",""params"":{""direction"":""next""}}","Saturday, 1999-04-17",16:57:26
1057,8b1c9eb6-98d5-5bfb-b845-b0aed42abf75,SpotifyTrackChange,"[""direction""]","Jump ahead to the next track, if you would.","{""app"":""spotify"",""action"":""change_track"",""params"":{""direction"":""next""}}","Friday, 2001-10-12",07:24:29
1058,8b1c9eb6-98d5-5bfb-b845-b0aed42abf75,SpotifyTrackChange,"[""direction""]",Could you move on to the following song now?,"{""app"":""spotify"",""action"":""change_track"",""params"":{""direction"":""next""}}","Wednesday, 2002-07-03",22:42:27
1059,8b1c9eb6-98d5-5bfb-b845-b0aed42abf75,SpotifyTrackChange,"[""direction""]","Skip ahead one track, please.","{""app"":""spotify"",""action"":""change_track"",""params"":{""direction"":""next""}}","Friday, 2004-07-09",11:02:13
1060,47223afb-7ab2-5bc5-bb05-68ecac7bfc54,SpotifyTrackChange,"[""direction""]",Please return to the previous track.,"{""app"":""spotify"",""action"":""change_track"",""params"":{""direction"":""previous""}}","Tuesday, 2011-05-24",09:11:36
1061,47223afb-7ab2-5bc5-bb05-68ecac7bfc54,SpotifyTrackChange,"[""direction""]",Could you play the last song again?,"{""app"":""spotify"",""action"":""change_track"",""params"":{""direction"":""previous""}}","Tuesday, 2013-03-26",06:12:26
1062,47223afb-7ab2-5bc5-bb05-68ecac7bfc54,SpotifyTrackChange,"[""direction""]",I would appreciate it if you could go back to the prior track.,"{""app"":""spotify"",""action"":""change_track"",""params"":{""direction"":""previous""}}","Monday, 2014-09-15",06:33:56
1063,47223afb-7ab2-5bc5-bb05-68ecac7bfc54,SpotifyTrackChange,"[""direction""]","Step back to the previous song, please.","{""app"":""spotify"",""action"":""change_track"",""params"":{""direction"":""previous""}}","Saturday, 2022-10-22",18:21:48
1064,47223afb-7ab2-5bc5-bb05-68ecac7bfc54,SpotifyTrackChange,"[""direction""]",Please rewind to the earlier track.,"{""app"":""spotify"",""action"":""change_track"",""params"":{""direction"":""previous""}}","Monday, 2023-12-11",15:15:40
1065,47223afb-7ab2-5bc5-bb05-68ecac7bfc54,SpotifyTrackChange,"[""direction""]",Kindly go back one song.,"{""app"":""spotify"",""action"":""change_track"",""params"":{""direction"":""previous""}}","Monday, 2028-11-27",15:39:17
1066,7905bbd7-5baf-5e47-98b7-4e1ff1ba2eff,SpotifyTrackChange,"[""direction""]","Could you kindly skip to the next track on spot i fy after this song, please?","{""app"":""spotify"",""action"":""change_track"",""params"":{""direction"":""next""}}","Thursday, 1993-04-29",05:31:00
1067,7905bbd7-5baf-5e47-98b7-4e1ff1ba2eff,SpotifyTrackChange,"[""direction""]","Please jump to the previous song on spot if y tonight, thanks.","{""app"":""spotify"",""action"":""change_track"",""params"":{""direction"":""previous""}}","Saturday, 1998-06-20",22:22:09
1068,7905bbd7-5baf-5e47-98b7-4e1ff1ba2eff,SpotifyTrackChange,"[""direction""]",Would you please go to the next track in spotty fi for me in a minute?,"{""app"":""spotify"",""action"":""change_track"",""params"":{""direction"":""next""}}","Thursday, 2002-06-06",09:19:59
1069,7905bbd7-5baf-5e47-98b7-4e1ff1ba2eff,SpotifyTrackChange,"[""direction""]",Kindly switch to the previous tune on spot i fy this morning.,"{""app"":""spotify"",""action"":""change_track"",""params"":{""direction"":""previous""}}","Monday, 2005-09-19",06:26:03
1070,7905bbd7-5baf-5e47-98b7-4e1ff1ba2eff,SpotifyTrackChange,"[""direction""]",Please skip ahead to the next song on spot if y later today.,"{""app"":""spotify"",""action"":""change_track"",""params"":{""direction"":""next""}}","Saturday, 2007-04-14",17:36:31
1071,7905bbd7-5baf-5e47-98b7-4e1ff1ba2eff,SpotifyTrackChange,"[""direction""]",Could you kindly go back one track in spot i fy tonight?,"{""app"":""spotify"",""action"":""change_track"",""params"":{""direction"":""previous""}}","Saturday, 2007-11-24",02:42:38
1072,7905bbd7-5baf-5e47-98b7-4e1ff1ba2eff,SpotifyTrackChange,"[""direction""]","Please move spot if y to the next track after dinner, thanks.","{""app"":""spotify"",""action"":""change_track"",""params"":{""direction"":""next""}}","Tuesday, 2008-09-23",09:44:22
1073,7905bbd7-5baf-5e47-98b7-4e1ff1ba2eff,SpotifyTrackChange,"[""direction""]",Would you kindly play the previous track on spot i fy right now?,"{""app"":""spotify"",""action"":""change_track"",""params"":{""direction"":""previous""}}","Sunday, 2010-02-14",09:48:48
1074,7905bbd7-5baf-5e47-98b7-4e1ff1ba2eff,SpotifyTrackChange,"[""direction""]",Please advance to the next song in spot if y this afternoon.,"{""app"":""spotify"",""action"":""change_track"",""params"":{""direction"":""next""}}","Friday, 2016-03-04",13:29:27
1075,7905bbd7-5baf-5e47-98b7-4e1ff1ba2eff,SpotifyTrackChange,"[""direction""]",Could you please return to the previous track on spot i fy in a bit?,"{""app"":""spotify"",""action"":""change_track"",""params"":{""direction"":""previous""}}","Saturday, 2016-03-26",06:04:22
1076,7905bbd7-5baf-5e47-98b7-4e1ff1ba2eff,SpotifyTrackChange,"[""direction""]","Kindly go to the next track on spot if y this evening, please.","{""app"":""spotify"",""action"":""change_track"",""params"":{""direction"":""next""}}","Tuesday, 2021-01-05",19:47:46
1077,7905bbd7-5baf-5e47-98b7-4e1ff1ba2eff,SpotifyTrackChange,"[""direction""]",Please take spot i fy back to the previous song before midnight.,"{""app"":""spotify"",""action"":""change_track"",""params"":{""direction"":""previous""}}","Saturday, 2021-04-24",22:37:47
1078,7905bbd7-5baf-5e47-98b7-4e1ff1ba2eff,SpotifyTrackChange,"[""direction""]",Could you kindly skip to the next track on spotty fi in a few minutes?,"{""app"":""spotify"",""action"":""change_track"",""params"":{""direction"":""next""}}","Thursday, 2023-01-19",02:59:25
1079,7905bbd7-5baf-5e47-98b7-4e1ff1ba2eff,SpotifyTrackChange,"[""direction""]",Please jump back to the previous track on spot if y by tonight.,"{""app"":""spotify"",""action"":""change_track"",""params"":{""direction"":""previous""}}","Friday, 2028-12-22",00:41:02
1080,7905bbd7-5baf-5e47-98b7-4e1ff1ba2eff,SpotifyTrackChange,"[""direction""]",Would you please move ahead to the next song in spot i fy after breakfast?,"{""app"":""spotify"",""action"":""change_track"",""params"":{""direction"":""next""}}","Sunday, 2029-08-05",08:02:17
1081,0bdcf159-a4d1-5348-90f9-9e9e82dc8081,SpotifyTogglePlayback,"[""state""]",Please play Spotify now; I would appreciate it if you could start playback immediately.,"{""app"":""spotify"",""action"":""toggle_playback"",""params"":{""state"":""play""}}","Friday, 1991-07-19",21:19:55
1082,0bdcf159-a4d1-5348-90f9-9e9e82dc8081,SpotifyTogglePlayback,"[""state""]",Could you please pause Spotify for a moment?,"{""app"":""spotify"",""action"":""toggle_playback"",""params"":{""state"":""pause""}}","Wednesday, 1992-07-22",15:57:26
1083,0bdcf159-a4d1-5348-90f9-9e9e82dc8081,SpotifyTogglePlayback,"[""state""]",Please resume the music on Spotify; I am ready to listen again.,"{""app"":""spotify"",""action"":""toggle_playback"",""params"":{""state"":""play""}}","Monday, 1994-12-05",05:10:09
1084,0bdcf159-a4d1-5348-90f9-9e9e82dc8081,SpotifyTogglePlayback,"[""state""]",Kindly pause Spotify while I step away for a few minutes.,"{""app"":""spotify"",""action"":""toggle_playback"",""params"":{""state"":""pause""}}","Thursday, 1995-04-20",23:17:28
1085,0bdcf159-a4d1-5348-90f9-9e9e82dc8081,SpotifyTogglePlayback,"[""state""]","Start playback in Spotify, please.","{""app"":""spotify"",""action"":""toggle_playback"",""params"":{""state"":""play""}}","Thursday, 1995-09-21",02:06:41
1086,0bdcf159-a4d1-5348-90f9-9e9e82dc8081,SpotifyTogglePlayback,"[""state""]",I would appreciate it if you could pause the current track on Spotify.,"{""app"":""spotify"",""action"":""toggle_playback"",""params"":{""state"":""pause""}}","Thursday, 1996-05-23",10:13:18
1087,0bdcf159-a4d1-5348-90f9-9e9e82dc8081,SpotifyTogglePlayback,"[""state""]",Please continue playing Spotify now.,"{""app"":""spotify"",""action"":""toggle_playback"",""params"":{""state"":""play""}}","Wednesday, 2000-11-22",15:04:42
1088,0bdcf159-a4d1-5348-90f9-9e9e82dc8081,SpotifyTogglePlayback,"[""state""]",Would you kindly pause Spotify for the time being?,"{""app"":""spotify"",""action"":""toggle_playback"",""params"":{""state"":""pause""}}","Sunday, 2008-02-10",06:00:30
1089,0bdcf159-a4d1-5348-90f9-9e9e82dc8081,SpotifyTogglePlayback,"[""state""]",Please play Spotify again; I am ready to hear the next song.,"{""app"":""spotify"",""action"":""toggle_playback"",""params"":{""state"":""play""}}","Thursday, 2008-04-03",19:35:22
1090,0bdcf159-a4d1-5348-90f9-9e9e82dc8081,SpotifyTogglePlayback,"[""state""]","Could you pause playback in Spotify, please?","{""app"":""spotify"",""action"":""toggle_playback"",""params"":{""state"":""pause""}}","Monday, 2008-04-14",22:01:29
1091,0bdcf159-a4d1-5348-90f9-9e9e82dc8081,SpotifyTogglePlayback,"[""state""]",Please resume Spotify playback at once.,"{""app"":""spotify"",""action"":""toggle_playback"",""params"":{""state"":""play""}}","Wednesday, 2009-02-18",02:49:03
1092,0bdcf159-a4d1-5348-90f9-9e9e82dc8081,SpotifyTogglePlayback,"[""state""]",I would appreciate it if you could pause Spotify now.,"{""app"":""spotify"",""action"":""toggle_playback"",""params"":{""state"":""pause""}}","Friday, 2024-05-31",16:41:30
1093,0bdcf159-a4d1-5348-90f9-9e9e82dc8081,SpotifyTogglePlayback,"[""state""]",Please play Spotify; I have finished the call.,"{""app"":""spotify"",""action"":""toggle_playback"",""params"":{""state"":""play""}}","Sunday, 2026-06-28",16:59:19
1094,0bdcf159-a4d1-5348-90f9-9e9e82dc8081,SpotifyTogglePlayback,"[""state""]",Kindly pause Spotify while I read for a while.,"{""app"":""spotify"",""action"":""toggle_playback"",""params"":{""state"":""pause""}}","Friday, 2028-12-01",04:04:08
1095,0bdcf159-a4d1-5348-90f9-9e9e82dc8081,SpotifyTogglePlayback,"[""state""]","Please start Spotify playback again, if you would be so kind.","{""app"":""spotify"",""action"":""toggle_playback"",""params"":{""state"":""play""}}","Tuesday, 2030-09-17",23:24:35
1096,c3497931-5d61-53f4-9b5c-c8275dd7af67,SpotifyTogglePlayback,"[""state""]",play the music now,"{""app"":""spotify"",""action"":""toggle_playback"",""params"":{""state"":""play""}}","Friday, 1993-03-05",10:55:58
1097,c3497931-5d61-53f4-9b5c-c8275dd7af67,SpotifyTogglePlayback,"[""state""]",pause Spotify for a moment,"{""app"":""spotify"",""action"":""toggle_playback"",""params"":{""state"":""pause""}}","Tuesday, 1999-07-06",11:35:55
1098,c3497931-5d61-53f4-9b5c-c8275dd7af67,SpotifyTogglePlayback,"[""state""]",start playback on Spotify,"{""app"":""spotify"",""action"":""toggle_playback"",""params"":{""state"":""play""}}","Thursday, 2004-10-28",02:17:43
1099,c3497931-5d61-53f4-9b5c-c8275dd7af67,SpotifyTogglePlayback,"[""state""]",hold the track there and pause it,"{""app"":""spotify"",""action"":""toggle_playback"",""params"":{""state"":""pause""}}","Thursday, 2005-06-09",16:44:15
1100,c3497931-5d61-53f4-9b5c-c8275dd7af67,SpotifyTogglePlayback,"[""state""]",resume the playlist,"{""app"":""spotify"",""action"":""toggle_playback"",""params"":{""state"":""play""}}","Thursday, 2005-08-25",04:32:54
1101,c3497931-5d61-53f4-9b5c-c8275dd7af67,SpotifyTogglePlayback,"[""state""]",pause the podcast episode,"{""app"":""spotify"",""action"":""toggle_playback"",""params"":{""state"":""pause""}}","Monday, 2012-11-05",19:08:37
1102,c3497931-5d61-53f4-9b5c-c8275dd7af67,SpotifyTogglePlayback,"[""state""]",play the next song,"{""app"":""spotify"",""action"":""toggle_playback"",""params"":{""state"":""play""}}","Tuesday, 2013-03-05",07:00:39
1103,c3497931-5d61-53f4-9b5c-c8275dd7af67,SpotifyTogglePlayback,"[""state""]",pause the audiobook,"{""app"":""spotify"",""action"":""toggle_playback"",""params"":{""state"":""pause""}}","Saturday, 2018-01-13",07:20:45
1104,c3497931-5d61-53f4-9b5c-c8275dd7af67,SpotifyTogglePlayback,"[""state""]",kick the music back in,"{""app"":""spotify"",""action"":""toggle_playback"",""params"":{""state"":""play""}}","Saturday, 2018-05-19",18:28:12
1105,c3497931-5d61-53f4-9b5c-c8275dd7af67,SpotifyTogglePlayback,"[""state""]",pause Spotify playback,"{""app"":""spotify"",""action"":""toggle_playback"",""params"":{""state"":""pause""}}","Wednesday, 2020-01-08",09:06:35
1106,c3497931-5d61-53f4-9b5c-c8275dd7af67,SpotifyTogglePlayback,"[""state""]",play the album again,"{""app"":""spotify"",""action"":""toggle_playback"",""params"":{""state"":""play""}}","Wednesday, 2021-06-09",17:06:16
1107,c3497931-5d61-53f4-9b5c-c8275dd7af67,SpotifyTogglePlayback,"[""state""]",pause the morning mix,"{""app"":""spotify"",""action"":""toggle_playback"",""params"":{""state"":""pause""}}","Monday, 2024-08-05",08:02:41
1108,c3497931-5d61-53f4-9b5c-c8275dd7af67,SpotifyTogglePlayback,"[""state""]",resume the jazz set,"{""app"":""spotify"",""action"":""toggle_playback"",""params"":{""state"":""play""}}","Wednesday, 2026-06-03",20:49:05
1109,c3497931-5d61-53f4-9b5c-c8275dd7af67,SpotifyTogglePlayback,"[""state""]",pause the current queue,"{""app"":""spotify"",""action"":""toggle_playback"",""params"":{""state"":""pause""}}","Friday, 2028-03-31",19:35:17
1110,c3497931-5d61-53f4-9b5c-c8275dd7af67,SpotifyTogglePlayback,"[""state""]",play Spotify again,"{""app"":""spotify"",""action"":""toggle_playback"",""params"":{""state"":""play""}}","Wednesday, 2029-02-07",00:29:34
1111,84fd1b32-06a6-50fc-b5a5-9eba644df527,SpotifyGetPlayingSongDetails,[],"hey, what song is playing right now?","{""app"":""spotify"",""action"":""get_playing_song_details"",""params"":{}}","Friday, 1990-08-03",14:46:44
1112,84fd1b32-06a6-50fc-b5a5-9eba644df527,SpotifyGetPlayingSongDetails,[],could you tell me the details of the track that’s on at the moment?,"{""app"":""spotify"",""action"":""get_playing_song_details"",""params"":{}}","Tuesday, 1991-01-08",08:33:31
1113,84fd1b32-06a6-50fc-b5a5-9eba644df527,SpotifyGetPlayingSongDetails,[],what’s the current song in Spotify?,"{""app"":""spotify"",""action"":""get_playing_song_details"",""params"":{}}","Monday, 1992-09-07",04:37:53
1114,84fd1b32-06a6-50fc-b5a5-9eba644df527,SpotifyGetPlayingSongDetails,[],"yo, what am I listening to right now?","{""app"":""spotify"",""action"":""get_playing_song_details"",""params"":{}}","Sunday, 1992-12-20",05:48:19
1115,84fd1b32-06a6-50fc-b5a5-9eba644df527,SpotifyGetPlayingSongDetails,[],can you pull up the artist and title for the song that’s playing?,"{""app"":""spotify"",""action"":""get_playing_song_details"",""params"":{}}","Thursday, 1993-08-05",04:15:42
1116,84fd1b32-06a6-50fc-b5a5-9eba644df527,SpotifyGetPlayingSongDetails,[],tell me the details of whatever’s playing in Spotify right now.,"{""app"":""spotify"",""action"":""get_playing_song_details"",""params"":{}}","Friday, 1996-01-12",17:13:43
1117,84fd1b32-06a6-50fc-b5a5-9eba644df527,SpotifyGetPlayingSongDetails,[],"what track is on at the moment, just give me the info.","{""app"":""spotify"",""action"":""get_playing_song_details"",""params"":{}}","Friday, 1999-03-26",05:59:45
1118,84fd1b32-06a6-50fc-b5a5-9eba644df527,SpotifyGetPlayingSongDetails,[],"hey, identify the song that’s currently playing for me.","{""app"":""spotify"",""action"":""get_playing_song_details"",""params"":{}}","Thursday, 2000-06-22",08:52:53
1119,84fd1b32-06a6-50fc-b5a5-9eba644df527,SpotifyGetPlayingSongDetails,[],"what’s playing in Spotify right now, can you check that?","{""app"":""spotify"",""action"":""get_playing_song_details"",""params"":{}}","Sunday, 2008-08-31",06:01:07
1120,84fd1b32-06a6-50fc-b5a5-9eba644df527,SpotifyGetPlayingSongDetails,[],give me the song details for whatever is on now.,"{""app"":""spotify"",""action"":""get_playing_song_details"",""params"":{}}","Monday, 2018-01-29",03:44:22
1121,84fd1b32-06a6-50fc-b5a5-9eba644df527,SpotifyGetPlayingSongDetails,[],could you see what’s currently playing and tell me the track info?,"{""app"":""spotify"",""action"":""get_playing_song_details"",""params"":{}}","Friday, 2019-08-23",15:02:13
1122,84fd1b32-06a6-50fc-b5a5-9eba644df527,SpotifyGetPlayingSongDetails,[],what’s the name of the song playing right this second?,"{""app"":""spotify"",""action"":""get_playing_song_details"",""params"":{}}","Wednesday, 2020-07-15",16:02:22
1123,84fd1b32-06a6-50fc-b5a5-9eba644df527,SpotifyGetPlayingSongDetails,[],"hey, I wanna know the details on the tune that’s on right now.","{""app"":""spotify"",""action"":""get_playing_song_details"",""params"":{}}","Friday, 2023-03-24",08:17:03
1124,84fd1b32-06a6-50fc-b5a5-9eba644df527,SpotifyGetPlayingSongDetails,[],can you find out what’s playing in Spotify at the moment?,"{""app"":""spotify"",""action"":""get_playing_song_details"",""params"":{}}","Saturday, 2025-02-22",12:47:34
1125,84fd1b32-06a6-50fc-b5a5-9eba644df527,SpotifyGetPlayingSongDetails,[],"what song am I hearing right now, just the basic details please.","{""app"":""spotify"",""action"":""get_playing_song_details"",""params"":{}}","Monday, 2030-04-15",18:25:10
1126,647b6274-2bca-52d5-9284-5e95fbdc7a0c,SpotifyShuffle,"[""state""]","hey, can you turn shuffle on for Spotify?","{""app"":""spotify"",""action"":""shuffle"",""params"":{""state"":""on""}}","Saturday, 1991-01-19",16:36:04
1127,647b6274-2bca-52d5-9284-5e95fbdc7a0c,SpotifyShuffle,"[""state""]","put Spotify on shuffle for me, thanks.","{""app"":""spotify"",""action"":""shuffle"",""params"":{""state"":""on""}}","Tuesday, 1992-05-12",05:13:35
1128,647b6274-2bca-52d5-9284-5e95fbdc7a0c,SpotifyShuffle,"[""state""]","yeah, go ahead and switch shuffle on in Spotify.","{""app"":""spotify"",""action"":""shuffle"",""params"":{""state"":""on""}}","Wednesday, 1993-07-28",23:43:43
1129,647b6274-2bca-52d5-9284-5e95fbdc7a0c,SpotifyShuffle,"[""state""]",could you please make Spotify shuffle on?,"{""app"":""spotify"",""action"":""shuffle"",""params"":{""state"":""on""}}","Saturday, 1997-09-27",20:14:35
1130,647b6274-2bca-52d5-9284-5e95fbdc7a0c,SpotifyShuffle,"[""state""]","turn on shuffle in Spotify, please.","{""app"":""spotify"",""action"":""shuffle"",""params"":{""state"":""on""}}","Thursday, 1998-02-05",20:11:04
1131,647b6274-2bca-52d5-9284-5e95fbdc7a0c,SpotifyShuffle,"[""state""]",can you start shuffling Spotify?,"{""app"":""spotify"",""action"":""shuffle"",""params"":{""state"":""on""}}","Tuesday, 2001-12-25",21:11:49
1132,647b6274-2bca-52d5-9284-5e95fbdc7a0c,SpotifyShuffle,"[""state""]",make Spotify play in shuffle mode.,"{""app"":""spotify"",""action"":""shuffle"",""params"":{""state"":""on""}}","Sunday, 2004-08-15",11:36:58
1133,26c45f9c-b3ee-57a9-934e-fa065bd38ec7,SpotifyShuffle,"[""state""]","hey, switch Spotify shuffle off for a bit.","{""app"":""spotify"",""action"":""shuffle"",""params"":{""state"":""off""}}","Monday, 2018-12-10",05:19:38
1134,26c45f9c-b3ee-57a9-934e-fa065bd38ec7,SpotifyShuffle,"[""state""]",can you turn shuffle off in Spotify?,"{""app"":""spotify"",""action"":""shuffle"",""params"":{""state"":""off""}}","Friday, 2019-07-19",17:51:20
1135,26c45f9c-b3ee-57a9-934e-fa065bd38ec7,SpotifyShuffle,"[""state""]","forget shuffle, just keep Spotify playing normally.","{""app"":""spotify"",""action"":""shuffle"",""params"":{""state"":""off""}}","Saturday, 2021-07-17",17:13:12
1136,26c45f9c-b3ee-57a9-934e-fa065bd38ec7,SpotifyShuffle,"[""state""]",please disable shuffle on Spotify.,"{""app"":""spotify"",""action"":""shuffle"",""params"":{""state"":""off""}}","Tuesday, 2021-08-10",09:49:17
1137,26c45f9c-b3ee-57a9-934e-fa065bd38ec7,SpotifyShuffle,"[""state""]","turn off shuffle in Spotify, thanks.","{""app"":""spotify"",""action"":""shuffle"",""params"":{""state"":""off""}}","Wednesday, 2024-01-24",19:19:14
1138,647b6274-2bca-52d5-9284-5e95fbdc7a0c,SpotifyShuffle,"[""state""]",could you put Spotify back on shuffle again?,"{""app"":""spotify"",""action"":""shuffle"",""params"":{""state"":""on""}}","Saturday, 2026-02-28",11:56:45
1139,26c45f9c-b3ee-57a9-934e-fa065bd38ec7,SpotifyShuffle,"[""state""]","yeah, go ahead and disable shuffle in Spotify.","{""app"":""spotify"",""action"":""shuffle"",""params"":{""state"":""off""}}","Friday, 2029-02-02",14:56:21
1140,647b6274-2bca-52d5-9284-5e95fbdc7a0c,SpotifyShuffle,"[""state""]","hey, make Spotify shuffle on now.","{""app"":""spotify"",""action"":""shuffle"",""params"":{""state"":""on""}}","Tuesday, 2029-06-26",00:57:06
1141,ae6bb5d6-a6e1-579a-a092-dceb43474574,SpotifyShuffle,"[""state""]",Please turn shuffle on for Spotify while I work this afternoon.,"{""app"":""spotify"",""action"":""shuffle"",""params"":{""state"":""on""}}","Tuesday, 1995-02-14",13:32:22
1142,ae6bb5d6-a6e1-579a-a092-dceb43474574,SpotifyShuffle,"[""state""]",Could you kindly switch shuffle off in Spotify for me during this morning's playlist?,"{""app"":""spotify"",""action"":""shuffle"",""params"":{""state"":""off""}}","Tuesday, 2005-11-22",10:27:24
1143,ae6bb5d6-a6e1-579a-a092-dceb43474574,SpotifyShuffle,"[""state""]",Please enable shuffle on Spotify before I start my late-night coding session.,"{""app"":""spotify"",""action"":""shuffle"",""params"":{""state"":""on""}}","Friday, 2010-12-10",03:15:34
1144,ae6bb5d6-a6e1-579a-a092-dceb43474574,SpotifyShuffle,"[""state""]",Would you please turn shuffle off in Spotify for my study playlist?,"{""app"":""spotify"",""action"":""shuffle"",""params"":{""state"":""off""}}","Tuesday, 2014-03-11",05:14:30
1145,ae6bb5d6-a6e1-579a-a092-dceb43474574,SpotifyShuffle,"[""state""]",Please make Spotify shuffle on while I review these reports.,"{""app"":""spotify"",""action"":""shuffle"",""params"":{""state"":""on""}}","Sunday, 2016-12-18",15:56:14
1146,ae6bb5d6-a6e1-579a-a092-dceb43474574,SpotifyShuffle,"[""state""]",Could you kindly disable shuffle in Spotify for this quiet morning listening session?,"{""app"":""spotify"",""action"":""shuffle"",""params"":{""state"":""off""}}","Friday, 2019-06-21",06:00:22
1147,60609c3d-fe0b-5166-8e23-0602bff71dfe,SpotifyShuffle,"[""state""]",Please turn shuffle on in Spotify for my workout mix.,"{""app"":""spotify"",""action"":""shuffle"",""params"":{""state"":""on""}}","Monday, 2021-01-04",10:51:59
1148,60609c3d-fe0b-5166-8e23-0602bff71dfe,SpotifyShuffle,"[""state""]",Could you kindly switch shuffle off on Spotify while I cool down after yoga?,"{""app"":""spotify"",""action"":""shuffle"",""params"":{""state"":""off""}}","Wednesday, 2021-03-17",19:39:26
1149,60609c3d-fe0b-5166-8e23-0602bff71dfe,SpotifyShuffle,"[""state""]",Please enable shuffle in Spotify for my jogging playlist.,"{""app"":""spotify"",""action"":""shuffle"",""params"":{""state"":""on""}}","Sunday, 2022-04-10",07:53:32
1150,60609c3d-fe0b-5166-8e23-0602bff71dfe,SpotifyShuffle,"[""state""]",Would you please turn shuffle off in Spotify for the stretching session?,"{""app"":""spotify"",""action"":""shuffle"",""params"":{""state"":""off""}}","Tuesday, 2025-04-22",05:45:04
1151,63d482ee-88b8-51b1-849e-c749e4d6b092,SpotifyShuffle,"[""state""]",Please switch shuffle on in Spotify for tonight's dinner playlist.,"{""app"":""spotify"",""action"":""shuffle"",""params"":{""state"":""on""}}","Saturday, 2027-01-09",23:25:24
1152,63d482ee-88b8-51b1-849e-c749e4d6b092,SpotifyShuffle,"[""state""]",Could you kindly disable shuffle on Spotify while I listen to this album front to back?,"{""app"":""spotify"",""action"":""shuffle"",""params"":{""state"":""off""}}","Wednesday, 2028-02-02",00:04:42
1153,63d482ee-88b8-51b1-849e-c749e4d6b092,SpotifyShuffle,"[""state""]",Please turn shuffle on for Spotify as I get ready for the rooftop party.,"{""app"":""spotify"",""action"":""shuffle"",""params"":{""state"":""on""}}","Wednesday, 2028-07-19",12:01:09
1154,63d482ee-88b8-51b1-849e-c749e4d6b092,SpotifyShuffle,"[""state""]",Would you kindly switch shuffle off in Spotify for my chess night playlist?,"{""app"":""spotify"",""action"":""shuffle"",""params"":{""state"":""off""}}","Monday, 2029-02-19",04:47:28
1155,63d482ee-88b8-51b1-849e-c749e4d6b092,SpotifyShuffle,"[""state""]",Please enable shuffle in Spotify for the road trip soundtrack.,"{""app"":""spotify"",""action"":""shuffle"",""params"":{""state"":""on""}}","Monday, 2029-05-07",14:58:29
1156,6986f635-4f56-54e6-8cf0-4e72e8c4e30e,SpotifyRepeat,"[""state""]",Please set Spotify to repeat this song.,"{""app"":""spotify"",""action"":""repeat"",""params"":{""state"":""one""}}","Tuesday, 1990-06-26",22:39:07
1157,6986f635-4f56-54e6-8cf0-4e72e8c4e30e,SpotifyRepeat,"[""state""]",Could you kindly turn on repeat for the current track in Spotify?,"{""app"":""spotify"",""action"":""repeat"",""params"":{""state"":""one""}}","Monday, 1990-09-24",14:47:51
1158,6986f635-4f56-54e6-8cf0-4e72e8c4e30e,SpotifyRepeat,"[""state""]",Please make Spotify loop just this song.,"{""app"":""spotify"",""action"":""repeat"",""params"":{""state"":""one""}}","Monday, 2000-03-06",07:56:17
1159,6986f635-4f56-54e6-8cf0-4e72e8c4e30e,SpotifyRepeat,"[""state""]",Could you kindly repeat the track I'm listening to right now?,"{""app"":""spotify"",""action"":""repeat"",""params"":{""state"":""one""}}","Monday, 2007-04-09",14:08:33
1160,6986f635-4f56-54e6-8cf0-4e72e8c4e30e,SpotifyRepeat,"[""state""]",Please switch Spotify to repeat one.,"{""app"":""spotify"",""action"":""repeat"",""params"":{""state"":""one""}}","Monday, 2009-11-30",16:26:15
1161,6986f635-4f56-54e6-8cf0-4e72e8c4e30e,SpotifyRepeat,"[""state""]",Could you please keep this song on repeat in Spotify?,"{""app"":""spotify"",""action"":""repeat"",""params"":{""state"":""one""}}","Sunday, 2013-10-27",12:39:15
1162,6986f635-4f56-54e6-8cf0-4e72e8c4e30e,SpotifyRepeat,"[""state""]",Please repeat the current song in Spotify.,"{""app"":""spotify"",""action"":""repeat"",""params"":{""state"":""one""}}","Thursday, 2023-01-05",22:28:31
1163,6986f635-4f56-54e6-8cf0-4e72e8c4e30e,SpotifyRepeat,"[""state""]",Could you kindly make Spotify loop this track once more?,"{""app"":""spotify"",""action"":""repeat"",""params"":{""state"":""one""}}","Monday, 2026-01-12",23:44:33
1164,6986f635-4f56-54e6-8cf0-4e72e8c4e30e,SpotifyRepeat,"[""state""]",Please set Spotify to repeat the song that's playing now.,"{""app"":""spotify"",""action"":""repeat"",""params"":{""state"":""one""}}","Saturday, 2027-01-30",20:54:04
1165,6986f635-4f56-54e6-8cf0-4e72e8c4e30e,SpotifyRepeat,"[""state""]",Could you please put the current track on repeat in Spotify?,"{""app"":""spotify"",""action"":""repeat"",""params"":{""state"":""one""}}","Tuesday, 2027-03-16",11:39:38
1166,6986f635-4f56-54e6-8cf0-4e72e8c4e30e,SpotifyRepeat,"[""state""]",Please repeat this one track in Spotify.,"{""app"":""spotify"",""action"":""repeat"",""params"":{""state"":""one""}}","Wednesday, 2027-07-07",03:22:59
1167,6986f635-4f56-54e6-8cf0-4e72e8c4e30e,SpotifyRepeat,"[""state""]",Could you kindly set Spotify to repeat the song I'm hearing now?,"{""app"":""spotify"",""action"":""repeat"",""params"":{""state"":""one""}}","Saturday, 2028-12-02",01:19:53
1168,6986f635-4f56-54e6-8cf0-4e72e8c4e30e,SpotifyRepeat,"[""state""]",Please keep the current tune on repeat in Spotify.,"{""app"":""spotify"",""action"":""repeat"",""params"":{""state"":""one""}}","Monday, 2029-11-05",14:34:57
1169,6986f635-4f56-54e6-8cf0-4e72e8c4e30e,SpotifyRepeat,"[""state""]",Could you kindly repeat just this track for me in Spotify?,"{""app"":""spotify"",""action"":""repeat"",""params"":{""state"":""one""}}","Friday, 2030-02-08",17:55:03
1170,6986f635-4f56-54e6-8cf0-4e72e8c4e30e,SpotifyRepeat,"[""state""]",Please turn on one-track repeat in Spotify.,"{""app"":""spotify"",""action"":""repeat"",""params"":{""state"":""one""}}","Monday, 2030-06-03",00:12:24
1171,be4abb4c-71b2-5a33-906c-6cbe8ef2d4d0,SpotifyRepeat,"[""state""]",Can you put Spotify on repeat one for this track?,"{""app"":""spotify"",""action"":""repeat"",""params"":{""state"":""one""}}","Tuesday, 1994-10-25",15:52:37
1172,d9545b22-350f-5fe5-b4ef-64eefebc7bb5,SpotifyRepeat,"[""state""]",Could you switch Spotify to repeat the whole queue?,"{""app"":""spotify"",""action"":""repeat"",""params"":{""state"":""queue""}}","Tuesday, 1995-05-09",09:11:01
1173,75d5a103-3ca0-53e3-aa96-217ae8275df2,SpotifyRepeat,"[""state""]","Actually, turn repeat off in Spotify for now.","{""app"":""spotify"",""action"":""repeat"",""params"":{""state"":""none""}}","Saturday, 1996-08-10",20:14:12
1174,be4abb4c-71b2-5a33-906c-6cbe8ef2d4d0,SpotifyRepeat,"[""state""]",Please make Spotify repeat the current song just once more.,"{""app"":""spotify"",""action"":""repeat"",""params"":{""state"":""one""}}","Wednesday, 1998-10-28",09:08:02
1175,d9545b22-350f-5fe5-b4ef-64eefebc7bb5,SpotifyRepeat,"[""state""]","I want the playlist to keep looping, so set Spotify to repeat queue.","{""app"":""spotify"",""action"":""repeat"",""params"":{""state"":""queue""}}","Tuesday, 1998-12-29",13:03:18
1176,75d5a103-3ca0-53e3-aa96-217ae8275df2,SpotifyRepeat,"[""state""]","No more looping, please disable repeat in Spotify.","{""app"":""spotify"",""action"":""repeat"",""params"":{""state"":""none""}}","Thursday, 1999-11-11",18:56:29
1177,be4abb4c-71b2-5a33-906c-6cbe8ef2d4d0,SpotifyRepeat,"[""state""]",Can we have this album on repeat one?,"{""app"":""spotify"",""action"":""repeat"",""params"":{""state"":""one""}}","Saturday, 2001-06-23",13:17:14
1178,d9545b22-350f-5fe5-b4ef-64eefebc7bb5,SpotifyRepeat,"[""state""]",Just keep the queue cycling in Spotify.,"{""app"":""spotify"",""action"":""repeat"",""params"":{""state"":""queue""}}","Friday, 2001-10-05",03:41:34
1179,75d5a103-3ca0-53e3-aa96-217ae8275df2,SpotifyRepeat,"[""state""]","I don't need repeat anymore, turn it off in Spotify.","{""app"":""spotify"",""action"":""repeat"",""params"":{""state"":""none""}}","Thursday, 2004-12-16",15:41:24
1180,be4abb4c-71b2-5a33-906c-6cbe8ef2d4d0,SpotifyRepeat,"[""state""]","Could you repeat this track only, please?","{""app"":""spotify"",""action"":""repeat"",""params"":{""state"":""one""}}","Friday, 2006-02-24",01:30:09
1181,d9545b22-350f-5fe5-b4ef-64eefebc7bb5,SpotifyRepeat,"[""state""]",Make Spotify loop the entire queue from here.,"{""app"":""spotify"",""action"":""repeat"",""params"":{""state"":""queue""}}","Monday, 2013-07-08",14:14:57
1182,75d5a103-3ca0-53e3-aa96-217ae8275df2,SpotifyRepeat,"[""state""]",Switch repeat off in Spotify for the moment.,"{""app"":""spotify"",""action"":""repeat"",""params"":{""state"":""none""}}","Wednesday, 2019-05-08",09:07:08
1183,be4abb4c-71b2-5a33-906c-6cbe8ef2d4d0,SpotifyRepeat,"[""state""]","Hey, put this podcast episode on repeat one.","{""app"":""spotify"",""action"":""repeat"",""params"":{""state"":""one""}}","Monday, 2026-06-29",04:06:30
1184,d9545b22-350f-5fe5-b4ef-64eefebc7bb5,SpotifyRepeat,"[""state""]",Please keep the whole queue repeating in Spotify.,"{""app"":""spotify"",""action"":""repeat"",""params"":{""state"":""queue""}}","Thursday, 2027-08-19",09:58:22
1185,75d5a103-3ca0-53e3-aa96-217ae8275df2,SpotifyRepeat,"[""state""]","Turn off repeat in Spotify, thanks.","{""app"":""spotify"",""action"":""repeat"",""params"":{""state"":""none""}}","Tuesday, 2027-11-16",14:35:54
1186,02c2e9d1-6116-538c-8f3e-0246826303fa,SpotifySearchAndPlay,"[""query"",""scope""]","hey can you play ""Take On Me"" for me","{""app"":""spotify"",""action"":""search_and_play"",""params"":{""query"":""Take On Me"",""scope"":""song""}}","Thursday, 1990-06-14",14:23:58
1187,02c2e9d1-6116-538c-8f3e-0246826303fa,SpotifySearchAndPlay,"[""query"",""scope""]","put on the song ""Nothing Compares 2 U""","{""app"":""spotify"",""action"":""search_and_play"",""params"":{""query"":""Nothing Compares 2 U"",""scope"":""song""}}","Monday, 1992-09-14",11:00:29
1188,02c2e9d1-6116-538c-8f3e-0246826303fa,SpotifySearchAndPlay,"[""query"",""scope""]","could you play ""Wonderwall"" right now","{""app"":""spotify"",""action"":""search_and_play"",""params"":{""query"":""Wonderwall"",""scope"":""song""}}","Monday, 1998-04-06",18:11:16
1189,02c2e9d1-6116-538c-8f3e-0246826303fa,SpotifySearchAndPlay,"[""query"",""scope""]","throw on ""Mr. Brightside"" for me","{""app"":""spotify"",""action"":""search_and_play"",""params"":{""query"":""Mr. Brightside"",""scope"":""song""}}","Thursday, 2007-06-28",17:22:00
1190,02c2e9d1-6116-538c-8f3e-0246826303fa,SpotifySearchAndPlay,"[""query"",""scope""]","hey, play the song ""Viva La Vida""","{""app"":""spotify"",""action"":""search_and_play"",""params"":{""query"":""Viva La Vida"",""scope"":""song""}}","Monday, 2008-09-29",13:20:36
1191,02c2e9d1-6116-538c-8f3e-0246826303fa,SpotifySearchAndPlay,"[""query"",""scope""]","can you queue up ""Bad Romance""","{""app"":""spotify"",""action"":""search_and_play"",""params"":{""query"":""Bad Romance"",""scope"":""song""}}","Saturday, 2009-10-10",12:28:40
1192,b5310e83-1f32-50f9-85b6-ab949bcd0a23,SpotifySearchAndPlay,"[""query"",""scope""]","play the album ""21""","{""app"":""spotify"",""action"":""search_and_play"",""params"":{""query"":""21"",""scope"":""album""}}","Sunday, 2012-06-17",21:21:47
1193,b5310e83-1f32-50f9-85b6-ab949bcd0a23,SpotifySearchAndPlay,"[""query"",""scope""]","put on the album ""Random Access Memories""","{""app"":""spotify"",""action"":""search_and_play"",""params"":{""query"":""Random Access Memories"",""scope"":""album""}}","Sunday, 2015-06-07",23:30:55
1194,b5310e83-1f32-50f9-85b6-ab949bcd0a23,SpotifySearchAndPlay,"[""query"",""scope""]","could you play the album ""To Pimp a Butterfly""","{""app"":""spotify"",""action"":""search_and_play"",""params"":{""query"":""To Pimp a Butterfly"",""scope"":""album""}}","Friday, 2016-02-12",08:20:12
1195,b5310e83-1f32-50f9-85b6-ab949bcd0a23,SpotifySearchAndPlay,"[""query"",""scope""]","hey, start the album ""A Moon Shaped Pool""","{""app"":""spotify"",""action"":""search_and_play"",""params"":{""query"":""A Moon Shaped Pool"",""scope"":""album""}}","Thursday, 2016-04-21",07:52:01
1196,eedb133a-97e1-5dec-bb6f-eb6ad07f9e86,SpotifySearchAndPlay,"[""query"",""scope""]",just play the artist Taylor Swift,"{""app"":""spotify"",""action"":""search_and_play"",""params"":{""query"":""Taylor Swift"",""scope"":""artist""}}","Tuesday, 2023-10-17",17:21:15
1197,eedb133a-97e1-5dec-bb6f-eb6ad07f9e86,SpotifySearchAndPlay,"[""query"",""scope""]",can you bring up the artist Mitski,"{""app"":""spotify"",""action"":""search_and_play"",""params"":{""query"":""Mitski"",""scope"":""artist""}}","Monday, 2025-05-26",05:36:30
1198,a02990e1-c346-5192-87ca-04be1f90d4b4,SpotifySearchAndPlay,"[""query"",""scope""]",play that playlist called Chill Lo-Fi Beats,"{""app"":""spotify"",""action"":""search_and_play"",""params"":{""query"":""Chill Lo-Fi Beats"",""scope"":""playlist""}}","Tuesday, 2027-07-13",10:40:54
1199,a02990e1-c346-5192-87ca-04be1f90d4b4,SpotifySearchAndPlay,"[""query"",""scope""]","hey, search and play the playlist Road Trip Mix","{""app"":""spotify"",""action"":""search_and_play"",""params"":{""query"":""Road Trip Mix"",""scope"":""playlist""}}","Wednesday, 2027-09-15",07:42:26
1200,a02990e1-c346-5192-87ca-04be1f90d4b4,SpotifySearchAndPlay,"[""query"",""scope""]","do the playlist ""Evening Acoustic"" for me","{""app"":""spotify"",""action"":""search_and_play"",""params"":{""query"":""Evening Acoustic"",""scope"":""playlist""}}","Wednesday, 2028-09-13",17:30:56
1201,a4f4988e-9909-5912-83ad-ad321c0f2e96,SpotifySearchAndPlay,"[""query"",""scope""]",hey can you spotify and play 'Dreams' by Fleetwood Mac tonight,"{""app"":""spotify"",""action"":""search_and_play"",""params"":{""query"":""Dreams by Fleetwood Mac"",""scope"":""song""}}","Saturday, 1992-01-18",22:08:46
1202,a4f4988e-9909-5912-83ad-ad321c0f2e96,SpotifySearchAndPlay,"[""query"",""scope""]","yo, put on that song 'Dreams' from Fleetwood Mac right now on spotify","{""app"":""spotify"",""action"":""search_and_play"",""params"":{""query"":""Dreams by Fleetwood Mac"",""scope"":""song""}}","Wednesday, 1997-11-26",11:03:18
1203,a4f4988e-9909-5912-83ad-ad321c0f2e96,SpotifySearchAndPlay,"[""query"",""scope""]","could you play the song Dreams by Fleetwood Mac this morning, like on spotify","{""app"":""spotify"",""action"":""search_and_play"",""params"":{""query"":""Dreams by Fleetwood Mac"",""scope"":""song""}}","Friday, 1999-03-26",08:55:40
1204,22864f65-bd12-516f-925e-0d802a5da2d7,SpotifySearchAndPlay,"[""query"",""scope""]","hey, search spotify for 'Bohemian Rhapsody' and blast the song for me this afternoon","{""app"":""spotify"",""action"":""search_and_play"",""params"":{""query"":""Bohemian Rhapsody"",""scope"":""song""}}","Wednesday, 2005-09-28",16:44:24
1205,22864f65-bd12-516f-925e-0d802a5da2d7,SpotifySearchAndPlay,"[""query"",""scope""]",can you queue up the song Bohemian Rhapsody on spot i fy later tonight,"{""app"":""spotify"",""action"":""search_and_play"",""params"":{""query"":""Bohemian Rhapsody"",""scope"":""song""}}","Friday, 2005-12-23",18:49:16
1206,22864f65-bd12-516f-925e-0d802a5da2d7,SpotifySearchAndPlay,"[""query"",""scope""]","please play Bohemian Rhapsody, the song, in a bit on spotify","{""app"":""spotify"",""action"":""search_and_play"",""params"":{""query"":""Bohemian Rhapsody"",""scope"":""song""}}","Tuesday, 2012-02-07",04:08:33
1207,a63bbceb-3404-5938-9d0b-837401e244a7,SpotifySearchAndPlay,"[""query"",""scope""]","hey spoti fy, find and play the album Abbey Road for me this morning","{""app"":""spotify"",""action"":""search_and_play"",""params"":{""query"":""Abbey Road"",""scope"":""album""}}","Monday, 2014-08-04",00:24:49
1208,a63bbceb-3404-5938-9d0b-837401e244a7,SpotifySearchAndPlay,"[""query"",""scope""]",could you spin up the Abbey Road album on spot if y after lunch,"{""app"":""spotify"",""action"":""search_and_play"",""params"":{""query"":""Abbey Road"",""scope"":""album""}}","Tuesday, 2016-05-24",02:50:52
1209,a63bbceb-3404-5938-9d0b-837401e244a7,SpotifySearchAndPlay,"[""query"",""scope""]",don't forget to play the album Abbey Road later today on spotify,"{""app"":""spotify"",""action"":""search_and_play"",""params"":{""query"":""Abbey Road"",""scope"":""album""}}","Friday, 2018-07-06",06:41:30
1210,5e00a298-6382-5a66-8c01-8b805b185533,SpotifySearchAndPlay,"[""query"",""scope""]","yo, search spot ify for the artist Radiohead and start playing them now","{""app"":""spotify"",""action"":""search_and_play"",""params"":{""query"":""Radiohead"",""scope"":""artist""}}","Thursday, 2019-07-18",05:53:05
1211,5e00a298-6382-5a66-8c01-8b805b185533,SpotifySearchAndPlay,"[""query"",""scope""]",hey can you play Radiohead as an artist on spotify sometime this evening,"{""app"":""spotify"",""action"":""search_and_play"",""params"":{""query"":""Radiohead"",""scope"":""artist""}}","Monday, 2020-03-16",06:40:29
1212,5e00a298-6382-5a66-8c01-8b805b185533,SpotifySearchAndPlay,"[""query"",""scope""]","please put on the artist Radiohead in a minute, like on spotify","{""app"":""spotify"",""action"":""search_and_play"",""params"":{""query"":""Radiohead"",""scope"":""artist""}}","Thursday, 2023-02-16",21:44:13
1213,4b491136-ea6d-5a5d-8292-0518ff36a76c,SpotifySearchAndPlay,"[""query"",""scope""]",could you find the playlist 'lofi beats' and play it this afternoon on spotify,"{""app"":""spotify"",""action"":""search_and_play"",""params"":{""query"":""lofi beats"",""scope"":""playlist""}}","Friday, 2024-11-15",12:31:17
1214,4b491136-ea6d-5a5d-8292-0518ff36a76c,SpotifySearchAndPlay,"[""query"",""scope""]","hey, open spot if y and start the playlist lofi beats later today","{""app"":""spotify"",""action"":""search_and_play"",""params"":{""query"":""lofi beats"",""scope"":""playlist""}}","Wednesday, 2025-09-03",08:54:57
1215,4b491136-ea6d-5a5d-8292-0518ff36a76c,SpotifySearchAndPlay,"[""query"",""scope""]","yo, search and play the lofi beats playlist right away on spotify","{""app"":""spotify"",""action"":""search_and_play"",""params"":{""query"":""lofi beats"",""scope"":""playlist""}}","Friday, 2028-08-25",02:10:41
1216,d153c6e8-98a5-5bf9-87aa-6fd385f97b7a,SpotifySearchAndPlay,"[""query"",""scope""]","play the song ""Nothing Compares 2 U""","{""app"":""spotify"",""action"":""search_and_play"",""params"":{""query"":""Nothing Compares 2 U"",""scope"":""song""}}","Tuesday, 1990-11-27",07:26:28
1217,02d8c6b0-9170-5487-8158-59baba48d3ca,SpotifySearchAndPlay,"[""query"",""scope""]","search and play the album ""The Joshua Tree""","{""app"":""spotify"",""action"":""search_and_play"",""params"":{""query"":""The Joshua Tree"",""scope"":""album""}}","Tuesday, 1993-12-14",15:58:05
1218,a94294ce-970c-505d-acfc-783826d9d01b,SpotifySearchAndPlay,"[""query"",""scope""]",play Radiohead,"{""app"":""spotify"",""action"":""search_and_play"",""params"":{""query"":""Radiohead"",""scope"":""artist""}}","Wednesday, 2001-06-06",06:17:56
1219,18136576-da69-5833-aff4-790faa9816ae,SpotifySearchAndPlay,"[""query"",""scope""]","put on the playlist ""Morning Acoustic""","{""app"":""spotify"",""action"":""search_and_play"",""params"":{""query"":""Morning Acoustic"",""scope"":""playlist""}}","Monday, 2004-11-29",14:19:08
1220,d153c6e8-98a5-5bf9-87aa-6fd385f97b7a,SpotifySearchAndPlay,"[""query"",""scope""]","play ""Billie Jean""","{""app"":""spotify"",""action"":""search_and_play"",""params"":{""query"":""Billie Jean"",""scope"":""song""}}","Thursday, 2006-11-09",11:43:42
1221,02d8c6b0-9170-5487-8158-59baba48d3ca,SpotifySearchAndPlay,"[""query"",""scope""]","search up ""Back to Black"" and play it","{""app"":""spotify"",""action"":""search_and_play"",""params"":{""query"":""Back to Black"",""scope"":""album""}}","Tuesday, 2011-08-23",19:52:20
1222,a94294ce-970c-505d-acfc-783826d9d01b,SpotifySearchAndPlay,"[""query"",""scope""]",start Taylor Swift,"{""app"":""spotify"",""action"":""search_and_play"",""params"":{""query"":""Taylor Swift"",""scope"":""artist""}}","Monday, 2012-06-25",11:44:20
1223,18136576-da69-5833-aff4-790faa9816ae,SpotifySearchAndPlay,"[""query"",""scope""]","play the playlist ""Chill Lofi Beats""","{""app"":""spotify"",""action"":""search_and_play"",""params"":{""query"":""Chill Lofi Beats"",""scope"":""playlist""}}","Thursday, 2013-06-06",20:09:28
1224,d153c6e8-98a5-5bf9-87aa-6fd385f97b7a,SpotifySearchAndPlay,"[""query"",""scope""]","find and play ""Uptown Funk""","{""app"":""spotify"",""action"":""search_and_play"",""params"":{""query"":""Uptown Funk"",""scope"":""song""}}","Wednesday, 2015-10-07",11:51:23
1225,02d8c6b0-9170-5487-8158-59baba48d3ca,SpotifySearchAndPlay,"[""query"",""scope""]","play the album ""A Moon Shaped Pool""","{""app"":""spotify"",""action"":""search_and_play"",""params"":{""query"":""A Moon Shaped Pool"",""scope"":""album""}}","Sunday, 2017-10-22",06:14:33
1226,a94294ce-970c-505d-acfc-783826d9d01b,SpotifySearchAndPlay,"[""query"",""scope""]",put on Daft Punk,"{""app"":""spotify"",""action"":""search_and_play"",""params"":{""query"":""Daft Punk"",""scope"":""artist""}}","Saturday, 2021-03-20",10:26:34
1227,18136576-da69-5833-aff4-790faa9816ae,SpotifySearchAndPlay,"[""query"",""scope""]","please play the playlist ""Deep Focus""","{""app"":""spotify"",""action"":""search_and_play"",""params"":{""query"":""Deep Focus"",""scope"":""playlist""}}","Thursday, 2021-12-02",22:44:22
1228,d153c6e8-98a5-5bf9-87aa-6fd385f97b7a,SpotifySearchAndPlay,"[""query"",""scope""]","search and play ""Flowers""","{""app"":""spotify"",""action"":""search_and_play"",""params"":{""query"":""Flowers"",""scope"":""song""}}","Saturday, 2024-08-10",18:10:48
1229,02d8c6b0-9170-5487-8158-59baba48d3ca,SpotifySearchAndPlay,"[""query"",""scope""]","open the album ""1989"" and play it","{""app"":""spotify"",""action"":""search_and_play"",""params"":{""query"":""1989"",""scope"":""album""}}","Saturday, 2028-11-25",07:19:56
1230,a94294ce-970c-505d-acfc-783826d9d01b,SpotifySearchAndPlay,"[""query"",""scope""]",play The Weeknd,"{""app"":""spotify"",""action"":""search_and_play"",""params"":{""query"":""The Weeknd"",""scope"":""artist""}}","Monday, 2028-11-27",08:07:16
1231,5ee4dd0e-61f5-55aa-aa6a-2bb97702d776,NotesOpen,[],Please open Notes for me so I can start writing.,"{""app"":""notes"",""action"":""open"",""params"":{}}","Monday, 1990-01-01",07:49:32
1232,5ee4dd0e-61f5-55aa-aa6a-2bb97702d776,NotesOpen,[],I would appreciate it if you could open the Notes app now.,"{""app"":""notes"",""action"":""open"",""params"":{}}","Thursday, 1990-05-03",21:15:12
1233,5ee4dd0e-61f5-55aa-aa6a-2bb97702d776,NotesOpen,[],Could you please bring up Notes on my Mac?,"{""app"":""notes"",""action"":""open"",""params"":{}}","Friday, 1991-03-22",10:37:37
1234,5ee4dd0e-61f5-55aa-aa6a-2bb97702d776,NotesOpen,[],"Open Notes, please, so I can review my notes.","{""app"":""notes"",""action"":""open"",""params"":{}}","Monday, 1991-06-10",11:39:29
1235,5ee4dd0e-61f5-55aa-aa6a-2bb97702d776,NotesOpen,[],Kindly launch Notes for me.,"{""app"":""notes"",""action"":""open"",""params"":{}}","Sunday, 1995-07-23",01:37:50
1236,5ee4dd0e-61f5-55aa-aa6a-2bb97702d776,NotesOpen,[],Please open Apple Notes at once.,"{""app"":""notes"",""action"":""open"",""params"":{}}","Saturday, 1996-09-14",08:03:42
1237,5ee4dd0e-61f5-55aa-aa6a-2bb97702d776,NotesOpen,[],"I need Notes opened, if you would be so kind.","{""app"":""notes"",""action"":""open"",""params"":{}}","Friday, 1997-11-14",18:40:46
1238,5ee4dd0e-61f5-55aa-aa6a-2bb97702d776,NotesOpen,[],Would you open the Notes application for me?,"{""app"":""notes"",""action"":""open"",""params"":{}}","Tuesday, 1998-05-12",08:27:22
1239,5ee4dd0e-61f5-55aa-aa6a-2bb97702d776,NotesOpen,[],Please bring up Notes so I can jot something down.,"{""app"":""notes"",""action"":""open"",""params"":{}}","Thursday, 1999-06-24",05:15:35
1240,5ee4dd0e-61f5-55aa-aa6a-2bb97702d776,NotesOpen,[],Could you kindly start Notes on this Mac?,"{""app"":""notes"",""action"":""open"",""params"":{}}","Thursday, 2002-03-07",18:27:47
1241,5ee4dd0e-61f5-55aa-aa6a-2bb97702d776,NotesOpen,[],"Open the Notes app for me, please.","{""app"":""notes"",""action"":""open"",""params"":{}}","Tuesday, 2004-02-03",11:19:15
1242,5ee4dd0e-61f5-55aa-aa6a-2bb97702d776,NotesOpen,[],"I would like Notes opened now, thank you.","{""app"":""notes"",""action"":""open"",""params"":{}}","Friday, 2004-10-15",14:27:34
1243,5ee4dd0e-61f5-55aa-aa6a-2bb97702d776,NotesOpen,[],Please open Notes so I can keep a holiday checklist.,"{""app"":""notes"",""action"":""open"",""params"":{}}","Sunday, 2017-12-24",23:01:29
1244,5ee4dd0e-61f5-55aa-aa6a-2bb97702d776,NotesOpen,[],Could you open Notes for me this morning?,"{""app"":""notes"",""action"":""open"",""params"":{}}","Friday, 2020-01-10",03:23:28
1245,5ee4dd0e-61f5-55aa-aa6a-2bb97702d776,NotesOpen,[],I would appreciate it if you could launch Notes right away.,"{""app"":""notes"",""action"":""open"",""params"":{}}","Saturday, 2025-08-16",09:10:25
1246,6a4f5ef3-d700-5663-a672-7529dd2be4d4,NotesClose,[],Could you close Notes for me? I’m done with it for tonight.,"{""app"":""notes"",""action"":""close"",""params"":{}}","Monday, 1991-02-25",22:21:05
1247,6a4f5ef3-d700-5663-a672-7529dd2be4d4,NotesClose,[],Please shut down the Notes window.,"{""app"":""notes"",""action"":""close"",""params"":{}}","Wednesday, 1996-11-27",09:50:04
1248,6a4f5ef3-d700-5663-a672-7529dd2be4d4,NotesClose,[],Can you just close Notes? I don't need it open anymore.,"{""app"":""notes"",""action"":""close"",""params"":{}}","Monday, 1999-11-15",03:25:06
1249,6a4f5ef3-d700-5663-a672-7529dd2be4d4,NotesClose,[],"Actually, please close the Notes app and tidy up my screen.","{""app"":""notes"",""action"":""close"",""params"":{}}","Tuesday, 2000-05-02",23:05:58
1250,6a4f5ef3-d700-5663-a672-7529dd2be4d4,NotesClose,[],Would you close Notes out for me now?,"{""app"":""notes"",""action"":""close"",""params"":{}}","Wednesday, 2002-01-30",18:48:52
1251,6a4f5ef3-d700-5663-a672-7529dd2be4d4,NotesClose,[],"I’m finished editing, so go ahead and close Notes.","{""app"":""notes"",""action"":""close"",""params"":{}}","Tuesday, 2002-02-12",23:24:03
1252,6a4f5ef3-d700-5663-a672-7529dd2be4d4,NotesClose,[],Can we close the Notes window before I switch apps?,"{""app"":""notes"",""action"":""close"",""params"":{}}","Wednesday, 2004-04-07",07:40:12
1253,6a4f5ef3-d700-5663-a672-7529dd2be4d4,NotesClose,[],"Hey, shut Notes please.","{""app"":""notes"",""action"":""close"",""params"":{}}","Tuesday, 2006-08-29",05:53:36
1254,6a4f5ef3-d700-5663-a672-7529dd2be4d4,NotesClose,[],Could you please close my Notes app? I don't need the note pad open.,"{""app"":""notes"",""action"":""close"",""params"":{}}","Saturday, 2014-11-08",16:07:27
1255,6a4f5ef3-d700-5663-a672-7529dd2be4d4,NotesClose,[],"Alright, close out Notes for me.","{""app"":""notes"",""action"":""close"",""params"":{}}","Friday, 2015-08-21",09:30:17
1256,6a4f5ef3-d700-5663-a672-7529dd2be4d4,NotesClose,[],Please close Notes; I'm done with my scribbles in there.,"{""app"":""notes"",""action"":""close"",""params"":{}}","Wednesday, 2015-09-16",15:43:43
1257,6a4f5ef3-d700-5663-a672-7529dd2be4d4,NotesClose,[],Can you close the Notes application for me?,"{""app"":""notes"",""action"":""close"",""params"":{}}","Friday, 2019-09-20",18:04:32
1258,6a4f5ef3-d700-5663-a672-7529dd2be4d4,NotesClose,[],Would you mind closing Notes now? It's just sitting there.,"{""app"":""notes"",""action"":""close"",""params"":{}}","Sunday, 2021-04-11",04:07:59
1259,6a4f5ef3-d700-5663-a672-7529dd2be4d4,NotesClose,[],"Please close Notes up, thanks.","{""app"":""notes"",""action"":""close"",""params"":{}}","Monday, 2024-05-27",21:00:03
1260,6a4f5ef3-d700-5663-a672-7529dd2be4d4,NotesClose,[],Could you shut the Notes app for me? I'm all done here.,"{""app"":""notes"",""action"":""close"",""params"":{}}","Saturday, 2026-10-24",02:15:54
1261,e1377938-1ab1-5b2c-8b44-e871c6316cdd,NotesGetNotes,[],Please show me all my notes.,"{""app"":""notes"",""action"":""get_notes"",""params"":{}}","Friday, 1990-07-27",07:59:25
1262,e1377938-1ab1-5b2c-8b44-e871c6316cdd,NotesGetNotes,[],Could you kindly open my notes list?,"{""app"":""notes"",""action"":""get_notes"",""params"":{}}","Thursday, 1992-10-01",03:51:39
1263,e1377938-1ab1-5b2c-8b44-e871c6316cdd,NotesGetNotes,[],Please pull up everything in Notes.,"{""app"":""notes"",""action"":""get_notes"",""params"":{}}","Friday, 1994-12-09",22:59:29
1264,e1377938-1ab1-5b2c-8b44-e871c6316cdd,NotesGetNotes,[],Could you please display all of my notes?,"{""app"":""notes"",""action"":""get_notes"",""params"":{}}","Sunday, 1995-08-27",21:12:40
1265,e1377938-1ab1-5b2c-8b44-e871c6316cdd,NotesGetNotes,[],"Show me the notes I have saved, please.","{""app"":""notes"",""action"":""get_notes"",""params"":{}}","Monday, 1996-10-21",17:20:42
1266,e1377938-1ab1-5b2c-8b44-e871c6316cdd,NotesGetNotes,[],Please bring up my Notes app entries.,"{""app"":""notes"",""action"":""get_notes"",""params"":{}}","Friday, 2003-06-13",11:34:36
1267,e1377938-1ab1-5b2c-8b44-e871c6316cdd,NotesGetNotes,[],Could you kindly fetch all my notes for me?,"{""app"":""notes"",""action"":""get_notes"",""params"":{}}","Wednesday, 2010-05-05",17:31:47
1268,e1377938-1ab1-5b2c-8b44-e871c6316cdd,NotesGetNotes,[],Please list every note I’ve got in Notes.,"{""app"":""notes"",""action"":""get_notes"",""params"":{}}","Wednesday, 2014-04-30",01:24:26
1269,08e8d301-53ac-5c10-b8ea-1105dd8021cb,NotesGetNotes,[],"Could you show all the notes from today, please?","{""app"":""notes"",""action"":""get_notes"",""params"":{}}","Friday, 2021-10-22",14:06:35
1270,08e8d301-53ac-5c10-b8ea-1105dd8021cb,NotesGetNotes,[],Please open the notes I wrote today.,"{""app"":""notes"",""action"":""get_notes"",""params"":{}}","Tuesday, 2023-11-21",22:39:30
1271,08e8d301-53ac-5c10-b8ea-1105dd8021cb,NotesGetNotes,[],Could you kindly bring up today's notes?,"{""app"":""notes"",""action"":""get_notes"",""params"":{}}","Tuesday, 2023-12-19",08:51:45
1272,08e8d301-53ac-5c10-b8ea-1105dd8021cb,NotesGetNotes,[],"Show me my notes for today, please.","{""app"":""notes"",""action"":""get_notes"",""params"":{}}","Thursday, 2024-11-28",01:34:58
1273,053b9fd3-2601-56f6-aa1c-834a342375b6,NotesGetNotes,[],Please display the notes from this morning.,"{""app"":""notes"",""action"":""get_notes"",""params"":{}}","Thursday, 2026-05-07",03:31:34
1274,053b9fd3-2601-56f6-aa1c-834a342375b6,NotesGetNotes,[],Could you kindly pull up my morning notes?,"{""app"":""notes"",""action"":""get_notes"",""params"":{}}","Tuesday, 2029-10-16",04:39:19
1275,053b9fd3-2601-56f6-aa1c-834a342375b6,NotesGetNotes,[],Please fetch the notes I made this morning.,"{""app"":""notes"",""action"":""get_notes"",""params"":{}}","Friday, 2030-08-30",02:07:53
1276,7935b6db-5faf-564f-953c-ddd4b3fb313e,NotesCreateNote,"[""title"",""content""]","Could you make a note called ""Quarterly budget ideas"" with content: draft a tighter Q4 budget, trim travel, and compare software subscriptions by Friday afternoon.","{""app"":""notes"",""action"":""create_note"",""params"":{""title"":""Quarterly budget ideas"",""content"":""draft a tighter Q4 budget, trim travel, and compare software subscriptions by Friday afternoon.""}}","Sunday, 1991-10-06",16:34:46
1277,7935b6db-5faf-564f-953c-ddd4b3fb313e,NotesCreateNote,"[""title"",""content""]","Please add a note titled ""Expense tracker cleanup"" and write: sort the receipts folder, flag duplicates, and ask finance about the missing invoice.","{""app"":""notes"",""action"":""create_note"",""params"":{""title"":""Expense tracker cleanup"",""content"":""sort the receipts folder, flag duplicates, and ask finance about the missing invoice.""}}","Monday, 1992-11-30",17:20:00
1278,7935b6db-5faf-564f-953c-ddd4b3fb313e,NotesCreateNote,"[""title"",""content""]","Can you jot down a note named ""Tax paper checklist"" with this content: gather W-2s, 1099s, and the bank statements before the weekend.","{""app"":""notes"",""action"":""create_note"",""params"":{""title"":""Tax paper checklist"",""content"":""gather W-2s, 1099s, and the bank statements before the weekend.""}}","Saturday, 1993-07-03",09:24:38
1279,7935b6db-5faf-564f-953c-ddd4b3fb313e,NotesCreateNote,"[""title"",""content""]","Make a note for me titled ""Annual report prep"" and include: review revenue charts, polish the summary slide, and double-check the totals.","{""app"":""notes"",""action"":""create_note"",""params"":{""title"":""Annual report prep"",""content"":""review revenue charts, polish the summary slide, and double-check the totals.""}}","Friday, 1993-12-31",00:25:56
1280,7935b6db-5faf-564f-953c-ddd4b3fb313e,NotesCreateNote,"[""title"",""content""]","I need a note called ""Savings plan"" that says: move a little extra into savings each payday and keep the emergency fund untouched.","{""app"":""notes"",""action"":""create_note"",""params"":{""title"":""Savings plan"",""content"":""move a little extra into savings each payday and keep the emergency fund untouched.""}}","Saturday, 1998-03-28",08:27:08
1281,7935b6db-5faf-564f-953c-ddd4b3fb313e,NotesCreateNote,"[""title"",""content""]","Would you create a note titled ""Reimbursements to submit"" with content: upload the conference lunch receipt, mileage log, and hotel invoice tonight.","{""app"":""notes"",""action"":""create_note"",""params"":{""title"":""Reimbursements to submit"",""content"":""upload the conference lunch receipt, mileage log, and hotel invoice tonight.""}}","Thursday, 2001-10-25",19:56:48
1282,f133e053-50dc-5066-b50d-fcb9f583f700,NotesCreateNote,"[""title"",""content""]","Please make a note named ""Guitar practice ideas"" and add: run through the new chord changes, then spend ten minutes on fingerpicking.","{""app"":""notes"",""action"":""create_note"",""params"":{""title"":""Guitar practice ideas"",""content"":""run through the new chord changes, then spend ten minutes on fingerpicking.""}}","Saturday, 2010-07-17",21:48:44
1283,f133e053-50dc-5066-b50d-fcb9f583f700,NotesCreateNote,"[""title"",""content""]","Can you add a note called ""Chess opening review"" with content: study the queen's gambit lines and check the first five moves again tomorrow morning?","{""app"":""notes"",""action"":""create_note"",""params"":{""title"":""Chess opening review"",""content"":""study the queen's gambit lines and check the first five moves again tomorrow morning?""}}","Sunday, 2011-03-27",15:54:04
1284,f133e053-50dc-5066-b50d-fcb9f583f700,NotesCreateNote,"[""title"",""content""]","Make a note titled ""French vocab drill"" and write: practice the kitchen, travel, and weather words for 20 minutes after lunch.","{""app"":""notes"",""action"":""create_note"",""params"":{""title"":""French vocab drill"",""content"":""practice the kitchen, travel, and weather words for 20 minutes after lunch.""}}","Saturday, 2017-12-16",09:53:50
1285,f133e053-50dc-5066-b50d-fcb9f583f700,NotesCreateNote,"[""title"",""content""]","I'd like a note named ""Piano warm-up plan"" that says: slow scales first, then the left-hand arpeggios, and finish with the tricky passage.","{""app"":""notes"",""action"":""create_note"",""params"":{""title"":""Piano warm-up plan"",""content"":""slow scales first, then the left-hand arpeggios, and finish with the tricky passage.""}}","Sunday, 2019-04-14",21:24:58
1286,f133e053-50dc-5066-b50d-fcb9f583f700,NotesCreateNote,"[""title"",""content""]","Could you create a note titled ""Morning run route"" with content: start by the river path, keep an easy pace, and stretch at the park bench afterward.","{""app"":""notes"",""action"":""create_note"",""params"":{""title"":""Morning run route"",""content"":""start by the river path, keep an easy pace, and stretch at the park bench afterward.""}}","Tuesday, 2021-10-19",14:58:41
1287,64a871cd-204e-5c8f-92a8-d542e52d3e20,NotesCreateNote,"[""title"",""content""]","Please jot down a note called ""Bathroom grout repair"" and include: pick up the sealant, mask the edges, and let it cure overnight.","{""app"":""notes"",""action"":""create_note"",""params"":{""title"":""Bathroom grout repair"",""content"":""pick up the sealant, mask the edges, and let it cure overnight.""}}","Sunday, 2024-09-22",04:20:08
1288,64a871cd-204e-5c8f-92a8-d542e52d3e20,NotesCreateNote,"[""title"",""content""]","Can you make a note titled ""Rose bush watering"" with content: soak the front beds deeply and check the mulch before the heat picks up?","{""app"":""notes"",""action"":""create_note"",""params"":{""title"":""Rose bush watering"",""content"":""soak the front beds deeply and check the mulch before the heat picks up?""}}","Saturday, 2025-05-24",13:29:19
1289,64a871cd-204e-5c8f-92a8-d542e52d3e20,NotesCreateNote,"[""title"",""content""]","Add a note named ""Garage shelf purge"" and write: toss the broken boxes, label the holiday bins, and sweep the corner by the freezer.","{""app"":""notes"",""action"":""create_note"",""params"":{""title"":""Garage shelf purge"",""content"":""toss the broken boxes, label the holiday bins, and sweep the corner by the freezer.""}}","Wednesday, 2025-12-17",23:50:24
1290,64a871cd-204e-5c8f-92a8-d542e52d3e20,NotesCreateNote,"[""title"",""content""]","I need a note called ""Passport renewal checklist"" with content: confirm the photo specs, print the form, and book the appointment next Tuesday.","{""app"":""notes"",""action"":""create_note"",""params"":{""title"":""Passport renewal checklist"",""content"":""confirm the photo specs, print the form, and book the appointment next Tuesday.""}}","Tuesday, 2029-03-27",00:24:50
1291,c1dec7bf-250c-5e4e-91d7-7590e4a12884,NotesCreateNote,"[""title"",""content""]","Could you make a note for me called ""Plumber callback""? Content: Call Rivera Plumbing first thing tomorrow morning about the dripping faucet.","{""app"":""notes"",""action"":""create_note"",""params"":{""title"":""Plumber callback"",""content"":""Call Rivera Plumbing first thing tomorrow morning about the dripping faucet.""}}","Wednesday, 1992-01-08",22:53:57
1292,43afdfdd-bdc8-5239-8495-336ef6d41203,NotesCreateNote,"[""title"",""content""]","Please add a note titled ""Tax folder"" with the content: Gather W-2s, receipts, and the old 1040 before Friday afternoon.","{""app"":""notes"",""action"":""create_note"",""params"":{""title"":""Tax folder"",""content"":""Gather W-2s, receipts, and the old 1040 before Friday afternoon.""}}","Wednesday, 1995-04-12",21:42:59
1293,f39ab323-3087-5aa8-b53a-effe5fcab456,NotesCreateNote,"[""title"",""content""]","Make a note named ""Physics reading"". Content: Read the chapter on electromagnetism tonight after dinner.","{""app"":""notes"",""action"":""create_note"",""params"":{""title"":""Physics reading"",""content"":""Read the chapter on electromagnetism tonight after dinner.""}}","Tuesday, 2000-06-27",09:41:06
1294,19086eb1-d8dc-5af7-ad74-2eb211fc0304,NotesCreateNote,"[""title"",""content""]","Actually, I need a note titled ""Fence repair"" with this in it: Buy wood screws and patch the back fence this Saturday morning.","{""app"":""notes"",""action"":""create_note"",""params"":{""title"":""Fence repair"",""content"":""Buy wood screws and patch the back fence this Saturday morning.""}}","Wednesday, 2006-02-08",11:51:05
1295,6a772546-c292-52f4-99a1-e1f0b26dc411,NotesCreateNote,"[""title"",""content""]","Could you jot down a note called ""Piano practice""? Content: Run through scales and the Chopin piece tomorrow evening.","{""app"":""notes"",""action"":""create_note"",""params"":{""title"":""Piano practice"",""content"":""Run through scales and the Chopin piece tomorrow evening.""}}","Tuesday, 2007-02-20",12:00:39
1296,19086eb1-d8dc-5af7-ad74-2eb211fc0304,NotesCreateNote,"[""title"",""content""]","Please make a note titled ""Sprinkler check"" and put this in the content: Inspect the backyard sprinkler heads next Tuesday at 3:00 in the afternoon.","{""app"":""notes"",""action"":""create_note"",""params"":{""title"":""Sprinkler check"",""content"":""Inspect the backyard sprinkler heads next Tuesday at 3:00 in the afternoon.""}}","Saturday, 2007-04-07",12:21:26
1297,f39ab323-3087-5aa8-b53a-effe5fcab456,NotesCreateNote,"[""title"",""content""]","Add a note for ""History exam"" with content: Review the Civil Rights Movement timeline this evening before bed.","{""app"":""notes"",""action"":""create_note"",""params"":{""title"":""History exam"",""content"":""Review the Civil Rights Movement timeline this evening before bed.""}}","Wednesday, 2009-06-24",15:23:26
1298,94fef3b5-a7cc-57b3-8c6d-735235ee0021,NotesCreateNote,"[""title"",""content""]","Remember this for me: title it ""Packing list"". Content: Sunscreen, sandals, charger, and the blue hoodie for Sunday morning.","{""app"":""notes"",""action"":""create_note"",""params"":{""title"":""Packing list"",""content"":""Sunscreen, sandals, charger, and the blue hoodie for Sunday morning.""}}","Sunday, 2009-09-27",00:54:07
1299,40a1acca-5889-5135-ba8a-57d2f5aafc23,NotesCreateNote,"[""title"",""content""]","Can you create a note called ""Running route""? Content: Try the lakeside loop at dawn tomorrow.","{""app"":""notes"",""action"":""create_note"",""params"":{""title"":""Running route"",""content"":""Try the lakeside loop at dawn tomorrow.""}}","Tuesday, 2010-08-24",16:12:30
1300,f79411bf-c9e8-50fa-b244-88217598d0ca,NotesCreateNote,"[""title"",""content""]","Make a note titled ""Budget slides"" and include: Finish the quarterly charts before noon on Monday.","{""app"":""notes"",""action"":""create_note"",""params"":{""title"":""Budget slides"",""content"":""Finish the quarterly charts before noon on Monday.""}}","Saturday, 2012-06-09",08:56:44
1301,499e11ba-f248-5a5c-a16d-2665533a635a,NotesCreateNote,"[""title"",""content""]","Please add a note named ""Holiday lights"" with the content: Test the string lights and buy extra clips later today.","{""app"":""notes"",""action"":""create_note"",""params"":{""title"":""Holiday lights"",""content"":""Test the string lights and buy extra clips later today.""}}","Wednesday, 2012-12-26",04:05:59
1302,d5bf002b-0088-5e81-9c5b-1830f5be84f0,NotesCreateNote,"[""title"",""content""]","Could you write a note titled ""Therapy exercises""? Content: Do the shoulder stretches and the band routine tomorrow at 7 in the morning.","{""app"":""notes"",""action"":""create_note"",""params"":{""title"":""Therapy exercises"",""content"":""Do the shoulder stretches and the band routine tomorrow at 7 in the morning.""}}","Wednesday, 2016-02-03",20:54:12
1303,ab87a0ba-cc60-537d-a3f4-a06d8e9d2466,NotesCreateNote,"[""title"",""content""]","I need a note called ""Grocery run"" with this content: Pick up oat milk, basil, and eggs after work on Thursday.","{""app"":""notes"",""action"":""create_note"",""params"":{""title"":""Grocery run"",""content"":""Pick up oat milk, basil, and eggs after work on Thursday.""}}","Wednesday, 2020-10-21",05:22:45
1304,dbfe9e81-a418-5d8d-8e52-94216b510a9e,NotesCreateNote,"[""title"",""content""]","Make sure there's a note titled ""Passport renewal"". Content: Bring the photo copy and application form to the office next Monday morning.","{""app"":""notes"",""action"":""create_note"",""params"":{""title"":""Passport renewal"",""content"":""Bring the photo copy and application form to the office next Monday morning.""}}","Friday, 2029-11-16",15:39:21
1305,f39ab323-3087-5aa8-b53a-effe5fcab456,NotesCreateNote,"[""title"",""content""]","Can you jot down a note titled ""Chess study""? Content: Analyze the queen sacrifice line tonight at 9 o'clock.","{""app"":""notes"",""action"":""create_note"",""params"":{""title"":""Chess study"",""content"":""Analyze the queen sacrifice line tonight at 9 o'clock.""}}","Tuesday, 2030-09-03",02:39:14
1306,746a6d0f-f1dd-591e-be84-b661959002dd,NotesCreateNote,"[""title"",""content""]","Can you make a note for me titled grocery list, with the content: oats, apples, oat milk, and basil pesto?","{""app"":""notes"",""action"":""create_note"",""params"":{""title"":""grocery list"",""content"":""oats, apples, oat milk, and basil pesto""}}","Sunday, 1991-11-24",19:14:52
1307,746a6d0f-f1dd-591e-be84-b661959002dd,NotesCreateNote,"[""title"",""content""]","Actually, please jot down a note called grocery list, and put in oats, apples, oat milk, and basil pesto.","{""app"":""notes"",""action"":""create_note"",""params"":{""title"":""grocery list"",""content"":""oats, apples, oat milk, and basil pesto""}}","Saturday, 1993-10-30",16:54:54
1308,746a6d0f-f1dd-591e-be84-b661959002dd,NotesCreateNote,"[""title"",""content""]","Could you add a note named grocery list? Content should be oats, apples, oat milk, and basil pesto.","{""app"":""notes"",""action"":""create_note"",""params"":{""title"":""grocery list"",""content"":""oats, apples, oat milk, and basil pesto""}}","Friday, 1995-12-29",12:23:32
1309,746a6d0f-f1dd-591e-be84-b661959002dd,NotesCreateNote,"[""title"",""content""]","Make a note titled grocery list and write: oats, apples, oat milk, and basil pesto.","{""app"":""notes"",""action"":""create_note"",""params"":{""title"":""grocery list"",""content"":""oats, apples, oat milk, and basil pesto""}}","Tuesday, 2002-10-22",21:46:37
1310,746a6d0f-f1dd-591e-be84-b661959002dd,NotesCreateNote,"[""title"",""content""]","Hey, please create a note called grocery list with oats, apples, oat milk, and basil pesto in it.","{""app"":""notes"",""action"":""create_note"",""params"":{""title"":""grocery list"",""content"":""oats, apples, oat milk, and basil pesto""}}","Saturday, 2005-11-19",23:10:59
1311,746a6d0f-f1dd-591e-be84-b661959002dd,NotesCreateNote,"[""title"",""content""]","I need a quick note named grocery list — please include oats, apples, oat milk, and basil pesto.","{""app"":""notes"",""action"":""create_note"",""params"":{""title"":""grocery list"",""content"":""oats, apples, oat milk, and basil pesto""}}","Wednesday, 2006-02-01",07:48:54
1312,746a6d0f-f1dd-591e-be84-b661959002dd,NotesCreateNote,"[""title"",""content""]","Could you note down grocery list with the text oats, apples, oat milk, and basil pesto?","{""app"":""notes"",""action"":""create_note"",""params"":{""title"":""grocery list"",""content"":""oats, apples, oat milk, and basil pesto""}}","Wednesday, 2007-08-15",20:42:50
1313,746a6d0f-f1dd-591e-be84-b661959002dd,NotesCreateNote,"[""title"",""content""]","Please add a note titled grocery list; content: oats, apples, oat milk, and basil pesto.","{""app"":""notes"",""action"":""create_note"",""params"":{""title"":""grocery list"",""content"":""oats, apples, oat milk, and basil pesto""}}","Tuesday, 2007-10-02",00:33:20
1314,746a6d0f-f1dd-591e-be84-b661959002dd,NotesCreateNote,"[""title"",""content""]","Can you make me a note called grocery list? Put in oats, apples, oat milk, and basil pesto.","{""app"":""notes"",""action"":""create_note"",""params"":{""title"":""grocery list"",""content"":""oats, apples, oat milk, and basil pesto""}}","Sunday, 2008-11-30",16:44:39
1315,746a6d0f-f1dd-591e-be84-b661959002dd,NotesCreateNote,"[""title"",""content""]","Actually, write a note called grocery list and type oats, apples, oat milk, and basil pesto.","{""app"":""notes"",""action"":""create_note"",""params"":{""title"":""grocery list"",""content"":""oats, apples, oat milk, and basil pesto""}}","Thursday, 2009-11-19",05:46:12
1316,2eb167fa-25b9-55db-a2ea-d575c6625d76,NotesCreateNote,"[""title"",""content""]","Could you please make a note titled packing checklist, with passport, chargers, a navy jumper, and toothbrushes?","{""app"":""notes"",""action"":""create_note"",""params"":{""title"":""packing checklist"",""content"":""passport, chargers, a navy jumper, and toothbrushes""}}","Thursday, 2018-12-27",18:27:07
1317,2eb167fa-25b9-55db-a2ea-d575c6625d76,NotesCreateNote,"[""title"",""content""]","Make me a note for packing checklist and include passport, chargers, a navy jumper, and toothbrushes.","{""app"":""notes"",""action"":""create_note"",""params"":{""title"":""packing checklist"",""content"":""passport, chargers, a navy jumper, and toothbrushes""}}","Tuesday, 2019-09-17",01:35:23
1318,2eb167fa-25b9-55db-a2ea-d575c6625d76,NotesCreateNote,"[""title"",""content""]","Hey, jot down a note called packing checklist — passport, chargers, a navy jumper, and toothbrushes.","{""app"":""notes"",""action"":""create_note"",""params"":{""title"":""packing checklist"",""content"":""passport, chargers, a navy jumper, and toothbrushes""}}","Thursday, 2021-05-13",06:56:33
1319,2eb167fa-25b9-55db-a2ea-d575c6625d76,NotesCreateNote,"[""title"",""content""]","Please add a note titled packing checklist with the words passport, chargers, a navy jumper, and toothbrushes.","{""app"":""notes"",""action"":""create_note"",""params"":{""title"":""packing checklist"",""content"":""passport, chargers, a navy jumper, and toothbrushes""}}","Friday, 2024-07-26",17:28:38
1320,2eb167fa-25b9-55db-a2ea-d575c6625d76,NotesCreateNote,"[""title"",""content""]","Can we create a note called packing checklist? Content should be passport, chargers, a navy jumper, and toothbrushes.","{""app"":""notes"",""action"":""create_note"",""params"":{""title"":""packing checklist"",""content"":""passport, chargers, a navy jumper, and toothbrushes""}}","Tuesday, 2026-07-28",12:39:45
1321,6a2f1587-f176-5377-89cb-47d448f7e9b8,NotesGetNoteContent,"[""title""]","Please open the note titled ""Rivergate budget draft"".","{""app"":""notes"",""action"":""get_note_content"",""params"":{""title"":""Rivergate budget draft""}}","Saturday, 1992-07-11",10:46:52
1322,6a2f1587-f176-5377-89cb-47d448f7e9b8,NotesGetNoteContent,"[""title""]","I would appreciate it if you could show me the note named ""Quarterly ledger review"".","{""app"":""notes"",""action"":""get_note_content"",""params"":{""title"":""Quarterly ledger review""}}","Thursday, 1993-07-08",13:58:05
1323,6a2f1587-f176-5377-89cb-47d448f7e9b8,NotesGetNoteContent,"[""title""]","Could you please retrieve the note called ""Chemistry lab findings""?","{""app"":""notes"",""action"":""get_note_content"",""params"":{""title"":""Chemistry lab findings""}}","Wednesday, 1999-01-20",20:43:18
1324,6a2f1587-f176-5377-89cb-47d448f7e9b8,NotesGetNoteContent,"[""title""]","Please fetch the note with the title ""Thesis chapter outline"".","{""app"":""notes"",""action"":""get_note_content"",""params"":{""title"":""Thesis chapter outline""}}","Thursday, 1999-08-19",16:14:53
1325,6a2f1587-f176-5377-89cb-47d448f7e9b8,NotesGetNoteContent,"[""title""]","Would you kindly bring up the note titled ""Invoice reconciliation checklist""?","{""app"":""notes"",""action"":""get_note_content"",""params"":{""title"":""Invoice reconciliation checklist""}}","Wednesday, 2002-05-29",20:04:10
1326,6a2f1587-f176-5377-89cb-47d448f7e9b8,NotesGetNoteContent,"[""title""]","Open the note named ""Patent citation summary"", please.","{""app"":""notes"",""action"":""get_note_content"",""params"":{""title"":""Patent citation summary""}}","Sunday, 2002-09-01",00:37:08
1327,6a2f1587-f176-5377-89cb-47d448f7e9b8,NotesGetNoteContent,"[""title""]","I need the content of the note ""Workshop agenda revision"".","{""app"":""notes"",""action"":""get_note_content"",""params"":{""title"":""Workshop agenda revision""}}","Saturday, 2004-06-19",22:23:39
1328,12f1f5d7-3e42-5913-8710-5bf45a1a93a1,NotesGetNoteContent,"[""title""]","Please display the note titled ""Sunset hike packing list"".","{""app"":""notes"",""action"":""get_note_content"",""params"":{""title"":""Sunset hike packing list""}}","Sunday, 2005-05-01",09:34:10
1329,12f1f5d7-3e42-5913-8710-5bf45a1a93a1,NotesGetNoteContent,"[""title""]","Could you look up the note called ""Appliance warranty numbers"" for me?","{""app"":""notes"",""action"":""get_note_content"",""params"":{""title"":""Appliance warranty numbers""}}","Tuesday, 2007-02-27",19:08:32
1330,378847ea-0169-5d27-a4a7-f0ec581e8c28,NotesGetNoteContent,"[""title""]","Please read the note named ""Northbound ferry itinerary"".","{""app"":""notes"",""action"":""get_note_content"",""params"":{""title"":""Northbound ferry itinerary""}}","Saturday, 2015-06-06",23:06:59
1331,12f1f5d7-3e42-5913-8710-5bf45a1a93a1,NotesGetNoteContent,"[""title""]","I would like the note titled ""Garden irrigation schedule"" opened.","{""app"":""notes"",""action"":""get_note_content"",""params"":{""title"":""Garden irrigation schedule""}}","Friday, 2016-08-12",20:51:17
1332,b597fd44-ec99-5205-9193-b168612f8a89,NotesGetNoteContent,"[""title""]","Kindly retrieve the note with the title ""Orchestra rehearsal cues"".","{""app"":""notes"",""action"":""get_note_content"",""params"":{""title"":""Orchestra rehearsal cues""}}","Tuesday, 2020-04-14",20:25:11
1333,12f1f5d7-3e42-5913-8710-5bf45a1a93a1,NotesGetNoteContent,"[""title""]","Please pull up the note named ""Veteran's Day dinner menu"".","{""app"":""notes"",""action"":""get_note_content"",""params"":{""title"":""Veteran's Day dinner menu""}}","Saturday, 2022-10-15",23:22:35
1334,6a2f1587-f176-5377-89cb-47d448f7e9b8,NotesGetNoteContent,"[""title""]","I would appreciate it if you could show me the note titled ""Freight elevator inspection log"".","{""app"":""notes"",""action"":""get_note_content"",""params"":{""title"":""Freight elevator inspection log""}}","Monday, 2025-02-17",23:52:13
1335,12f1f5d7-3e42-5913-8710-5bf45a1a93a1,NotesGetNoteContent,"[""title""]","Open the note called ""Winter citrus preserves recipe"", please.","{""app"":""notes"",""action"":""get_note_content"",""params"":{""title"":""Winter citrus preserves recipe""}}","Sunday, 2025-11-23",20:46:49
1336,ea640d51-03f3-518c-9495-f2a3b9492160,NotesGetNoteContent,"[""title""]",open the note titled Sunday market list,"{""app"":""notes"",""action"":""get_note_content"",""params"":{""title"":""Sunday market list""}}","Sunday, 1992-02-09",09:00:14
1337,03d5d563-a506-5196-aee8-d63b4bef5d97,NotesGetNoteContent,"[""title""]",show me the note called ten o'clock train plan,"{""app"":""notes"",""action"":""get_note_content"",""params"":{""title"":""ten o'clock train plan""}}","Tuesday, 1994-10-11",11:56:14
1338,e5334e45-5586-510e-aa98-f052248acbc2,NotesGetNoteContent,"[""title""]",pull up the note named chemistry lab prep,"{""app"":""notes"",""action"":""get_note_content"",""params"":{""title"":""chemistry lab prep""}}","Tuesday, 1996-01-16",07:59:04
1339,dd3df4ee-808e-577b-8423-68f989a84aae,NotesGetNoteContent,"[""title""]",get the note titled fence repair parts,"{""app"":""notes"",""action"":""get_note_content"",""params"":{""title"":""fence repair parts""}}","Tuesday, 1997-12-02",09:10:41
1340,85f61294-243d-5d8d-a6fd-d0326acdaf95,NotesGetNoteContent,"[""title""]",open note brunch at the riverside cafe,"{""app"":""notes"",""action"":""get_note_content"",""params"":{""title"":""brunch at the riverside cafe""}}","Friday, 2000-10-13",13:21:20
1341,9837de44-f405-53ac-ae37-a90fc0fad96d,NotesGetNoteContent,"[""title""]",read the note called guitar chord practice,"{""app"":""notes"",""action"":""get_note_content"",""params"":{""title"":""guitar chord practice""}}","Saturday, 2006-04-08",12:04:05
1342,73cc05af-838d-519a-95d8-98686128fe39,NotesGetNoteContent,"[""title""]",find the note titled garden soil notes,"{""app"":""notes"",""action"":""get_note_content"",""params"":{""title"":""garden soil notes""}}","Sunday, 2007-01-21",03:32:56
1343,67fe741b-9e0d-55e9-8511-7242593a770f,NotesGetNoteContent,"[""title""]",bring up the note named quarterly budget draft,"{""app"":""notes"",""action"":""get_note_content"",""params"":{""title"":""quarterly budget draft""}}","Thursday, 2008-07-24",13:53:54
1344,b35c27e2-003a-5d8e-aa57-cfc03d36eece,NotesGetNoteContent,"[""title""]",please open the note called hiking gear checklist,"{""app"":""notes"",""action"":""get_note_content"",""params"":{""title"":""hiking gear checklist""}}","Sunday, 2009-10-11",14:01:29
1345,d3d2af83-f5bb-5a84-9265-e0f87c9688fa,NotesGetNoteContent,"[""title""]",show note violin recital set list,"{""app"":""notes"",""action"":""get_note_content"",""params"":{""title"":""violin recital set list""}}","Thursday, 2011-03-31",08:55:13
1346,03d5d563-a506-5196-aee8-d63b4bef5d97,NotesGetNoteContent,"[""title""]",get me the note titled passport renewal checklist,"{""app"":""notes"",""action"":""get_note_content"",""params"":{""title"":""passport renewal checklist""}}","Saturday, 2011-06-18",16:04:24
1347,28b561d8-a210-5d4c-be5a-2c3c4c62265d,NotesGetNoteContent,"[""title""]",open the note called baby shower gift ideas,"{""app"":""notes"",""action"":""get_note_content"",""params"":{""title"":""baby shower gift ideas""}}","Wednesday, 2015-07-08",00:22:03
1348,591b46d4-f967-59b9-ad11-4b902ab9a214,NotesGetNoteContent,"[""title""]",pull up the note named apartment move-out checklist,"{""app"":""notes"",""action"":""get_note_content"",""params"":{""title"":""apartment move-out checklist""}}","Friday, 2019-06-28",20:19:55
1349,e6f811b2-521c-51ef-9e24-5030e11ee267,NotesGetNoteContent,"[""title""]",show me the note titled Christmas cookie recipe,"{""app"":""notes"",""action"":""get_note_content"",""params"":{""title"":""Christmas cookie recipe""}}","Saturday, 2026-08-22",03:45:08
1350,5843d568-ae2c-5522-bc72-d0cc3128b86c,NotesGetNoteContent,"[""title""]",open note toddler bedtime routine,"{""app"":""notes"",""action"":""get_note_content"",""params"":{""title"":""toddler bedtime routine""}}","Tuesday, 2027-11-30",07:24:36
=1353,ff063b63-76fc-533c-97d7-aa05d2c1b073,NotesAddToNote,"[""title"",""content""]","could you update the ferry packing list note and make it read: passports, charger, sunscreen, and the tiny umbrella thing.","{""app"":""notes"",""action"":""update_note"",""params"":{""title"":""ferry packing list"",""content"":""passports, charger, sunscreen, and the tiny umbrella thing.""}}","Wednesday, 2000-05-24",08:49:01
1357,40466a8e-b09b-5241-a000-3b4692ab7fc9,NotesAddToNote,"[""title"",""content""]","can you refresh the recipe note and change the title to sourdough starter care, with this text: feed it tonight, check bubbles, and leave it on the counter till morning.","{""app"":""notes"",""action"":""update_note"",""params"":{""title"":""sourdough starter care"",""content"":""feed it tonight, check bubbles, and leave it on the counter till morning.""}}","Thursday, 2007-08-30",01:28:10
1361,3a65e76e-8535-5908-9574-67801e68d81c,NotesAddToNote,"[""title"",""content""]","don't let me forget to change the note garden fence repair to: buy hinges, call the hardware shop, and patch the split post on Saturday afternoon.","{""app"":""notes"",""action"":""update_note"",""params"":{""title"":""garden fence repair"",""content"":""buy hinges, call the hardware shop, and patch the split post on Saturday afternoon.""}}","Thursday, 2018-09-13",05:15:40
1366,0a392040-5288-5313-bd98-b55e128d99d0,NotesAddToNote,"[""title"",""content""]","Can you update my note called ""Thesis draft"" with this? I finally fixed the intro, and I still need to polish the citations before tomorrow morning.","{""app"":""notes"",""action"":""update_note"",""params"":{""title"":""Thesis draft"",""content"":""I finally fixed the intro, and I still need to polish the citations before tomorrow morning.""}}","Tuesday, 2000-11-14",21:00:15
1373,d1ec6695-b514-562c-aa85-13cbe07cebec,NotesAddToNote,"[""title"",""content""]","Please change the note titled ""Weekend groceries"" to say I still have to grab basil, eggs, and lemons this Saturday afternoon.","{""app"":""notes"",""action"":""update_note"",""params"":{""title"":""Weekend groceries"",""content"":""I still have to grab basil, eggs, and lemons this Saturday afternoon.""}}","Saturday, 2017-04-15",21:56:14
1380,04122060-80b0-5f56-81ae-058392af2831,NotesAddToNote,"[""title"",""content""]","Hey, make a quick update to ""Garage cleanout""—the camping lantern is on the workbench, and the lawn trimmer still needs a place by Monday morning.","{""app"":""notes"",""action"":""update_note"",""params"":{""title"":""Garage cleanout"",""content"":""the camping lantern is on the workbench, and the lawn trimmer still needs a place by Monday morning.""}}","Monday, 2029-04-09",18:09:27
1381,434f5890-46b5-5bea-b452-3ee0170b9e36,NotesAddToNote,"[""title"",""content""]","Please update the note for the cedar fence repair list and add that the new hinges should be checked on Monday, February third.","{""app"":""notes"",""action"":""update_note"",""params"":{""title"":""Cedar fence repair list"",""content"":""Check the new hinges on Monday, February third.""}}","Monday, 1992-02-03",16:07:30
1382,9f031b63-c4c4-52ec-a2aa-efade344c682,NotesAddToNote,"[""title"",""content""]","Could you kindly revise the note titled attic insulation checklist so it says to inspect the joists on Tuesday, February twenty-eighth.","{""app"":""notes"",""action"":""update_note"",""params"":{""title"":""Attic insulation checklist"",""content"":""Inspect the joists on Tuesday, February twenty-eighth.""}}","Tuesday, 1995-02-28",15:40:50
1383,95da388b-e26b-5db7-8c6d-7865a6a30f8c,NotesAddToNote,"[""title"",""content""]","Please edit my note for the antique camera inventory and include a reminder to photograph the brass lens on Sunday, March twenty-third.","{""app"":""notes"",""action"":""update_note"",""params"":{""title"":""Antique camera inventory"",""content"":""Photograph the brass lens on Sunday, March twenty-third.""}}","Sunday, 2003-03-23",03:45:51
1384,3503353f-3b1a-5dd7-817f-af49131d8749,NotesAddToNote,"[""title"",""content""]","Kindly update the note called garden compost schedule and say to turn the pile at 1:00 in the afternoon on Friday, June seventeenth.","{""app"":""notes"",""action"":""update_note"",""params"":{""title"":""Garden compost schedule"",""content"":""Turn the pile at 13:00:00 on Friday, June seventeenth.""}}","Friday, 2005-06-17",13:00:04
1385,300d720f-be47-5638-8cde-65ae1b510496,NotesAddToNote,"[""title"",""content""]","Please revise the note for violin bow rehairing and add that I should call the shop at quarter to four on Wednesday, June twenty-second.","{""app"":""notes"",""action"":""update_note"",""params"":{""title"":""Violin bow rehairing"",""content"":""Call the shop at 15:45:00 on Wednesday, June twenty-second.""}}","Wednesday, 2005-06-22",03:49:37
1386,e4fc5bf6-42cd-52ee-8819-2ac87ea80878,NotesAddToNote,"[""title"",""content""]","Could you kindly update my note titled chemistry lab safety and make it say to double-check the goggles on Monday, March sixteenth.","{""app"":""notes"",""action"":""update_note"",""params"":{""title"":""Chemistry lab safety"",""content"":""Double-check the goggles on Monday, March sixteenth.""}}","Monday, 2009-03-16",13:49:53
1387,d1da92d2-8259-5682-817f-a6ebdcc2e7f5,NotesAddToNote,"[""title"",""content""]","Please change the note named roof gutter cleaning so it says to clear the downspout on Saturday, April eleventh.","{""app"":""notes"",""action"":""update_note"",""params"":{""title"":""Roof gutter cleaning"",""content"":""Clear the downspout on Saturday, April eleventh.""}}","Saturday, 2009-04-11",17:14:10
1388,cf26bfe7-c9f7-50c7-b705-f54873c6b9f0,NotesAddToNote,"[""title"",""content""]","Please update the note for the piano recital set list and note that I need to warm up at half past six on Friday, October twelfth.","{""app"":""notes"",""action"":""update_note"",""params"":{""title"":""Piano recital set list"",""content"":""Warm up at 18:30:00 on Friday, October twelfth.""}}","Friday, 2012-10-12",06:34:14
1389,69014f54-d8ec-50b4-8132-e31067d92f24,NotesAddToNote,"[""title"",""content""]","Could you kindly revise the note called neighborhood block party and add that I should bring paper plates on Saturday, June fifteenth.","{""app"":""notes"",""action"":""update_note"",""params"":{""title"":""Neighborhood block party"",""content"":""Bring paper plates on Saturday, June fifteenth.""}}","Saturday, 2013-06-15",19:13:14
1390,2d72f9dd-63fd-57e3-a6fa-5025c747649b,NotesAddToNote,"[""title"",""content""]","Please edit my note titled winter coat donations and include a reminder to sort the scarves at 11:41 in the morning on Thursday, December nineteenth.","{""app"":""notes"",""action"":""update_note"",""params"":{""title"":""Winter coat donations"",""content"":""Sort the scarves at 11:41:00 on Thursday, December nineteenth.""}}","Thursday, 2013-12-19",11:41:22
1391,1e0fa8e5-0977-5332-b160-6e3b6f5d4949,NotesAddToNote,"[""title"",""content""]","Kindly update the note for genealogy archive boxes and say to label the photographs on Sunday, November thirtieth.","{""app"":""notes"",""action"":""update_note"",""params"":{""title"":""Genealogy archive boxes"",""content"":""Label the photographs on Sunday, November thirtieth.""}}","Sunday, 2014-11-30",02:04:46
1393,aeee2835-9ed4-5265-a892-fa4951091699,NotesAddToNote,"[""title"",""content""]","Could you kindly update my note called rooftop solar inspection and include a reminder to photograph the inverter at 10:15 at night on Friday, November twenty-first.","{""app"":""notes"",""action"":""update_note"",""params"":{""title"":""Rooftop solar inspection"",""content"":""Photograph the inverter at 22:15:00 on Friday, November twenty-first.""}}","Friday, 2025-11-21",22:39:24
1394,330a5de0-a391-5e75-a2a4-54a23c03d0ab,NotesAddToNote,"[""title"",""content""]","Please change the note for the ceramic kiln firing log and say to check the temperature on Monday, November fifth.","{""app"":""notes"",""action"":""update_note"",""params"":{""title"":""Ceramic kiln firing log"",""content"":""Check the temperature on Monday, November fifth.""}}","Monday, 2029-11-05",12:51:56
1395,9913f42c-f123-5f50-b2c0-1e87411fdf8e,NotesAddToNote,"[""title"",""content""]","Could you kindly revise the note titled blueberry orchard pruning and add that I need to sharpen the shears on Saturday, May eighteenth.","{""app"":""notes"",""action"":""update_note"",""params"":{""title"":""Blueberry orchard pruning"",""content"":""Sharpen the shears on Saturday, May eighteenth.""}}","Saturday, 2030-05-18",13:09:37
1396,d00733b8-5283-5aed-9f10-f25dd6261ea1,CalendarOpen,[],Can you open Calendar for me?,"{""app"":""calendar"",""action"":""open"",""params"":{}}","Wednesday, 2004-08-11",07:51:48
1397,d00733b8-5283-5aed-9f10-f25dd6261ea1,CalendarOpen,[],Please bring up the calendar app.,"{""app"":""calendar"",""action"":""open"",""params"":{}}","Tuesday, 2008-10-21",13:42:39
1398,d00733b8-5283-5aed-9f10-f25dd6261ea1,CalendarOpen,[],I need Calendar open right now.,"{""app"":""calendar"",""action"":""open"",""params"":{}}","Thursday, 2010-11-04",21:04:14
1399,d00733b8-5283-5aed-9f10-f25dd6261ea1,CalendarOpen,[],Could you launch Calendar for me?,"{""app"":""calendar"",""action"":""open"",""params"":{}}","Thursday, 2014-07-17",16:44:31
1400,d00733b8-5283-5aed-9f10-f25dd6261ea1,CalendarOpen,[],"Open the calendar app, please.","{""app"":""calendar"",""action"":""open"",""params"":{}}","Sunday, 2014-10-12",22:57:53
1401,d00733b8-5283-5aed-9f10-f25dd6261ea1,CalendarOpen,[],Would you open Calendar so I can check my schedule?,"{""app"":""calendar"",""action"":""open"",""params"":{}}","Tuesday, 2018-08-21",16:41:27
1402,d00733b8-5283-5aed-9f10-f25dd6261ea1,CalendarOpen,[],"Hey, open my calendar.","{""app"":""calendar"",""action"":""open"",""params"":{}}","Saturday, 2019-01-26",05:51:48
1403,d00733b8-5283-5aed-9f10-f25dd6261ea1,CalendarOpen,[],Please launch Calendar and get it ready.,"{""app"":""calendar"",""action"":""open"",""params"":{}}","Friday, 2021-09-17",16:12:37
1404,d00733b8-5283-5aed-9f10-f25dd6261ea1,CalendarOpen,[],Can we open Calendar before I head out?,"{""app"":""calendar"",""action"":""open"",""params"":{}}","Sunday, 2022-08-14",00:18:11
1405,d00733b8-5283-5aed-9f10-f25dd6261ea1,CalendarOpen,[],"I’d like Calendar open, thanks.","{""app"":""calendar"",""action"":""open"",""params"":{}}","Friday, 2022-12-30",22:46:45
1406,d00733b8-5283-5aed-9f10-f25dd6261ea1,CalendarOpen,[],"Open Calendar for me, please.","{""app"":""calendar"",""action"":""open"",""params"":{}}","Wednesday, 2024-09-18",09:18:15
1407,d00733b8-5283-5aed-9f10-f25dd6261ea1,CalendarOpen,[],Could you pop open Calendar?,"{""app"":""calendar"",""action"":""open"",""params"":{}}","Sunday, 2027-03-14",01:19:11
1408,d00733b8-5283-5aed-9f10-f25dd6261ea1,CalendarOpen,[],Let’s get Calendar open.,"{""app"":""calendar"",""action"":""open"",""params"":{}}","Tuesday, 2028-07-04",02:35:11
1409,d00733b8-5283-5aed-9f10-f25dd6261ea1,CalendarOpen,[],Please open the Calendar app so I can check tomorrow’s plans.,"{""app"":""calendar"",""action"":""open"",""params"":{}}","Tuesday, 2028-11-21",05:53:04
1410,d00733b8-5283-5aed-9f10-f25dd6261ea1,CalendarOpen,[],"Open Calendar, would you?","{""app"":""calendar"",""action"":""open"",""params"":{}}","Thursday, 2029-01-25",11:10:57
1411,eb9b1615-f1ef-51a4-8ed1-33a8cf6d797d,CalendarClose,[],Could you just close Calendar for me?,"{""app"":""calendar"",""action"":""close"",""params"":{}}","Wednesday, 1990-07-18",16:41:10
1412,eb9b1615-f1ef-51a4-8ed1-33a8cf6d797d,CalendarClose,[],Please shut the Calendar window now.,"{""app"":""calendar"",""action"":""close"",""params"":{}}","Tuesday, 1994-12-27",03:10:14
1413,eb9b1615-f1ef-51a4-8ed1-33a8cf6d797d,CalendarClose,[],"Alright, can you close out of Calendar?","{""app"":""calendar"",""action"":""close"",""params"":{}}","Sunday, 2005-09-11",17:54:02
1414,eb9b1615-f1ef-51a4-8ed1-33a8cf6d797d,CalendarClose,[],"Actually, I need you to close Calendar.","{""app"":""calendar"",""action"":""close"",""params"":{}}","Monday, 2005-10-31",17:03:12
1415,eb9b1615-f1ef-51a4-8ed1-33a8cf6d797d,CalendarClose,[],Please close the calendar app for me.,"{""app"":""calendar"",""action"":""close"",""params"":{}}","Tuesday, 2006-10-17",01:18:53
1416,eb9b1615-f1ef-51a4-8ed1-33a8cf6d797d,CalendarClose,[],"Can you quit Calendar now, thanks?","{""app"":""calendar"",""action"":""close"",""params"":{}}","Thursday, 2012-11-15",13:34:46
1417,eb9b1615-f1ef-51a4-8ed1-33a8cf6d797d,CalendarClose,[],Go ahead and close the Calendar app.,"{""app"":""calendar"",""action"":""close"",""params"":{}}","Sunday, 2016-07-03",16:22:03
1418,eb9b1615-f1ef-51a4-8ed1-33a8cf6d797d,CalendarClose,[],"I’m done with it, so close Calendar please.","{""app"":""calendar"",""action"":""close"",""params"":{}}","Wednesday, 2017-04-12",21:43:53
1419,eb9b1615-f1ef-51a4-8ed1-33a8cf6d797d,CalendarClose,[],Could you close calender for me?,"{""app"":""calendar"",""action"":""close"",""params"":{}}","Thursday, 2018-10-11",04:33:32
1420,eb9b1615-f1ef-51a4-8ed1-33a8cf6d797d,CalendarClose,[],"Just close Calendar, thanks a bunch.","{""app"":""calendar"",""action"":""close"",""params"":{}}","Sunday, 2018-11-25",04:57:52
1421,eb9b1615-f1ef-51a4-8ed1-33a8cf6d797d,CalendarClose,[],Would you shut down Calendar now?,"{""app"":""calendar"",""action"":""close"",""params"":{}}","Saturday, 2026-08-08",04:10:33
1422,eb9b1615-f1ef-51a4-8ed1-33a8cf6d797d,CalendarClose,[],Please exit Calendar; I’m finished there.,"{""app"":""calendar"",""action"":""close"",""params"":{}}","Monday, 2027-03-15",00:09:18
1423,eb9b1615-f1ef-51a4-8ed1-33a8cf6d797d,CalendarClose,[],"Hey, can you close the calandar app?","{""app"":""calendar"",""action"":""close"",""params"":{}}","Saturday, 2028-11-18",04:11:13
1424,eb9b1615-f1ef-51a4-8ed1-33a8cf6d797d,CalendarClose,[],"Close Calendar for me, would you?","{""app"":""calendar"",""action"":""close"",""params"":{}}","Wednesday, 2028-12-13",00:09:37
1425,eb9b1615-f1ef-51a4-8ed1-33a8cf6d797d,CalendarClose,[],"Alright, please quit out of Calendar.","{""app"":""calendar"",""action"":""close"",""params"":{}}","Wednesday, 2029-08-22",02:06:47
1426,5b1f8eef-9dc0-5149-befe-da36bc0cc491,CalendarGetEvents,"[""date""]",hey can you show me what’s on my calendar for September eighth,"{""app"":""calendar"",""action"":""get_events"",""params"":{""date"":""1996-09-08""}}","Sunday, 1996-09-08",23:18:05
1427,5b1f8eef-9dc0-5149-befe-da36bc0cc491,CalendarGetEvents,"[""date""]",what do I have scheduled for tomorrow,"{""app"":""calendar"",""action"":""get_events"",""params"":{""date"":""1998-02-24""}}","Monday, 1998-02-23",01:56:41
1428,5b1f8eef-9dc0-5149-befe-da36bc0cc491,CalendarGetEvents,"[""date""]","pull up my events for March twenty-second, please","{""app"":""calendar"",""action"":""get_events"",""params"":{""date"":""2000-03-22""}}","Wednesday, 2000-03-22",20:23:13
1429,5b1f8eef-9dc0-5149-befe-da36bc0cc491,CalendarGetEvents,"[""date""]","could you check my calendar for next Friday, August first","{""app"":""calendar"",""action"":""get_events"",""params"":{""date"":""2003-08-01""}}","Thursday, 2003-07-31",21:25:53
1430,5b1f8eef-9dc0-5149-befe-da36bc0cc491,CalendarGetEvents,"[""date""]",show me everything on November seventh,"{""app"":""calendar"",""action"":""get_events"",""params"":{""date"":""2005-11-07""}}","Monday, 2005-11-07",02:16:11
1431,5b1f8eef-9dc0-5149-befe-da36bc0cc491,CalendarGetEvents,"[""date""]","I need the events for today, just the full list","{""app"":""calendar"",""action"":""get_events"",""params"":{""date"":""2008-03-07""}}","Friday, 2008-03-07",03:07:50
1432,5b1f8eef-9dc0-5149-befe-da36bc0cc491,CalendarGetEvents,"[""date""]","hey, what’s booked for Halloween","{""app"":""calendar"",""action"":""get_events"",""params"":{""date"":""2009-10-31""}}","Saturday, 2009-10-31",10:31:40
1433,5b1f8eef-9dc0-5149-befe-da36bc0cc491,CalendarGetEvents,"[""date""]",can you get me my schedule for May fifth,"{""app"":""calendar"",""action"":""get_events"",""params"":{""date"":""2013-05-05""}}","Sunday, 2013-05-05",06:41:12
1434,5b1f8eef-9dc0-5149-befe-da36bc0cc491,CalendarGetEvents,"[""date""]","look up my calendar for tomorrow, August twenty-fourth","{""app"":""calendar"",""action"":""get_events"",""params"":{""date"":""2013-08-24""}}","Friday, 2013-08-23",08:03:13
1435,5b1f8eef-9dc0-5149-befe-da36bc0cc491,CalendarGetEvents,"[""date""]",please tell me what’s on for December sixteenth,"{""app"":""calendar"",""action"":""get_events"",""params"":{""date"":""2013-12-16""}}","Monday, 2013-12-16",12:20:30
1436,5b1f8eef-9dc0-5149-befe-da36bc0cc491,CalendarGetEvents,"[""date""]",what events do I have on the twenty-eighth of October,"{""app"":""calendar"",""action"":""get_events"",""params"":{""date"":""2015-10-28""}}","Wednesday, 2015-10-28",01:15:56
1437,5b1f8eef-9dc0-5149-befe-da36bc0cc491,CalendarGetEvents,"[""date""]","do me a favor and check my calendar for Sunday, October twenty-third","{""app"":""calendar"",""action"":""get_events"",""params"":{""date"":""2016-10-23""}}","Sunday, 2016-10-23",19:47:06
1438,5b1f8eef-9dc0-5149-befe-da36bc0cc491,CalendarGetEvents,"[""date""]",I want to see everything scheduled for December fifteenth,"{""app"":""calendar"",""action"":""get_events"",""params"":{""date"":""2019-12-15""}}","Sunday, 2019-12-15",07:22:53
1439,5b1f8eef-9dc0-5149-befe-da36bc0cc491,CalendarGetEvents,"[""date""]","could you grab my events for next Wednesday, October sixth","{""app"":""calendar"",""action"":""get_events"",""params"":{""date"":""2021-10-06""}}","Wednesday, 2021-10-06",11:09:28
1440,5b1f8eef-9dc0-5149-befe-da36bc0cc491,CalendarGetEvents,"[""date""]","hey, give me the calendar for September twelfth","{""app"":""calendar"",""action"":""get_events"",""params"":{""date"":""2028-09-12""}}","Tuesday, 2028-09-12",03:04:34
1441,a9d6b202-cbec-5168-815e-827b74a3a524,CalendarGetEvents,"[""date""]",Please show me the events for today; I would appreciate a quick check of my calender.,"{""app"":""calendar"",""action"":""get_events"",""params"":{""date"":""1994-10-01""}}","Saturday, 1994-10-01",04:03:56
1442,bfd01319-d11d-5185-a67b-a881bbf963be,CalendarGetEvents,"[""date""]","Could you please pull up the appointments for tomorrow, if there are any?","{""app"":""calendar"",""action"":""get_events"",""params"":{""date"":""1995-02-25""}}","Friday, 1995-02-24",23:06:54
1443,8ae30cb6-486d-59a4-b7a8-8b59e31eb452,CalendarGetEvents,"[""date""]","I would like to see what is on my schedule next Monday, thanks.","{""app"":""calendar"",""action"":""get_events"",""params"":{""date"":""1999-12-13""}}","Monday, 1999-12-06",08:57:37
1444,8279cdfd-23d4-5429-9230-e48428de2b59,CalendarGetEvents,"[""date""]",Please list the events for this Friday morning; I need to review my diary.,"{""app"":""calendar"",""action"":""get_events"",""params"":{""date"":""2004-07-16""}}","Monday, 2004-07-12",14:01:51
1445,a70e549f-40e9-56b1-bf89-9af76b57bd41,CalendarGetEvents,"[""date""]","Kindly show me the calendar entries for yesterday, as soon as you can.","{""app"":""calendar"",""action"":""get_events"",""params"":{""date"":""2006-07-08""}}","Sunday, 2006-07-09",20:22:01
1446,7fccc28a-5b1e-5640-ab5a-130521ad6789,CalendarGetEvents,"[""date""]",Would you mind checking what is scheduled for next Saturday?,"{""app"":""calendar"",""action"":""get_events"",""params"":{""date"":""2007-09-15""}}","Saturday, 2007-09-08",11:24:00
1447,455e772b-2c92-5505-a2da-6866d3b090a2,CalendarGetEvents,"[""date""]",Please fetch the events for this afternoon; I need the details from my calender.,"{""app"":""calendar"",""action"":""get_events"",""params"":{""date"":""2008-05-06""}}","Tuesday, 2008-05-06",11:35:05
1448,6a0655bc-c093-56bf-8c88-ce333baa3527,CalendarGetEvents,"[""date""]",Could you please show me tonight's appointments?,"{""app"":""calendar"",""action"":""get_events"",""params"":{""date"":""2010-12-03""}}","Friday, 2010-12-03",22:00:43
1449,f1f3b7ef-ad85-50e0-b08c-8e565924bbf0,CalendarGetEvents,"[""date""]",I would appreciate it if you could display the events for next Tuesday.,"{""app"":""calendar"",""action"":""get_events"",""params"":{""date"":""2019-10-08""}}","Friday, 2019-10-04",10:00:58
1450,bfd01319-d11d-5185-a67b-a881bbf963be,CalendarGetEvents,"[""date""]",Please check what is on my calendar for tomorrow morning; I may need to adjust plans.,"{""app"":""calendar"",""action"":""get_events"",""params"":{""date"":""2021-09-26""}}","Saturday, 2021-09-25",04:10:26
1451,9e403a46-2f97-5c59-9b6d-d136ddcff54d,CalendarGetEvents,"[""date""]","Kindly list the events for this evening, and do not omit anything.","{""app"":""calendar"",""action"":""get_events"",""params"":{""date"":""2027-04-06""}}","Tuesday, 2027-04-06",05:33:52
1452,8ae30cb6-486d-59a4-b7a8-8b59e31eb452,CalendarGetEvents,"[""date""]",Could you show me the schedule for next Monday? I am checking my diary.,"{""app"":""calendar"",""action"":""get_events"",""params"":{""date"":""2027-12-27""}}","Monday, 2027-12-27",03:16:13
1453,bfd01319-d11d-5185-a67b-a881bbf963be,CalendarGetEvents,"[""date""]",Please tell me what events are set for tomorrow; I would appreciate the overview.,"{""app"":""calendar"",""action"":""get_events"",""params"":{""date"":""2028-02-22""}}","Monday, 2028-02-21",04:06:59
1454,447749cd-a8be-5987-af80-9436eda7251b,CalendarGetEvents,"[""date""]","I need the events for this Saturday, if there are any bookings.","{""app"":""calendar"",""action"":""get_events"",""params"":{""date"":""2028-05-06""}}","Saturday, 2028-05-06",05:34:15
1455,a9d6b202-cbec-5168-815e-827b74a3a524,CalendarGetEvents,"[""date""]",Would you kindly display today's events? I need to review my calender.,"{""app"":""calendar"",""action"":""get_events"",""params"":{""date"":""2030-01-04""}}","Friday, 2030-01-04",00:35:47
1456,4383372c-58c1-515b-a4dc-9378e20d1936,CalendarGetEvents,"[""date""]",hey can you show me what's on my calendar for November fifth?,"{""app"":""calendar"",""action"":""get_events"",""params"":{""date"":""1994-11-05""}}","Saturday, 1994-11-05",05:11:13
1457,4383372c-58c1-515b-a4dc-9378e20d1936,CalendarGetEvents,"[""date""]","what've I got booked for July thirty-first, just pull it up for me","{""app"":""calendar"",""action"":""get_events"",""params"":{""date"":""1997-07-31""}}","Thursday, 1997-07-31",13:40:46
1458,4383372c-58c1-515b-a4dc-9378e20d1936,CalendarGetEvents,"[""date""]","could you check my events for November second, kinda need the rundown","{""app"":""calendar"",""action"":""get_events"",""params"":{""date"":""2000-11-02""}}","Thursday, 2000-11-02",10:56:10
1459,4383372c-58c1-515b-a4dc-9378e20d1936,CalendarGetEvents,"[""date""]","show me everything happening on May nineteenth, please","{""app"":""calendar"",""action"":""get_events"",""params"":{""date"":""2004-05-19""}}","Wednesday, 2004-05-19",18:38:41
1460,4383372c-58c1-515b-a4dc-9378e20d1936,CalendarGetEvents,"[""date""]",lemme see my calendar for June twenty-fourth,"{""app"":""calendar"",""action"":""get_events"",""params"":{""date"":""2004-06-24""}}","Thursday, 2004-06-24",21:07:00
1461,4383372c-58c1-515b-a4dc-9378e20d1936,CalendarGetEvents,"[""date""]","can you grab the events for October twenty-eighth, just the full list","{""app"":""calendar"",""action"":""get_events"",""params"":{""date"":""2012-10-28""}}","Sunday, 2012-10-28",11:01:14
1462,4383372c-58c1-515b-a4dc-9378e20d1936,CalendarGetEvents,"[""date""]",what's on for March twelfth? check it real quick,"{""app"":""calendar"",""action"":""get_events"",""params"":{""date"":""2017-03-12""}}","Sunday, 2017-03-12",20:14:32
1463,4383372c-58c1-515b-a4dc-9378e20d1936,CalendarGetEvents,"[""date""]","hey, pull up my calendar for September twenty-eighth","{""app"":""calendar"",""action"":""get_events"",""params"":{""date"":""2023-09-28""}}","Thursday, 2023-09-28",18:13:52
1464,4383372c-58c1-515b-a4dc-9378e20d1936,CalendarGetEvents,"[""date""]",do me a favor and show the stuff on November twenty-third,"{""app"":""calendar"",""action"":""get_events"",""params"":{""date"":""2023-11-23""}}","Thursday, 2023-11-23",17:14:55
1465,4383372c-58c1-515b-a4dc-9378e20d1936,CalendarGetEvents,"[""date""]",what do I have going on January sixth?,"{""app"":""calendar"",""action"":""get_events"",""params"":{""date"":""2024-01-06""}}","Saturday, 2024-01-06",18:04:25
1466,4383372c-58c1-515b-a4dc-9378e20d1936,CalendarGetEvents,"[""date""]","could you check the day for October nineteenth, I'm trying to see my schedule","{""app"":""calendar"",""action"":""get_events"",""params"":{""date"":""2024-10-19""}}","Saturday, 2024-10-19",08:13:00
1467,4383372c-58c1-515b-a4dc-9378e20d1936,CalendarGetEvents,"[""date""]","show me the calendar for August third, please","{""app"":""calendar"",""action"":""get_events"",""params"":{""date"":""2026-08-03""}}","Monday, 2026-08-03",08:25:50
1468,4383372c-58c1-515b-a4dc-9378e20d1936,CalendarGetEvents,"[""date""]",lemme know what's on September sixth,"{""app"":""calendar"",""action"":""get_events"",""params"":{""date"":""2028-09-06""}}","Wednesday, 2028-09-06",17:59:21
1469,4383372c-58c1-515b-a4dc-9378e20d1936,CalendarGetEvents,"[""date""]",hey can you pull up the events for August nineteenth?,"{""app"":""calendar"",""action"":""get_events"",""params"":{""date"":""2029-08-19""}}","Sunday, 2029-08-19",04:27:50
1470,4383372c-58c1-515b-a4dc-9378e20d1936,CalendarGetEvents,"[""date""]","what's on my schedule for February sixteenth, just give me the list","{""app"":""calendar"",""action"":""get_events"",""params"":{""date"":""2030-02-16""}}","Saturday, 2030-02-16",15:03:10
1471,e48cb373-eb32-567d-bc5d-59d423c4a42b,CalendarCreateEvent,"[""title"",""date"",""time"",""duration_in_minutes"",""location""]",hey can you block off tomorrow morning for a coffee catch-up at the little cafe on Main Street?,"{""app"":""calendar"",""action"":""create_event"",""params"":{""title"":""coffee catch-up"",""date"":""1992-05-04"",""time"":""09:00:00"",""duration_in_minutes"":60,""location"":""the little cafe on Main Street""}}","Sunday, 1992-05-03",21:38:06
1472,e48cb373-eb32-567d-bc5d-59d423c4a42b,CalendarCreateEvent,"[""title"",""date"",""time"",""duration_in_minutes"",""location""]",please add a coffee catch-up for this Tuesday afternoon by the river,"{""app"":""calendar"",""action"":""create_event"",""params"":{""title"":""coffee catch-up"",""date"":""1993-02-23"",""time"":""15:00:00"",""duration_in_minutes"":45,""location"":""by the river""}}","Monday, 1993-02-22",06:23:13
1473,e48cb373-eb32-567d-bc5d-59d423c4a42b,CalendarCreateEvent,"[""title"",""date"",""time"",""duration_in_minutes"",""location""]",make sure I’ve got a coffee catch-up on Sunday at eleven in the morning at Harbor Books,"{""app"":""calendar"",""action"":""create_event"",""params"":{""title"":""coffee catch-up"",""date"":""1997-02-02"",""time"":""11:00:00"",""duration_in_minutes"":90,""location"":""Harbor Books""}}","Friday, 1997-01-31",22:38:12
1474,e48cb373-eb32-567d-bc5d-59d423c4a42b,CalendarCreateEvent,"[""title"",""date"",""time"",""duration_in_minutes"",""location""]",could you schedule a coffee catch-up for next Friday morning at the corner diner?,"{""app"":""calendar"",""action"":""create_event"",""params"":{""title"":""coffee catch-up"",""date"":""1998-09-25"",""time"":""10:00:00"",""duration_in_minutes"":60,""location"":""the corner diner""}}","Monday, 1998-09-21",03:48:01
1475,e48cb373-eb32-567d-bc5d-59d423c4a42b,CalendarCreateEvent,"[""title"",""date"",""time"",""duration_in_minutes"",""location""]","hey, lock in a coffee catch-up for Friday at 4:30 in the afternoon, downtown at Bluebird Cafe","{""app"":""calendar"",""action"":""create_event"",""params"":{""title"":""coffee catch-up"",""date"":""2006-09-22"",""time"":""16:30:00"",""duration_in_minutes"":75,""location"":""downtown at Bluebird Cafe""}}","Wednesday, 2006-09-20",18:35:51
1476,e48cb373-eb32-567d-bc5d-59d423c4a42b,CalendarCreateEvent,"[""title"",""date"",""time"",""duration_in_minutes"",""location""]",add a coffee catch-up for tomorrow at 8:15 a.m. over at Station House,"{""app"":""calendar"",""action"":""create_event"",""params"":{""title"":""coffee catch-up"",""date"":""2008-09-23"",""time"":""08:15:00"",""duration_in_minutes"":50,""location"":""Station House""}}","Monday, 2008-09-22",18:51:03
1477,e48cb373-eb32-567d-bc5d-59d423c4a42b,CalendarCreateEvent,"[""title"",""date"",""time"",""duration_in_minutes"",""location""]",could you put in a coffee catch-up on Thursday evening at the bookstore cafe?,"{""app"":""calendar"",""action"":""create_event"",""params"":{""title"":""coffee catch-up"",""date"":""2009-11-05"",""time"":""18:00:00"",""duration_in_minutes"":60,""location"":""the bookstore cafe""}}","Tuesday, 2009-11-03",15:11:55
1478,e48cb373-eb32-567d-bc5d-59d423c4a42b,CalendarCreateEvent,"[""title"",""date"",""time"",""duration_in_minutes"",""location""]","hey, schedule a coffee catch-up for next Monday at noon on the rooftop patio","{""app"":""calendar"",""action"":""create_event"",""params"":{""title"":""coffee catch-up"",""date"":""2010-04-19"",""time"":""12:00:00"",""duration_in_minutes"":45,""location"":""the rooftop patio""}}","Wednesday, 2010-04-14",23:00:57
1479,e48cb373-eb32-567d-bc5d-59d423c4a42b,CalendarCreateEvent,"[""title"",""date"",""time"",""duration_in_minutes"",""location""]",please pencil in a coffee catch-up for this Wednesday at 2 in the afternoon at Market Square,"{""app"":""calendar"",""action"":""create_event"",""params"":{""title"":""coffee catch-up"",""date"":""2013-01-23"",""time"":""14:00:00"",""duration_in_minutes"":60,""location"":""Market Square""}}","Sunday, 2013-01-20",22:49:31
1480,e48cb373-eb32-567d-bc5d-59d423c4a42b,CalendarCreateEvent,"[""title"",""date"",""time"",""duration_in_minutes"",""location""]",don't let me forget the coffee catch-up this Tuesday at 7:30 in the evening near Union Station,"{""app"":""calendar"",""action"":""create_event"",""params"":{""title"":""coffee catch-up"",""date"":""2015-02-17"",""time"":""19:30:00"",""duration_in_minutes"":90,""location"":""near Union Station""}}","Saturday, 2015-02-14",23:45:17
1481,e48cb373-eb32-567d-bc5d-59d423c4a42b,CalendarCreateEvent,"[""title"",""date"",""time"",""duration_in_minutes"",""location""]",make a coffee catch-up for later today at 3 p.m. at the bakery across from the park,"{""app"":""calendar"",""action"":""create_event"",""params"":{""title"":""coffee catch-up"",""date"":""2015-05-03"",""time"":""15:00:00"",""duration_in_minutes"":45,""location"":""the bakery across from the park""}}","Sunday, 2015-05-03",11:30:59
1482,e48cb373-eb32-567d-bc5d-59d423c4a42b,CalendarCreateEvent,"[""title"",""date"",""time"",""duration_in_minutes"",""location""]",could you add a coffee catch-up for Saturday morning at eight at the train platform cafe?,"{""app"":""calendar"",""action"":""create_event"",""params"":{""title"":""coffee catch-up"",""date"":""2017-07-15"",""time"":""08:00:00"",""duration_in_minutes"":60,""location"":""the train platform cafe""}}","Sunday, 2017-07-09",15:22:12
1483,e48cb373-eb32-567d-bc5d-59d423c4a42b,CalendarCreateEvent,"[""title"",""date"",""time"",""duration_in_minutes"",""location""]","hey, set up a coffee catch-up for tomorrow at 10:15 in the morning on the museum steps","{""app"":""calendar"",""action"":""create_event"",""params"":{""title"":""coffee catch-up"",""date"":""2021-12-24"",""time"":""10:15:00"",""duration_in_minutes"":60,""location"":""the museum steps""}}","Thursday, 2021-12-23",16:59:37
1484,e48cb373-eb32-567d-bc5d-59d423c4a42b,CalendarCreateEvent,"[""title"",""date"",""time"",""duration_in_minutes"",""location""]",please schedule a coffee catch-up for Sunday evening at 6:30 over at Seaside Espresso,"{""app"":""calendar"",""action"":""create_event"",""params"":{""title"":""coffee catch-up"",""date"":""2025-07-27"",""time"":""18:30:00"",""duration_in_minutes"":75,""location"":""Seaside Espresso""}}","Sunday, 2025-07-27",18:07:03
1485,e48cb373-eb32-567d-bc5d-59d423c4a42b,CalendarCreateEvent,"[""title"",""date"",""time"",""duration_in_minutes"",""location""]",can you throw in a coffee catch-up for next Thursday at 9 in the morning at the old library cafe?,"{""app"":""calendar"",""action"":""create_event"",""params"":{""title"":""coffee catch-up"",""date"":""2030-06-20"",""time"":""09:00:00"",""duration_in_minutes"":60,""location"":""the old library cafe""}}","Monday, 2030-06-17",07:22:31
1486,b425192e-1c73-5554-b4b8-ff6ed4327e4a,CalendarCreateEvent,"[""title"",""date"",""time"",""duration_in_minutes""]",add a fence repair event for tomorrow at 10 in the morning,"{""app"":""calendar"",""action"":""create_event"",""params"":{""title"":""Fence repair"",""date"":""1990-09-01"",""time"":""10:00:00"",""duration_in_minutes"":120}}","Friday, 1990-08-31",15:41:30
1487,b425192e-1c73-5554-b4b8-ff6ed4327e4a,CalendarCreateEvent,"[""title"",""date"",""time"",""duration_in_minutes""]",schedule the fence fixing for Monday afternoon,"{""app"":""calendar"",""action"":""create_event"",""params"":{""title"":""Fence repair"",""date"":""1991-03-04"",""time"":""15:00:00"",""duration_in_minutes"":180}}","Saturday, 1991-03-02",23:25:50
1488,b425192e-1c73-5554-b4b8-ff6ed4327e4a,CalendarCreateEvent,"[""title"",""date"",""time"",""duration_in_minutes""]",could you please put the fence patching on next Friday at nine AM,"{""app"":""calendar"",""action"":""create_event"",""params"":{""title"":""Fence patching"",""date"":""1991-03-15"",""time"":""09:00:00"",""duration_in_minutes"":90}}","Tuesday, 1991-03-12",23:02:38
1489,b425192e-1c73-5554-b4b8-ff6ed4327e4a,CalendarCreateEvent,"[""title"",""date"",""time"",""duration_in_minutes""]",make a note for the fence repair this Saturday at 2 pm,"{""app"":""calendar"",""action"":""create_event"",""params"":{""title"":""Fence repair"",""date"":""1991-11-02"",""time"":""14:00:00"",""duration_in_minutes"":150}}","Thursday, 1991-10-31",06:05:37
1490,b425192e-1c73-5554-b4b8-ff6ed4327e4a,CalendarCreateEvent,"[""title"",""date"",""time"",""duration_in_minutes""]",set up the backyard fence job for Wednesday at 8:30 in the morning,"{""app"":""calendar"",""action"":""create_event"",""params"":{""title"":""Backyard fence job"",""date"":""1993-02-10"",""time"":""08:30:00"",""duration_in_minutes"":180}}","Monday, 1993-02-08",14:42:29
1491,b425192e-1c73-5554-b4b8-ff6ed4327e4a,CalendarCreateEvent,"[""title"",""date"",""time"",""duration_in_minutes""]",add the fence post replacement next day at 4 in the afternoon,"{""app"":""calendar"",""action"":""create_event"",""params"":{""title"":""Fence post replacement"",""date"":""1999-08-31"",""time"":""16:00:00"",""duration_in_minutes"":120}}","Monday, 1999-08-30",17:46:35
1492,b425192e-1c73-5554-b4b8-ff6ed4327e4a,CalendarCreateEvent,"[""title"",""date"",""time"",""duration_in_minutes""]",please schedule the gate hinge fix for tonight at 7:15,"{""app"":""calendar"",""action"":""create_event"",""params"":{""title"":""Gate hinge fix"",""date"":""2002-04-18"",""time"":""19:15:00"",""duration_in_minutes"":60}}","Thursday, 2002-04-18",16:20:00
1493,b425192e-1c73-5554-b4b8-ff6ed4327e4a,CalendarCreateEvent,"[""title"",""date"",""time"",""duration_in_minutes""]",remember the fence staining work for tomorrow at 11:45 AM,"{""app"":""calendar"",""action"":""create_event"",""params"":{""title"":""Fence staining work"",""date"":""2005-08-16"",""time"":""11:45:00"",""duration_in_minutes"":240}}","Monday, 2005-08-15",14:02:38
1494,b425192e-1c73-5554-b4b8-ff6ed4327e4a,CalendarCreateEvent,"[""title"",""date"",""time"",""duration_in_minutes""]",warn me about the shed fence mend this Friday at 13:00,"{""app"":""calendar"",""action"":""create_event"",""params"":{""title"":""Shed fence mend"",""date"":""2008-11-14"",""time"":""13:00:00"",""duration_in_minutes"":75}}","Wednesday, 2008-11-12",10:50:43
1495,b425192e-1c73-5554-b4b8-ff6ed4327e4a,CalendarCreateEvent,"[""title"",""date"",""time"",""duration_in_minutes""]",put the fence panel swap on tomorrow at 6 PM,"{""app"":""calendar"",""action"":""create_event"",""params"":{""title"":""Fence panel swap"",""date"":""2011-02-05"",""time"":""18:00:00"",""duration_in_minutes"":105}}","Friday, 2011-02-04",01:01:26
1496,d3915da2-c7be-59c2-a275-c74073cf61b4,CalendarCreateEvent,"[""title"",""date"",""time"",""duration_in_minutes""]",create a chess meetup for this Thursday at 5 in the evening,"{""app"":""calendar"",""action"":""create_event"",""params"":{""title"":""Chess meetup"",""date"":""2017-03-09"",""time"":""17:00:00"",""duration_in_minutes"":90}}","Monday, 2017-03-06",08:54:28
1497,d3915da2-c7be-59c2-a275-c74073cf61b4,CalendarCreateEvent,"[""title"",""date"",""time"",""duration_in_minutes""]",book the chess club session for tomorrow night at 8,"{""app"":""calendar"",""action"":""create_event"",""params"":{""title"":""Chess club session"",""date"":""2017-07-01"",""time"":""20:00:00"",""duration_in_minutes"":120}}","Friday, 2017-06-30",12:46:43
1498,d3915da2-c7be-59c2-a275-c74073cf61b4,CalendarCreateEvent,"[""title"",""date"",""time"",""duration_in_minutes""]",add a chess practice block for Friday at 4:30 pm,"{""app"":""calendar"",""action"":""create_event"",""params"":{""title"":""Chess practice"",""date"":""2021-12-17"",""time"":""16:30:00"",""duration_in_minutes"":60}}","Wednesday, 2021-12-15",23:14:25
1499,d3915da2-c7be-59c2-a275-c74073cf61b4,CalendarCreateEvent,"[""title"",""date"",""time"",""duration_in_minutes""]",schedule the rook study match next Monday at 9 am,"{""app"":""calendar"",""action"":""create_event"",""params"":{""title"":""Rook study match"",""date"":""2026-05-11"",""time"":""09:00:00"",""duration_in_minutes"":45}}","Tuesday, 2026-05-05",16:42:43
1500,d3915da2-c7be-59c2-a275-c74073cf61b4,CalendarCreateEvent,"[""title"",""date"",""time"",""duration_in_minutes""]",please put the chess puzzle drill on next Thursday at 10:15 in the morning,"{""app"":""calendar"",""action"":""create_event"",""params"":{""title"":""Chess puzzle drill"",""date"":""2026-11-26"",""time"":""10:15:00"",""duration_in_minutes"":75}}","Thursday, 2026-11-19",08:49:08
1501,d37f7dc7-5734-5aa7-a072-24d18bda9107,CalendarCreateEvent,"[""title"",""date"",""time"",""duration_in_minutes""]","Please schedule a board review for this afternoon at half past three, and make it fifty minutes long.","{""app"":""calendar"",""action"":""create_event"",""params"":{""title"":""board review"",""date"":""1990-02-27"",""time"":""15:30:00"",""duration_in_minutes"":50}}","Tuesday, 1990-02-27",12:33:22
1502,d37f7dc7-5734-5aa7-a072-24d18bda9107,CalendarCreateEvent,"[""title"",""date"",""time"",""duration_in_minutes""]","I would appreciate it if you could add a board review for tomorrow morning at nine o'clock, lasting forty-five minutes.","{""app"":""calendar"",""action"":""create_event"",""params"":{""title"":""board review"",""date"":""1991-01-07"",""time"":""09:00:00"",""duration_in_minutes"":45}}","Sunday, 1991-01-06",02:20:19
1503,d37f7dc7-5734-5aa7-a072-24d18bda9107,CalendarCreateEvent,"[""title"",""date"",""time"",""duration_in_minutes""]","Could you please put in a board review for next Tuesday at ten fifteen in the morning, and keep it to one hour.","{""app"":""calendar"",""action"":""create_event"",""params"":{""title"":""board review"",""date"":""1994-02-22"",""time"":""10:15:00"",""duration_in_minutes"":60}}","Monday, 1994-02-21",06:40:53
1504,d37f7dc7-5734-5aa7-a072-24d18bda9107,CalendarCreateEvent,"[""title"",""date"",""time"",""duration_in_minutes""]","Please arrange a board review for this evening at seven forty-five, for thirty minutes.","{""app"":""calendar"",""action"":""create_event"",""params"":{""title"":""board review"",""date"":""1999-04-18"",""time"":""19:45:00"",""duration_in_minutes"":30}}","Sunday, 1999-04-18",01:44:13
1505,d37f7dc7-5734-5aa7-a072-24d18bda9107,CalendarCreateEvent,"[""title"",""date"",""time"",""duration_in_minutes""]","Kindly add a board review for Friday at 2 p.m., and make it sixty minutes long.","{""app"":""calendar"",""action"":""create_event"",""params"":{""title"":""board review"",""date"":""2001-08-10"",""time"":""14:00:00"",""duration_in_minutes"":60}}","Friday, 2001-08-10",12:46:03
1506,d37f7dc7-5734-5aa7-a072-24d18bda9107,CalendarCreateEvent,"[""title"",""date"",""time"",""duration_in_minutes""]","Would you please schedule a board review for tomorrow at 8:30 in the morning, lasting forty minutes?","{""app"":""calendar"",""action"":""create_event"",""params"":{""title"":""board review"",""date"":""2003-08-07"",""time"":""08:30:00"",""duration_in_minutes"":40}}","Wednesday, 2003-08-06",20:04:48
1507,e89f162e-dba9-5272-9018-bb4299050d89,CalendarCreateEvent,"[""title"",""date"",""time"",""duration_in_minutes""]",Please book a piano recital rehearsal for next Monday at six p.m.; it should run for ninety minutes.,"{""app"":""calendar"",""action"":""create_event"",""params"":{""title"":""piano recital rehearsal"",""date"":""2010-09-27"",""time"":""18:00:00"",""duration_in_minutes"":90}}","Monday, 2010-09-27",21:58:33
1508,e89f162e-dba9-5272-9018-bb4299050d89,CalendarCreateEvent,"[""title"",""date"",""time"",""duration_in_minutes""]","Could you add a piano recital rehearsal for Wednesday at quarter past four in the afternoon, for seventy-five minutes?","{""app"":""calendar"",""action"":""create_event"",""params"":{""title"":""piano recital rehearsal"",""date"":""2011-03-23"",""time"":""16:15:00"",""duration_in_minutes"":75}}","Monday, 2011-03-21",06:02:21
1509,e89f162e-dba9-5272-9018-bb4299050d89,CalendarCreateEvent,"[""title"",""date"",""time"",""duration_in_minutes""]","I would appreciate it if you could schedule a piano recital rehearsal for tomorrow evening at seven o'clock, lasting one hour.","{""app"":""calendar"",""action"":""create_event"",""params"":{""title"":""piano recital rehearsal"",""date"":""2013-04-17"",""time"":""19:00:00"",""duration_in_minutes"":60}}","Tuesday, 2013-04-16",09:51:15
1510,e89f162e-dba9-5272-9018-bb4299050d89,CalendarCreateEvent,"[""title"",""date"",""time"",""duration_in_minutes""]","Please make a note of a piano recital rehearsal this Saturday at 10:00 in the morning, for fifty-five minutes.","{""app"":""calendar"",""action"":""create_event"",""params"":{""title"":""piano recital rehearsal"",""date"":""2017-07-08"",""time"":""10:00:00"",""duration_in_minutes"":55}}","Thursday, 2017-07-06",02:13:23
1511,e89f162e-dba9-5272-9018-bb4299050d89,CalendarCreateEvent,"[""title"",""date"",""time"",""duration_in_minutes""]","Would you kindly add a piano recital rehearsal for this coming Friday at half past five, and please make it eighty minutes.","{""app"":""calendar"",""action"":""create_event"",""params"":{""title"":""piano recital rehearsal"",""date"":""2020-11-13"",""time"":""17:30:00"",""duration_in_minutes"":80}}","Friday, 2020-11-13",18:27:04
1512,e89f162e-dba9-5272-9018-bb4299050d89,CalendarCreateEvent,"[""title"",""date"",""time"",""duration_in_minutes"",""location""]","Schedule a piano recital rehearsal for tomorrow at 9 a.m., with a location at the conservatory and a seventy-minute duration.","{""app"":""calendar"",""action"":""create_event"",""params"":{""title"":""piano recital rehearsal"",""date"":""2021-01-29"",""time"":""09:00:00"",""duration_in_minutes"":70,""location"":""the conservatory""}}","Thursday, 2021-01-28",09:54:21
1513,3d87a0f4-dd70-5f58-9518-7ec611777541,CalendarCreateEvent,"[""title"",""date"",""time"",""duration_in_minutes""]",Please add a dentist cleaning appointment for this Sunday at 11:20 in the morning; it should last forty-five minutes.,"{""app"":""calendar"",""action"":""create_event"",""params"":{""title"":""dentist cleaning appointment"",""date"":""2022-08-07"",""time"":""11:20:00"",""duration_in_minutes"":45}}","Saturday, 2022-08-06",22:28:03
1514,3d87a0f4-dd70-5f58-9518-7ec611777541,CalendarCreateEvent,"[""title"",""date"",""time"",""duration_in_minutes"",""description""]","Kindly create a dentist cleaning appointment for next Monday at 1 p.m., and include a note that I should fast beforehand.","{""app"":""calendar"",""action"":""create_event"",""params"":{""title"":""dentist cleaning appointment"",""date"":""2024-10-07"",""time"":""13:00:00"",""duration_in_minutes"":45,""description"":""I should fast beforehand.""}}","Saturday, 2024-10-05",21:16:07
1515,3d87a0f4-dd70-5f58-9518-7ec611777541,CalendarCreateEvent,"[""title"",""date"",""time"",""duration_in_minutes""]","I would appreciate it if you could schedule a dentist cleaning appointment for tomorrow morning at eight thirty, lasting one hour.","{""app"":""calendar"",""action"":""create_event"",""params"":{""title"":""dentist cleaning appointment"",""date"":""2028-11-21"",""time"":""08:30:00"",""duration_in_minutes"":60}}","Monday, 2028-11-20",22:59:37
1516,14cb19ea-7001-5a7d-90d3-c5a142777b26,CalendarCreateEvent,"[""title"",""date"",""time"",""duration_in_minutes"",""location""]",hey can you put in a breakfast catch-up for tomorrow at 8:15 in the morning at the diner?,"{""app"":""calendar"",""action"":""create_event"",""params"":{""title"":""Breakfast catch-up"",""date"":""1991-01-13"",""time"":""08:15:00"",""duration_in_minutes"":60,""location"":""the diner""}}","Saturday, 1991-01-12",00:45:03
1517,14cb19ea-7001-5a7d-90d3-c5a142777b26,CalendarCreateEvent,"[""title"",""date"",""time"",""duration_in_minutes"",""location""]",add a breakfast catch-up next Monday at 8:15 a.m. at the diner for me,"{""app"":""calendar"",""action"":""create_event"",""params"":{""title"":""Breakfast catch-up"",""date"":""1991-09-02"",""time"":""08:15:00"",""duration_in_minutes"":60,""location"":""the diner""}}","Monday, 1991-08-26",10:53:06
1518,14cb19ea-7001-5a7d-90d3-c5a142777b26,CalendarCreateEvent,"[""title"",""date"",""time"",""duration_in_minutes"",""location""]",could you schedule a breakfast catch-up for this Sunday at 8:15 in the morning over at the diner?,"{""app"":""calendar"",""action"":""create_event"",""params"":{""title"":""Breakfast catch-up"",""date"":""1993-02-07"",""time"":""08:15:00"",""duration_in_minutes"":60,""location"":""the diner""}}","Friday, 1993-02-05",06:51:52
1519,14cb19ea-7001-5a7d-90d3-c5a142777b26,CalendarCreateEvent,"[""title"",""date"",""time"",""duration_in_minutes"",""location""]",make a note of breakfast catch-up this Friday at 8:15 a.m. at the diner,"{""app"":""calendar"",""action"":""create_event"",""params"":{""title"":""Breakfast catch-up"",""date"":""1999-11-19"",""time"":""08:15:00"",""duration_in_minutes"":60,""location"":""the diner""}}","Monday, 1999-11-15",21:00:09
1520,14cb19ea-7001-5a7d-90d3-c5a142777b26,CalendarCreateEvent,"[""title"",""date"",""time"",""duration_in_minutes"",""location""]","please put breakfast catch-up on the calendar for next Tuesday at 8:15 in the morning, at the diner","{""app"":""calendar"",""action"":""create_event"",""params"":{""title"":""Breakfast catch-up"",""date"":""2000-05-02"",""time"":""08:15:00"",""duration_in_minutes"":60,""location"":""the diner""}}","Wednesday, 2000-04-26",11:40:39
1521,14cb19ea-7001-5a7d-90d3-c5a142777b26,CalendarCreateEvent,"[""title"",""date"",""time"",""duration_in_minutes"",""location""]",remember breakfast catch-up for tomorrow at 8:15 a.m. at the diner,"{""app"":""calendar"",""action"":""create_event"",""params"":{""title"":""Breakfast catch-up"",""date"":""2000-09-01"",""time"":""08:15:00"",""duration_in_minutes"":60,""location"":""the diner""}}","Thursday, 2000-08-31",22:25:17
1522,14cb19ea-7001-5a7d-90d3-c5a142777b26,CalendarCreateEvent,"[""title"",""date"",""time"",""duration_in_minutes"",""location""]",schedule breakfast catch-up for Saturday morning at 8:15 at the diner,"{""app"":""calendar"",""action"":""create_event"",""params"":{""title"":""Breakfast catch-up"",""date"":""2000-09-09"",""time"":""08:15:00"",""duration_in_minutes"":60,""location"":""the diner""}}","Friday, 2000-09-08",02:19:00
1523,14cb19ea-7001-5a7d-90d3-c5a142777b26,CalendarCreateEvent,"[""title"",""date"",""time"",""duration_in_minutes"",""location""]","hey, add breakfast catch-up for tomorrow at 8:15 a.m. at the diner","{""app"":""calendar"",""action"":""create_event"",""params"":{""title"":""Breakfast catch-up"",""date"":""2004-08-16"",""time"":""08:15:00"",""duration_in_minutes"":60,""location"":""the diner""}}","Sunday, 2004-08-15",13:47:13
1524,14cb19ea-7001-5a7d-90d3-c5a142777b26,CalendarCreateEvent,"[""title"",""date"",""time"",""duration_in_minutes"",""location""]",could you lock in breakfast catch-up for Monday at 8:15 in the morning at the diner?,"{""app"":""calendar"",""action"":""create_event"",""params"":{""title"":""Breakfast catch-up"",""date"":""2008-12-22"",""time"":""08:15:00"",""duration_in_minutes"":60,""location"":""the diner""}}","Sunday, 2008-12-21",01:45:42
1525,14cb19ea-7001-5a7d-90d3-c5a142777b26,CalendarCreateEvent,"[""title"",""date"",""time"",""duration_in_minutes"",""location""]",put breakfast catch-up on for this Sunday at 8:15 a.m. at the diner,"{""app"":""calendar"",""action"":""create_event"",""params"":{""title"":""Breakfast catch-up"",""date"":""2014-10-19"",""time"":""08:15:00"",""duration_in_minutes"":60,""location"":""the diner""}}","Saturday, 2014-10-18",08:24:31
1526,14cb19ea-7001-5a7d-90d3-c5a142777b26,CalendarCreateEvent,"[""title"",""date"",""time"",""duration_in_minutes"",""location""]",book breakfast catch-up for next Tuesday at 8:15 in the morning at the diner,"{""app"":""calendar"",""action"":""create_event"",""params"":{""title"":""Breakfast catch-up"",""date"":""2020-05-19"",""time"":""08:15:00"",""duration_in_minutes"":60,""location"":""the diner""}}","Monday, 2020-05-18",04:18:23
1527,14cb19ea-7001-5a7d-90d3-c5a142777b26,CalendarCreateEvent,"[""title"",""date"",""time"",""duration_in_minutes"",""location""]","add a breakfast catch-up for tomorrow at 8:15 a.m. at the diner, and make it 60 minutes","{""app"":""calendar"",""action"":""create_event"",""params"":{""title"":""Breakfast catch-up"",""date"":""2026-07-03"",""time"":""08:15:00"",""duration_in_minutes"":60,""location"":""the diner""}}","Thursday, 2026-07-02",14:43:52
1528,14cb19ea-7001-5a7d-90d3-c5a142777b26,CalendarCreateEvent,"[""title"",""date"",""time"",""duration_in_minutes"",""location""]",hey can you schedule a breakfast catch-up for Monday morning at 8:15 over at the diner?,"{""app"":""calendar"",""action"":""create_event"",""params"":{""title"":""Breakfast catch-up"",""date"":""2028-08-28"",""time"":""08:15:00"",""duration_in_minutes"":60,""location"":""the diner""}}","Sunday, 2028-08-27",02:09:50
1529,14cb19ea-7001-5a7d-90d3-c5a142777b26,CalendarCreateEvent,"[""title"",""date"",""time"",""duration_in_minutes"",""location""]",please set breakfast catch-up for tomorrow at 8:15 in the morning at the diner,"{""app"":""calendar"",""action"":""create_event"",""params"":{""title"":""Breakfast catch-up"",""date"":""2028-10-29"",""time"":""08:15:00"",""duration_in_minutes"":60,""location"":""the diner""}}","Saturday, 2028-10-28",01:53:33
1530,14cb19ea-7001-5a7d-90d3-c5a142777b26,CalendarCreateEvent,"[""title"",""date"",""time"",""duration_in_minutes"",""location""]",make sure breakfast catch-up is on the books for Monday at 8:15 a.m. at the diner,"{""app"":""calendar"",""action"":""create_event"",""params"":{""title"":""Breakfast catch-up"",""date"":""2029-10-15"",""time"":""08:15:00"",""duration_in_minutes"":60,""location"":""the diner""}}","Sunday, 2029-10-14",10:17:21
1531,8189b3ea-c575-5684-9684-b404957010da,CalendarCreateEvent,"[""title"",""date"",""time"",""duration_in_minutes""]","Please schedule a piano practice session for November sixth at 4 in the afternoon, thank you.","{""app"":""calendar"",""action"":""create_event"",""params"":{""title"":""piano practice session"",""date"":""1994-11-06"",""time"":""16:00:00"",""duration_in_minutes"":60}}","Saturday, 1994-11-05",07:49:42
1532,eeb74839-fcda-5aac-baf4-b350d8a5b804,CalendarCreateEvent,"[""title"",""date"",""time"",""duration_in_minutes""]","Could you kindly add a chess match for next Tuesday evening at seven thirty, please?","{""app"":""calendar"",""action"":""create_event"",""params"":{""title"":""chess match"",""date"":""1996-05-21"",""time"":""19:30:00"",""duration_in_minutes"":90}}","Saturday, 1996-05-18",21:09:57
1533,413f79a4-f461-5cab-810b-cf57029f6404,CalendarCreateEvent,"[""title"",""date"",""time"",""duration_in_minutes""]","Please put in a hike planning meetup for August twenty-seventh at 9:15 in the morning, thanks.","{""app"":""calendar"",""action"":""create_event"",""params"":{""title"":""hike planning meetup"",""date"":""2007-08-27"",""time"":""09:15:00"",""duration_in_minutes"":45}}","Saturday, 2007-08-25",09:49:52
1534,2ce217a8-af3d-5e5b-a654-f410458c4542,CalendarCreateEvent,"[""title"",""date"",""time"",""duration_in_minutes""]","Would you kindly add a tax forms review on March twenty-ninth at 8:00 in the morning, please?","{""app"":""calendar"",""action"":""create_event"",""params"":{""title"":""tax forms review"",""date"":""2008-03-29"",""time"":""08:00:00"",""duration_in_minutes"":75}}","Friday, 2008-03-28",23:51:28
1535,77d793aa-52f9-533c-936c-461e14a5cc90,CalendarCreateEvent,"[""title"",""date"",""time"",""duration_in_minutes""]",Please make a note for a garden hose repair on June twenty-fifth at 2:30 in the afternoon.,"{""app"":""calendar"",""action"":""create_event"",""params"":{""title"":""garden hose repair"",""date"":""2008-06-25"",""time"":""14:30:00"",""duration_in_minutes"":50}}","Tuesday, 2008-06-24",15:02:24
1536,a595447f-31b6-58f6-bdaf-211d07a41f21,CalendarCreateEvent,"[""title"",""date"",""time"",""duration_in_minutes""]","Could you kindly schedule a chemistry lab prep for tomorrow at 11:00 in the morning, thank you?","{""app"":""calendar"",""action"":""create_event"",""params"":{""title"":""chemistry lab prep"",""date"":""2010-02-11"",""time"":""11:00:00"",""duration_in_minutes"":120}}","Wednesday, 2010-02-10",02:32:17
1537,9f2b8f76-4d64-5f66-b362-31193799cf83,CalendarCreateEvent,"[""title"",""date"",""time"",""duration_in_minutes""]",Please add a budget slide rehearsal for January twelfth at three in the afternoon.,"{""app"":""calendar"",""action"":""create_event"",""params"":{""title"":""budget slide rehearsal"",""date"":""2016-01-12"",""time"":""15:00:00"",""duration_in_minutes"":90}}","Monday, 2016-01-11",09:19:57
1538,73587a2c-555b-5cd7-a9ef-7c9f03154685,CalendarCreateEvent,"[""title"",""date"",""time"",""duration_in_minutes""]",Would you please create a rose bush watering block for today at 6:30 in the morning?,"{""app"":""calendar"",""action"":""create_event"",""params"":{""title"":""rose bush watering block"",""date"":""2016-05-01"",""time"":""06:30:00"",""duration_in_minutes"":20}}","Sunday, 2016-05-01",05:04:11
1539,16818906-85e0-5da8-9437-a7d8216fc30c,CalendarCreateEvent,"[""title"",""date"",""time"",""duration_in_minutes""]","Please schedule a movie night for August thirteenth at 8:45 in the evening, thanks.","{""app"":""calendar"",""action"":""create_event"",""params"":{""title"":""movie night"",""date"":""2019-08-13"",""time"":""20:45:00"",""duration_in_minutes"":130}}","Monday, 2019-08-12",17:13:46
1540,6d5edda3-2923-5ef0-9993-d32ebb4176be,CalendarCreateEvent,"[""title"",""date"",""time"",""duration_in_minutes""]","Could you kindly add a physical therapy booking for tomorrow at 14:00, please?","{""app"":""calendar"",""action"":""create_event"",""params"":{""title"":""physical therapy booking"",""date"":""2022-01-21"",""time"":""14:00:00"",""duration_in_minutes"":60}}","Thursday, 2022-01-20",12:31:09
1541,6181172e-5e12-5970-9aec-5ff1ef183e78,CalendarCreateEvent,"[""title"",""date"",""time"",""duration_in_minutes""]",Please put in a garage cleanout on May tenth at half past nine in the morning.,"{""app"":""calendar"",""action"":""create_event"",""params"":{""title"":""garage cleanout"",""date"":""2022-05-10"",""time"":""09:30:00"",""duration_in_minutes"":180}}","Monday, 2022-05-09",16:13:08
1542,8fdb9908-2cc4-53ec-8be8-56151f4ca8cf,CalendarCreateEvent,"[""title"",""date"",""time"",""duration_in_minutes""]","Could you kindly schedule a cat feeding check for tomorrow at 7:15 in the morning, please?","{""app"":""calendar"",""action"":""create_event"",""params"":{""title"":""cat feeding check"",""date"":""2023-04-14"",""time"":""07:15:00"",""duration_in_minutes"":15}}","Thursday, 2023-04-13",05:49:29
1543,edb7ebdd-31bc-54c1-b84c-e2e1ff6984e8,CalendarCreateEvent,"[""title"",""date"",""time"",""duration_in_minutes"",""location""]",Please add a dinner reservation at La Trattoria for February fourteenth at 7 in the evening.,"{""app"":""calendar"",""action"":""create_event"",""params"":{""title"":""dinner reservation"",""date"":""2026-02-14"",""time"":""19:00:00"",""duration_in_minutes"":120,""location"":""La Trattoria""}}","Friday, 2026-02-13",16:20:09
1544,f3c5fe93-5d17-535a-8ed2-d27c8dbfe06a,CalendarCreateEvent,"[""title"",""date"",""time"",""duration_in_minutes""]","Would you kindly schedule a history exam cram session for the eleventh at 10:20 in the morning, thanks?","{""app"":""calendar"",""action"":""create_event"",""params"":{""title"":""history exam cram session"",""date"":""2029-01-11"",""time"":""10:20:00"",""duration_in_minutes"":110}}","Wednesday, 2029-01-10",19:03:06
1545,b1014cc5-9633-51f8-a7a1-3ab19ac01fbb,CalendarCreateEvent,"[""title"",""date"",""time"",""duration_in_minutes""]","Please set up a water heater inspection on November twelfth at 1:45 in the afternoon, thank you.","{""app"":""calendar"",""action"":""create_event"",""params"":{""title"":""water heater inspection"",""date"":""2030-11-12"",""time"":""13:45:00"",""duration_in_minutes"":40}}","Monday, 2030-11-11",13:10:35
1546,8189b3ea-c575-5684-9684-b404957010da,CalendarCreateEvent,"[""title"",""date"",""time"",""duration_in_minutes""]",schedule a piano practice tomorrow at half past six in the evening for an hour,"{""app"":""calendar"",""action"":""create_event"",""params"":{""title"":""piano practice"",""date"":""1992-06-07"",""time"":""18:30:00"",""duration_in_minutes"":60}}","Saturday, 1992-06-06",09:42:28
1547,8189b3ea-c575-5684-9684-b404957010da,CalendarCreateEvent,"[""title"",""date"",""time"",""duration_in_minutes""]","add a piano practice for this Tuesday at 7:15 am, make it ninety minutes","{""app"":""calendar"",""action"":""create_event"",""params"":{""title"":""piano practice"",""date"":""1997-08-19"",""time"":""07:15:00"",""duration_in_minutes"":90}}","Sunday, 1997-08-17",14:46:10
1548,8189b3ea-c575-5684-9684-b404957010da,CalendarCreateEvent,"[""title"",""date"",""time"",""duration_in_minutes""]","could you please put in piano practice for Friday morning at nine o'clock, one hour long","{""app"":""calendar"",""action"":""create_event"",""params"":{""title"":""piano practice"",""date"":""1997-12-26"",""time"":""09:00:00"",""duration_in_minutes"":60}}","Tuesday, 1997-12-23",18:28:11
1549,8189b3ea-c575-5684-9684-b404957010da,CalendarCreateEvent,"[""title"",""date"",""time"",""duration_in_minutes""]",set up piano practice next Thursday at 4 pm for forty-five minutes,"{""app"":""calendar"",""action"":""create_event"",""params"":{""title"":""piano practice"",""date"":""2000-08-24"",""time"":""16:00:00"",""duration_in_minutes"":45}}","Wednesday, 2000-08-16",10:48:51
1550,8189b3ea-c575-5684-9684-b404957010da,CalendarCreateEvent,"[""title"",""date"",""time"",""duration_in_minutes""]","make a note for piano practice this Saturday at ten thirty in the morning, for an hour and a half","{""app"":""calendar"",""action"":""create_event"",""params"":{""title"":""piano practice"",""date"":""2001-07-21"",""time"":""10:30:00"",""duration_in_minutes"":90}}","Monday, 2001-07-16",12:03:06
1551,8189b3ea-c575-5684-9684-b404957010da,CalendarCreateEvent,"[""title"",""date"",""time"",""duration_in_minutes""]",notify me about piano practice tomorrow at 6:05 am for fifty minutes,"{""app"":""calendar"",""action"":""create_event"",""params"":{""title"":""piano practice"",""date"":""2002-11-01"",""time"":""06:05:00"",""duration_in_minutes"":50}}","Thursday, 2002-10-31",03:00:45
1552,8189b3ea-c575-5684-9684-b404957010da,CalendarCreateEvent,"[""title"",""date"",""time"",""duration_in_minutes""]","please add piano practice on Monday at 8 in the morning, one hour","{""app"":""calendar"",""action"":""create_event"",""params"":{""title"":""piano practice"",""date"":""2003-03-03"",""time"":""08:00:00"",""duration_in_minutes"":60}}","Thursday, 2003-02-27",06:35:02
1553,8189b3ea-c575-5684-9684-b404957010da,CalendarCreateEvent,"[""title"",""date"",""time"",""duration_in_minutes""]","remember piano practice this Friday at quarter past five, set it for seventy-five minutes","{""app"":""calendar"",""action"":""create_event"",""params"":{""title"":""piano practice"",""date"":""2005-03-04"",""time"":""17:15:00"",""duration_in_minutes"":75}}","Wednesday, 2005-03-02",05:48:20
1554,8189b3ea-c575-5684-9684-b404957010da,CalendarCreateEvent,"[""title"",""date"",""time"",""duration_in_minutes""]","schedule piano practice for tomorrow at 2:30 pm, for one hour","{""app"":""calendar"",""action"":""create_event"",""params"":{""title"":""piano practice"",""date"":""2010-03-25"",""time"":""14:30:00"",""duration_in_minutes"":60}}","Wednesday, 2010-03-24",14:40:25
1555,8189b3ea-c575-5684-9684-b404957010da,CalendarCreateEvent,"[""title"",""date"",""time"",""duration_in_minutes""]","add a piano practice next Tuesday at 7 pm, ninety minutes please","{""app"":""calendar"",""action"":""create_event"",""params"":{""title"":""piano practice"",""date"":""2012-02-21"",""time"":""19:00:00"",""duration_in_minutes"":90}}","Sunday, 2012-02-19",11:54:13
1556,8189b3ea-c575-5684-9684-b404957010da,CalendarCreateEvent,"[""title"",""date"",""time"",""duration_in_minutes""]","could you put in a piano practice for this Friday at 5:45 in the morning, for forty minutes","{""app"":""calendar"",""action"":""create_event"",""params"":{""title"":""piano practice"",""date"":""2020-05-08"",""time"":""05:45:00"",""duration_in_minutes"":40}}","Wednesday, 2020-05-06",04:59:54
1557,8189b3ea-c575-5684-9684-b404957010da,CalendarCreateEvent,"[""title"",""date"",""time"",""duration_in_minutes""]","set piano practice for Wednesday at noon, make it an hour","{""app"":""calendar"",""action"":""create_event"",""params"":{""title"":""piano practice"",""date"":""2020-10-07"",""time"":""12:00:00"",""duration_in_minutes"":60}}","Sunday, 2020-10-04",02:22:55
1558,8189b3ea-c575-5684-9684-b404957010da,CalendarCreateEvent,"[""title"",""date"",""time"",""duration_in_minutes""]","schedule piano practice for tomorrow at 4 pm, duration fifty-five minutes","{""app"":""calendar"",""action"":""create_event"",""params"":{""title"":""piano practice"",""date"":""2024-12-18"",""time"":""16:00:00"",""duration_in_minutes"":55}}","Tuesday, 2024-12-17",12:35:27
1559,8189b3ea-c575-5684-9684-b404957010da,CalendarCreateEvent,"[""title"",""date"",""time"",""duration_in_minutes""]","put down piano practice for this Thursday at 9:10 pm, for ninety minutes","{""app"":""calendar"",""action"":""create_event"",""params"":{""title"":""piano practice"",""date"":""2029-08-30"",""time"":""21:10:00"",""duration_in_minutes"":90}}","Monday, 2029-08-27",21:29:44
1560,8189b3ea-c575-5684-9684-b404957010da,CalendarCreateEvent,"[""title"",""date"",""time"",""duration_in_minutes""]",please add piano practice on Sunday at 11:20 in the morning for one hour,"{""app"":""calendar"",""action"":""create_event"",""params"":{""title"":""piano practice"",""date"":""2030-08-18"",""time"":""11:20:00"",""duration_in_minutes"":60}}","Thursday, 2030-08-15",10:37:37
1561,b69cb168-f618-5ab6-858c-9608089278f3,CalendarCreateEvent,"[""title"",""date"",""time"",""duration_in_minutes""]",hey can you block off a little after lunch tomorrow for a dentist appointment?,"{""app"":""calendar"",""action"":""create_event"",""params"":{""title"":""dentist appointment"",""date"":""1991-08-24"",""time"":""13:00:00"",""duration_in_minutes"":60}}","Friday, 1991-08-23",03:57:20
1562,b69cb168-f618-5ab6-858c-9608089278f3,CalendarCreateEvent,"[""title"",""date"",""time"",""duration_in_minutes""]",please add my dentist checkup for next Tuesday at 9 in the morning.,"{""app"":""calendar"",""action"":""create_event"",""params"":{""title"":""dentist checkup"",""date"":""1993-06-29"",""time"":""09:00:00"",""duration_in_minutes"":45}}","Wednesday, 1993-06-23",15:06:50
1563,b69cb168-f618-5ab6-858c-9608089278f3,CalendarCreateEvent,"[""title"",""date"",""time"",""duration_in_minutes""]",could you schedule a teeth cleaning this afternoon at 4:15?,"{""app"":""calendar"",""action"":""create_event"",""params"":{""title"":""teeth cleaning"",""date"":""1996-03-20"",""time"":""16:15:00"",""duration_in_minutes"":50}}","Wednesday, 1996-03-20",01:12:48
1564,b69cb168-f618-5ab6-858c-9608089278f3,CalendarCreateEvent,"[""title"",""date"",""time"",""duration_in_minutes""]",make sure I’ve got an orthodontist visit on Friday morning at 10:30.,"{""app"":""calendar"",""action"":""create_event"",""params"":{""title"":""orthodontist visit"",""date"":""1996-09-27"",""time"":""10:30:00"",""duration_in_minutes"":40}}","Thursday, 1996-09-26",01:54:39
1565,b69cb168-f618-5ab6-858c-9608089278f3,CalendarCreateEvent,"[""title"",""date"",""time"",""duration_in_minutes""]","hey, put a root canal consult on the calendar for tomorrow at two o'clock.","{""app"":""calendar"",""action"":""create_event"",""params"":{""title"":""root canal consult"",""date"":""1997-12-10"",""time"":""14:00:00"",""duration_in_minutes"":30}}","Tuesday, 1997-12-09",14:47:27
1566,b69cb168-f618-5ab6-858c-9608089278f3,CalendarCreateEvent,"[""title"",""date"",""time"",""duration_in_minutes""]","I'd like a gum treatment appointment this evening at 6:45, please.","{""app"":""calendar"",""action"":""create_event"",""params"":{""title"":""gum treatment appointment"",""date"":""1998-09-11"",""time"":""18:45:00"",""duration_in_minutes"":55}}","Friday, 1998-09-11",07:21:25
1567,b69cb168-f618-5ab6-858c-9608089278f3,CalendarCreateEvent,"[""title"",""date"",""time"",""duration_in_minutes""]",don't let me forget a crown fitting next Wednesday at 11 am.,"{""app"":""calendar"",""action"":""create_event"",""params"":{""title"":""crown fitting"",""date"":""2000-05-31"",""time"":""11:00:00"",""duration_in_minutes"":35}}","Wednesday, 2000-05-24",05:33:21
1568,9a5885ac-b9e2-5945-9af3-e2effe9ced12,CalendarCreateEvent,"[""title"",""date"",""time"",""duration_in_minutes""]",add a physical therapy session for this Friday at 7:30 in the morning.,"{""app"":""calendar"",""action"":""create_event"",""params"":{""title"":""physical therapy session"",""date"":""2004-02-27"",""time"":""07:30:00"",""duration_in_minutes"":60}}","Monday, 2004-02-23",21:00:40
1569,9a5885ac-b9e2-5945-9af3-e2effe9ced12,CalendarCreateEvent,"[""title"",""date"",""time"",""duration_in_minutes""]",can you pencil in my physio appointment on Sunday at 3:15 pm?,"{""app"":""calendar"",""action"":""create_event"",""params"":{""title"":""physio appointment"",""date"":""2004-07-25"",""time"":""15:15:00"",""duration_in_minutes"":45}}","Friday, 2004-07-23",21:42:52
1570,9a5885ac-b9e2-5945-9af3-e2effe9ced12,CalendarCreateEvent,"[""title"",""date"",""time"",""duration_in_minutes""]",please schedule rehab exercises for tomorrow morning at 8:00.,"{""app"":""calendar"",""action"":""create_event"",""params"":{""title"":""rehab exercises"",""date"":""2006-09-15"",""time"":""08:00:00"",""duration_in_minutes"":50}}","Thursday, 2006-09-14",11:13:26
1571,9a5885ac-b9e2-5945-9af3-e2effe9ced12,CalendarCreateEvent,"[""title"",""date"",""time"",""duration_in_minutes""]","hey, set up my back treatment for next Monday at 2:30 in the afternoon.","{""app"":""calendar"",""action"":""create_event"",""params"":{""title"":""back treatment"",""date"":""2011-08-15"",""time"":""14:30:00"",""duration_in_minutes"":40}}","Wednesday, 2011-08-10",03:53:52
1572,9a5885ac-b9e2-5945-9af3-e2effe9ced12,CalendarCreateEvent,"[""title"",""date"",""time"",""duration_in_minutes""]",make an appointment for knee rehab on Tuesday at 5 pm.,"{""app"":""calendar"",""action"":""create_event"",""params"":{""title"":""knee rehab"",""date"":""2015-04-28"",""time"":""17:00:00"",""duration_in_minutes"":45}}","Saturday, 2015-04-25",08:06:45
1573,aed3849a-fc12-599f-a6c2-9d558842a09a,CalendarCreateEvent,"[""title"",""date"",""time"",""duration_in_minutes""]",could you add a budget review meeting for tomorrow at 9:30 am?,"{""app"":""calendar"",""action"":""create_event"",""params"":{""title"":""budget review meeting"",""date"":""2022-06-16"",""time"":""09:30:00"",""duration_in_minutes"":60}}","Wednesday, 2022-06-15",08:41:59
1574,aed3849a-fc12-599f-a6c2-9d558842a09a,CalendarCreateEvent,"[""title"",""date"",""time"",""duration_in_minutes""]","schedule a budget review next Wednesday at 4 in the afternoon, thanks.","{""app"":""calendar"",""action"":""create_event"",""params"":{""title"":""budget review"",""date"":""2024-10-23"",""time"":""16:00:00"",""duration_in_minutes"":45}}","Monday, 2024-10-21",13:07:51
1575,aed3849a-fc12-599f-a6c2-9d558842a09a,CalendarCreateEvent,"[""title"",""date"",""time"",""duration_in_minutes""]","hey, put my budget review on the calendar for this Thursday at 1:45 pm.","{""app"":""calendar"",""action"":""create_event"",""params"":{""title"":""budget review"",""date"":""2028-04-20"",""time"":""13:45:00"",""duration_in_minutes"":30}}","Monday, 2028-04-17",19:07:18
1576,33176905-7411-5403-8797-391a05270615,CalendarCreateEvent,"[""title"",""date"",""time"",""duration_in_minutes""]","hey can you add a dentist checkup for tomorrow at 9 in the morning, kinda don't let me miss it","{""app"":""calendar"",""action"":""create_event"",""params"":{""title"":""dentist checkup"",""date"":""1995-12-29"",""time"":""09:00:00"",""duration_in_minutes"":60}}","Thursday, 1995-12-28",05:58:04
1577,33176905-7411-5403-8797-391a05270615,CalendarCreateEvent,"[""title"",""date"",""time"",""duration_in_minutes""]","please put in a physio session next Monday at half past two, cheers","{""app"":""calendar"",""action"":""create_event"",""params"":{""title"":""physio session"",""date"":""1996-08-26"",""time"":""14:30:00"",""duration_in_minutes"":45}}","Friday, 1996-08-23",22:13:05
1578,33176905-7411-5403-8797-391a05270615,CalendarCreateEvent,"[""title"",""date"",""time"",""duration_in_minutes""]","uh yeah, schedule my eye exam for this Friday at 4 pm","{""app"":""calendar"",""action"":""create_event"",""params"":{""title"":""eye exam"",""date"":""2000-03-03"",""time"":""16:00:00"",""duration_in_minutes"":30}}","Friday, 2000-03-03",15:23:32
1579,6a56fe73-762c-50f9-a825-8abea102104f,CalendarCreateEvent,"[""title"",""date"",""time"",""duration_in_minutes""]",make a note for a haircut on Thursday at 11:15 in the morning,"{""app"":""calendar"",""action"":""create_event"",""params"":{""title"":""haircut"",""date"":""2002-03-28"",""time"":""11:15:00"",""duration_in_minutes"":45}}","Tuesday, 2002-03-26",11:05:41
1580,6a56fe73-762c-50f9-a825-8abea102104f,CalendarCreateEvent,"[""title"",""date"",""time"",""duration_in_minutes""]",could you add a car service appointment for this Wednesday at 8:30 am,"{""app"":""calendar"",""action"":""create_event"",""params"":{""title"":""car service appointment"",""date"":""2003-08-27"",""time"":""08:30:00"",""duration_in_minutes"":90}}","Monday, 2003-08-25",12:37:22
1581,33176905-7411-5403-8797-391a05270615,CalendarCreateEvent,"[""title"",""date"",""time"",""duration_in_minutes""]","hey, book a vet visit for today at 2:00 am, weirdly enough","{""app"":""calendar"",""action"":""create_event"",""params"":{""title"":""vet visit"",""date"":""2004-05-18"",""time"":""02:00:00"",""duration_in_minutes"":30}}","Tuesday, 2004-05-18",01:31:12
1582,33176905-7411-5403-8797-391a05270615,CalendarCreateEvent,"[""title"",""date"",""time"",""duration_in_minutes""]",please schedule a counseling session for next Friday at 10:45 am,"{""app"":""calendar"",""action"":""create_event"",""params"":{""title"":""counseling session"",""date"":""2010-01-22"",""time"":""10:45:00"",""duration_in_minutes"":50}}","Friday, 2010-01-15",05:15:03
1583,6a56fe73-762c-50f9-a825-8abea102104f,CalendarCreateEvent,"[""title"",""date"",""time"",""duration_in_minutes""]","add a massage appointment for tomorrow at 1 pm, if you could","{""app"":""calendar"",""action"":""create_event"",""params"":{""title"":""massage appointment"",""date"":""2015-04-29"",""time"":""13:00:00"",""duration_in_minutes"":60}}","Tuesday, 2015-04-28",10:13:56
1584,33176905-7411-5403-8797-391a05270615,CalendarCreateEvent,"[""title"",""date"",""time"",""duration_in_minutes""]",don't let me forget the flu shot on Saturday at 7:20 in the morning,"{""app"":""calendar"",""action"":""create_event"",""params"":{""title"":""flu shot"",""date"":""2015-12-12"",""time"":""07:20:00"",""duration_in_minutes"":20}}","Thursday, 2015-12-10",05:04:34
1585,6a56fe73-762c-50f9-a825-8abea102104f,CalendarCreateEvent,"[""title"",""date"",""time"",""duration_in_minutes""]",schedule a bike tune-up for next Tuesday at 3:30 pm,"{""app"":""calendar"",""action"":""create_event"",""params"":{""title"":""bike tune-up"",""date"":""2017-11-28"",""time"":""15:30:00"",""duration_in_minutes"":40}}","Saturday, 2017-11-25",12:08:49
1586,33176905-7411-5403-8797-391a05270615,CalendarCreateEvent,"[""title"",""date"",""time"",""duration_in_minutes""]","yo, put in an acupuncture visit on Friday at 6 pm","{""app"":""calendar"",""action"":""create_event"",""params"":{""title"":""acupuncture visit"",""date"":""2018-04-06"",""time"":""18:00:00"",""duration_in_minutes"":45}}","Tuesday, 2018-04-03",22:07:51
1587,6a56fe73-762c-50f9-a825-8abea102104f,CalendarCreateEvent,"[""title"",""date"",""time"",""duration_in_minutes""]",can you slot a pet grooming appointment for tomorrow morning at 9:15,"{""app"":""calendar"",""action"":""create_event"",""params"":{""title"":""pet grooming appointment"",""date"":""2019-08-23"",""time"":""09:15:00"",""duration_in_minutes"":75}}","Thursday, 2019-08-22",10:52:09
1588,33176905-7411-5403-8797-391a05270615,CalendarCreateEvent,"[""title"",""date"",""time"",""duration_in_minutes""]","hey add a prenatal class for tomorrow at 7:00 pm, thanks","{""app"":""calendar"",""action"":""create_event"",""params"":{""title"":""prenatal class"",""date"":""2024-06-05"",""time"":""19:00:00"",""duration_in_minutes"":60}}","Tuesday, 2024-06-04",20:52:46
1589,33176905-7411-5403-8797-391a05270615,CalendarCreateEvent,"[""title"",""date"",""time"",""duration_in_minutes""]",please create an orthodontist consultation for Monday at noon,"{""app"":""calendar"",""action"":""create_event"",""params"":{""title"":""orthodontist consultation"",""date"":""2024-07-01"",""time"":""12:00:00"",""duration_in_minutes"":30}}","Sunday, 2024-06-30",23:53:41
1590,33176905-7411-5403-8797-391a05270615,CalendarCreateEvent,"[""title"",""date"",""time"",""duration_in_minutes""]","right, book a hearing test for Tuesday at 4:10 pm","{""app"":""calendar"",""action"":""create_event"",""params"":{""title"":""hearing test"",""date"":""2030-04-02"",""time"":""16:10:00"",""duration_in_minutes"":45}}","Sunday, 2030-03-31",17:12:33
1591,833b216f-a6ad-5903-b816-e8e28b6c9a64,CalendarCreateEvent,"[""title"",""date"",""time"",""duration_in_minutes""]","Please schedule a morning jogging session for tomorrow at half past six, and make it last forty minutes.","{""app"":""calendar"",""action"":""create_event"",""params"":{""title"":""Morning jogging session"",""date"":""1990-11-03"",""time"":""06:30:00"",""duration_in_minutes"":40}}","Friday, 1990-11-02",01:25:37
1592,70521fdb-c174-5098-99dc-9ddc6f244649,CalendarCreateEvent,"[""title"",""date"",""time"",""duration_in_minutes"",""location""]",Could you kindly add a yoga practice next Monday at seven in the evening for one hour at the community center?,"{""app"":""calendar"",""action"":""create_event"",""params"":{""title"":""Yoga practice"",""date"":""1992-02-03"",""time"":""19:00:00"",""duration_in_minutes"":60,""location"":""community center""}}","Friday, 1992-01-31",22:58:38
1593,e89f162e-dba9-5272-9018-bb4299050d89,CalendarCreateEvent,"[""title"",""date"",""time"",""duration_in_minutes""]",I would appreciate it if you could create a piano rehearsal this Saturday at 4:15 p.m. for ninety minutes.,"{""app"":""calendar"",""action"":""create_event"",""params"":{""title"":""Piano rehearsal"",""date"":""1996-11-30"",""time"":""16:15:00"",""duration_in_minutes"":90}}","Friday, 1996-11-29",20:00:41
1594,eeb74839-fcda-5aac-baf4-b350d8a5b804,CalendarCreateEvent,"[""title"",""date"",""time"",""duration_in_minutes"",""location""]","Please put a chess match on the calendar for this Friday at nine in the morning, lasting two hours at the library.","{""app"":""calendar"",""action"":""create_event"",""params"":{""title"":""Chess match"",""date"":""2000-02-04"",""time"":""09:00:00"",""duration_in_minutes"":120,""location"":""library""}}","Tuesday, 2000-02-01",02:20:48
1595,96914a20-4e10-5c35-a405-ed67704646c4,CalendarCreateEvent,"[""title"",""date"",""time"",""duration_in_minutes"",""location""]","Schedule dinner with the neighbors for tomorrow at 8:00 p.m. at the bistro, and set aside two hours.","{""app"":""calendar"",""action"":""create_event"",""params"":{""title"":""Dinner with the neighbors"",""date"":""2002-06-06"",""time"":""20:00:00"",""duration_in_minutes"":120,""location"":""bistro""}}","Wednesday, 2002-06-05",23:06:28
1596,b425192e-1c73-5554-b4b8-ff6ed4327e4a,CalendarCreateEvent,"[""title"",""date"",""time"",""duration_in_minutes""]","Kindly add a fence repair appointment for this Saturday at 10:30 in the morning, lasting three hours.","{""app"":""calendar"",""action"":""create_event"",""params"":{""title"":""Fence repair appointment"",""date"":""2007-01-20"",""time"":""10:30:00"",""duration_in_minutes"":180}}","Friday, 2007-01-19",12:02:03
1597,fffccee6-0e86-5e81-98ff-10e8341c41ef,CalendarCreateEvent,"[""title"",""date"",""time"",""duration_in_minutes""]",Please remember to water the rose bushes next Tuesday at 6:45 a.m. for twenty minutes.,"{""app"":""calendar"",""action"":""create_event"",""params"":{""title"":""Water the rose bushes"",""date"":""2007-03-06"",""time"":""06:45:00"",""duration_in_minutes"":20}}","Saturday, 2007-03-03",13:03:37
1598,a902b446-b388-51b2-a61e-ad89c376dcd8,CalendarCreateEvent,"[""title"",""date"",""time"",""duration_in_minutes""]",Could you schedule a garage cleaning this afternoon at 3:30 p.m. for two and a half hours?,"{""app"":""calendar"",""action"":""create_event"",""params"":{""title"":""Garage cleaning"",""date"":""2007-05-12"",""time"":""15:30:00"",""duration_in_minutes"":150}}","Saturday, 2007-05-12",08:38:51
1599,47696a33-fb28-58f2-8c70-377d6c96603f,CalendarCreateEvent,"[""title"",""date"",""time"",""duration_in_minutes"",""location""]",I need a movie night with friends next Sunday at 7:15 p.m. at the multiplex for three hours.,"{""app"":""calendar"",""action"":""create_event"",""params"":{""title"":""Movie night with friends"",""date"":""2009-08-30"",""time"":""19:15:00"",""duration_in_minutes"":180,""location"":""multiplex""}}","Saturday, 2009-08-29",13:46:53
1600,860eed9b-4f9a-5310-87fc-5c5da7aa6b59,CalendarCreateEvent,"[""title"",""date"",""time"",""duration_in_minutes""]",Please add a budget slides review for tomorrow at 11:00 a.m. and reserve forty-five minutes.,"{""app"":""calendar"",""action"":""create_event"",""params"":{""title"":""Budget slides review"",""date"":""2012-06-13"",""time"":""11:00:00"",""duration_in_minutes"":45}}","Tuesday, 2012-06-12",10:45:26
1601,ffedfbab-66a8-533c-be1c-daa06394ba07,CalendarCreateEvent,"[""title"",""date"",""time"",""duration_in_minutes"",""location""]",Would you kindly schedule a tax forms session this Friday at 2:00 p.m. for ninety minutes at the accounting office?,"{""app"":""calendar"",""action"":""create_event"",""params"":{""title"":""Tax forms session"",""date"":""2015-12-25"",""time"":""14:00:00"",""duration_in_minutes"":90,""location"":""accounting office""}}","Wednesday, 2015-12-23",21:29:58
1602,6d5edda3-2923-5ef0-9993-d32ebb4176be,CalendarCreateEvent,"[""title"",""date"",""time"",""duration_in_minutes""]","Make a note of a physical therapy booking for this evening at 6:20 p.m., lasting one hour.","{""app"":""calendar"",""action"":""create_event"",""params"":{""title"":""Physical therapy booking"",""date"":""2021-05-02"",""time"":""18:20:00"",""duration_in_minutes"":60}}","Sunday, 2021-05-02",04:04:50
1603,aadc658e-be4e-5462-87df-f120a7ee72fa,CalendarCreateEvent,"[""title"",""date"",""time"",""duration_in_minutes"",""location""]",Kindly create a chemistry study block for next Monday at 9:10 a.m. for two hours in the study room.,"{""app"":""calendar"",""action"":""create_event"",""params"":{""title"":""Chemistry study block"",""date"":""2023-06-12"",""time"":""09:10:00"",""duration_in_minutes"":120,""location"":""study room""}}","Friday, 2023-06-09",02:19:37
1604,216be39d-1822-57cd-a9aa-309d5f6d17da,CalendarCreateEvent,"[""title"",""date"",""time"",""duration_in_minutes""]",Please schedule a hike planning meeting this afternoon at 4:30 p.m. for fifty minutes.,"{""app"":""calendar"",""action"":""create_event"",""params"":{""title"":""Hike planning meeting"",""date"":""2029-04-05"",""time"":""16:30:00"",""duration_in_minutes"":50}}","Thursday, 2029-04-05",16:53:04
1605,7aebbbe1-814a-5cf3-9e6e-20d652479be3,CalendarCreateEvent,"[""title"",""date"",""time"",""duration_in_minutes""]",I would appreciate it if you could add a cat feeding reminder for tomorrow morning at 7:05 a.m. for fifteen minutes.,"{""app"":""calendar"",""action"":""create_event"",""params"":{""title"":""Cat feeding reminder"",""date"":""2029-11-28"",""time"":""07:05:00"",""duration_in_minutes"":15}}","Tuesday, 2029-11-27",19:30:22
1606,b5851eb1-b3e1-5c78-a131-9966cffb7fb8,CalendarCreateEvent,"[""title"",""date"",""time"",""duration_in_minutes""]","Please schedule a board game night for tomorrow at 7 in the evening, and sorry if the mic heard spot i fy wrong.","{""app"":""calendar"",""action"":""create_event"",""params"":{""title"":""board game night"",""date"":""1991-12-28"",""time"":""19:00:00"",""duration_in_minutes"":120}}","Friday, 1991-12-27",21:23:14
1607,e89f162e-dba9-5272-9018-bb4299050d89,CalendarCreateEvent,"[""title"",""date"",""time"",""duration_in_minutes""]",Could you kindly add a piano rehearsal on Monday at half past six in the morning?,"{""app"":""calendar"",""action"":""create_event"",""params"":{""title"":""piano rehearsal"",""date"":""1997-06-30"",""time"":""06:30:00"",""duration_in_minutes"":90}}","Sunday, 1997-06-29",13:49:26
1608,413f79a4-f461-5cab-810b-cf57029f6404,CalendarCreateEvent,"[""title"",""date"",""time"",""duration_in_minutes""]","Please put in a hike planning session for next Wednesday at 2:15 pm, if that works.","{""app"":""calendar"",""action"":""create_event"",""params"":{""title"":""hike planning session"",""date"":""1999-07-28"",""time"":""14:15:00"",""duration_in_minutes"":60}}","Sunday, 1999-07-25",10:10:01
1609,36c3cc78-6ab9-517d-8fae-3a52294c8f2e,CalendarCreateEvent,"[""title"",""date"",""time"",""duration_in_minutes""]",Could you add tax forms prep this Friday at nine o'clock in the morning?,"{""app"":""calendar"",""action"":""create_event"",""params"":{""title"":""tax forms prep"",""date"":""2000-04-21"",""time"":""09:00:00"",""duration_in_minutes"":180}}","Tuesday, 2000-04-18",19:59:40
1610,4ff0e5d7-f7cf-5ca2-b737-e2a92ce544ed,CalendarCreateEvent,"[""title"",""date"",""time"",""duration_in_minutes""]","Please right event for chemistry revision on Saturday at 11:20 a.m., thanks.","{""app"":""calendar"",""action"":""create_event"",""params"":{""title"":""chemistry revision"",""date"":""2002-02-23"",""time"":""11:20:00"",""duration_in_minutes"":75}}","Tuesday, 2002-02-19",03:57:45
1611,65b0758a-6c47-5a1a-867d-4443e4fc75e3,CalendarCreateEvent,"[""title"",""date"",""time"",""duration_in_minutes""]",Kindly schedule a kitchen sink repair visit for next Tuesday at 4 pm.,"{""app"":""calendar"",""action"":""create_event"",""params"":{""title"":""kitchen sink repair visit"",""date"":""2005-11-22"",""time"":""16:00:00"",""duration_in_minutes"":90}}","Friday, 2005-11-18",09:15:08
1612,8fdb9908-2cc4-53ec-8be8-56151f4ca8cf,CalendarCreateEvent,"[""title"",""date"",""time"",""duration_in_minutes""]",Could you please add a cat feeding check on Wednesday morning at quarter past five?,"{""app"":""calendar"",""action"":""create_event"",""params"":{""title"":""cat feeding check"",""date"":""2007-08-22"",""time"":""05:15:00"",""duration_in_minutes"":20}}","Monday, 2007-08-20",05:36:00
1613,6c87861d-f811-5905-bbf3-ce8e44443279,CalendarCreateEvent,"[""title"",""date"",""time"",""duration_in_minutes""]",Please set up a rose bushes watering block for today at 7:10 in the morning.,"{""app"":""calendar"",""action"":""create_event"",""params"":{""title"":""rose bushes watering block"",""date"":""2013-05-28"",""time"":""07:10:00"",""duration_in_minutes"":30}}","Tuesday, 2013-05-28",00:47:13
1614,16818906-85e0-5da8-9437-a7d8216fc30c,CalendarCreateEvent,"[""title"",""date"",""time"",""duration_in_minutes""]",Could you kindly add a movie night with the old projector for tomorrow at 8:45 in the evening?,"{""app"":""calendar"",""action"":""create_event"",""params"":{""title"":""movie night with the old projector"",""date"":""2013-10-19"",""time"":""20:45:00"",""duration_in_minutes"":150}}","Friday, 2013-10-18",15:15:55
1615,e185b9d2-d1ed-583a-bcc4-753a21fdc155,CalendarCreateEvent,"[""title"",""date"",""time"",""duration_in_minutes""]","Please schedule a basketball scrimmage for next Monday at 6:10 pm, if possible.","{""app"":""calendar"",""action"":""create_event"",""params"":{""title"":""basketball scrimmage"",""date"":""2016-10-17"",""time"":""18:10:00"",""duration_in_minutes"":90}}","Saturday, 2016-10-15",20:55:56
1616,6181172e-5e12-5970-9aec-5ff1ef183e78,CalendarCreateEvent,"[""title"",""date"",""time"",""duration_in_minutes""]",Could you add a garage cleanout on Friday at 1:30 in the afternoon?,"{""app"":""calendar"",""action"":""create_event"",""params"":{""title"":""garage cleanout"",""date"":""2018-12-28"",""time"":""13:30:00"",""duration_in_minutes"":180}}","Wednesday, 2018-12-26",20:44:03
1617,169d6bdf-362f-5e75-8a90-f6fa06095e46,CalendarCreateEvent,"[""title"",""date"",""time"",""duration_in_minutes""]",Please make a note for a history exam review next Saturday at 10 in the morning.,"{""app"":""calendar"",""action"":""create_event"",""params"":{""title"":""history exam review"",""date"":""2019-06-15"",""time"":""10:00:00"",""duration_in_minutes"":120}}","Monday, 2019-06-10",14:59:45
1618,6d5edda3-2923-5ef0-9993-d32ebb4176be,CalendarCreateEvent,"[""title"",""date"",""time"",""duration_in_minutes""]",Kindly schedule a physical therapy booking for next Tuesday at 3:40 pm.,"{""app"":""calendar"",""action"":""create_event"",""params"":{""title"":""physical therapy booking"",""date"":""2021-12-07"",""time"":""15:40:00"",""duration_in_minutes"":45}}","Saturday, 2021-12-04",07:03:44
1619,96914a20-4e10-5c35-a405-ed67704646c4,CalendarCreateEvent,"[""title"",""date"",""time"",""duration_in_minutes""]","Please add a dinner with the neighbors this afternoon at 5:25 pm, and don't let me forget.","{""app"":""calendar"",""action"":""create_event"",""params"":{""title"":""dinner with the neighbors"",""date"":""2026-03-01"",""time"":""17:25:00"",""duration_in_minutes"":120}}","Sunday, 2026-03-01",02:41:56
1620,cde6a4b7-cdfb-5914-b6d3-d7887005dba6,CalendarCreateEvent,"[""title"",""date"",""time"",""duration_in_minutes""]",Could you please set a chess practice meetup for next Thursday at 8:05 in the evening?,"{""app"":""calendar"",""action"":""create_event"",""params"":{""title"":""chess practice meetup"",""date"":""2029-01-25"",""time"":""20:05:00"",""duration_in_minutes"":90}}","Monday, 2029-01-22",19:49:04
1621,d77160c8-ae65-5502-8a89-3bdea0c89817,CalendarUpdateEvent,"[""title"",""date"",""time""]",Can you update the dentist follow-up to December twentieth at 9 in the morning?,"{""app"":""calendar"",""action"":""update_event"",""params"":{""title"":""dentist follow-up"",""date"":""1990-12-20"",""time"":""09:00:00""}}","Tuesday, 1990-12-18",23:50:24
1622,d77160c8-ae65-5502-8a89-3bdea0c89817,CalendarUpdateEvent,"[""title"",""date"",""time""]","Actually, move the dentist follow-up to next Monday at half past two.","{""app"":""calendar"",""action"":""update_event"",""params"":{""title"":""dentist follow-up"",""date"":""1992-03-30"",""time"":""14:30:00""}}","Thursday, 1992-03-26",17:50:28
1623,d77160c8-ae65-5502-8a89-3bdea0c89817,CalendarUpdateEvent,"[""title"",""date"",""time""]",Please shift the dentist follow-up to tomorrow at 8:15 a.m.,"{""app"":""calendar"",""action"":""update_event"",""params"":{""title"":""dentist follow-up"",""date"":""1996-08-27"",""time"":""08:15:00""}}","Monday, 1996-08-26",10:57:18
1624,d77160c8-ae65-5502-8a89-3bdea0c89817,CalendarUpdateEvent,"[""title"",""date"",""time""]",Could you update the dentist follow-up for the first of March at 10 in the morning?,"{""app"":""calendar"",""action"":""update_event"",""params"":{""title"":""dentist follow-up"",""date"":""2001-03-01"",""time"":""10:00:00""}}","Sunday, 2001-02-25",12:50:47
1625,d77160c8-ae65-5502-8a89-3bdea0c89817,CalendarUpdateEvent,"[""title"",""date"",""time""]",I need the dentist follow-up moved to February second at 1:45 in the afternoon.,"{""app"":""calendar"",""action"":""update_event"",""params"":{""title"":""dentist follow-up"",""date"":""2004-02-02"",""time"":""13:45:00""}}","Saturday, 2004-01-31",08:58:54
1626,d77160c8-ae65-5502-8a89-3bdea0c89817,CalendarUpdateEvent,"[""title"",""date"",""time""]","Hey, change the dentist follow-up to March eighteenth at 4:20 in the afternoon.","{""app"":""calendar"",""action"":""update_event"",""params"":{""title"":""dentist follow-up"",""date"":""2012-03-18"",""time"":""16:20:00""}}","Friday, 2012-03-16",06:21:38
1627,d77160c8-ae65-5502-8a89-3bdea0c89817,CalendarUpdateEvent,"[""title"",""date"",""time""]",Make the dentist follow-up happen on January second at 11 a.m.,"{""app"":""calendar"",""action"":""update_event"",""params"":{""title"":""dentist follow-up"",""date"":""2013-01-02"",""time"":""11:00:00""}}","Monday, 2012-12-31",23:25:29
1628,d77160c8-ae65-5502-8a89-3bdea0c89817,CalendarUpdateEvent,"[""title"",""date"",""time""]",Could you nudge the dentist follow-up to Friday at 3:30 p.m.?,"{""app"":""calendar"",""action"":""update_event"",""params"":{""title"":""dentist follow-up"",""date"":""2013-03-15"",""time"":""15:30:00""}}","Monday, 2013-03-11",17:11:59
1629,d77160c8-ae65-5502-8a89-3bdea0c89817,CalendarUpdateEvent,"[""title"",""date"",""time""]","Update the dentist follow-up to January fifth at 9:10 a.m., please.","{""app"":""calendar"",""action"":""update_event"",""params"":{""title"":""dentist follow-up"",""date"":""2015-01-05"",""time"":""09:10:00""}}","Thursday, 2015-01-01",15:07:54
1630,d77160c8-ae65-5502-8a89-3bdea0c89817,CalendarUpdateEvent,"[""title"",""date"",""time""]",Please move the dentist follow-up to tomorrow evening at 6:40.,"{""app"":""calendar"",""action"":""update_event"",""params"":{""title"":""dentist follow-up"",""date"":""2019-08-20"",""time"":""18:40:00""}}","Monday, 2019-08-19",22:33:49
1631,1d64de1e-6a55-5d6d-b3d2-410f2b8e4f9f,CalendarUpdateEvent,"[""title"",""date"",""time""]",Can you revise the quarterly budget review to May eighteenth at noon?,"{""app"":""calendar"",""action"":""update_event"",""params"":{""title"":""quarterly budget review"",""date"":""2026-05-18"",""time"":""12:00:00""}}","Thursday, 2026-05-14",11:40:29
1632,1d64de1e-6a55-5d6d-b3d2-410f2b8e4f9f,CalendarUpdateEvent,"[""title"",""date"",""time""]","Actually, push the quarterly budget review to the first of April at 2 p.m.","{""app"":""calendar"",""action"":""update_event"",""params"":{""title"":""quarterly budget review"",""date"":""2027-04-01"",""time"":""14:00:00""}}","Monday, 2027-03-29",15:14:31
1633,1d64de1e-6a55-5d6d-b3d2-410f2b8e4f9f,CalendarUpdateEvent,"[""title"",""date"",""time""]",Could you update the quarterly budget review for tomorrow at 7:05 in the morning?,"{""app"":""calendar"",""action"":""update_event"",""params"":{""title"":""quarterly budget review"",""date"":""2028-02-24"",""time"":""07:05:00""}}","Wednesday, 2028-02-23",07:35:43
1634,1d64de1e-6a55-5d6d-b3d2-410f2b8e4f9f,CalendarUpdateEvent,"[""title"",""date"",""time""]",Please move the quarterly budget review to August sixteenth at 4:15 p.m.,"{""app"":""calendar"",""action"":""update_event"",""params"":{""title"":""quarterly budget review"",""date"":""2029-08-16"",""time"":""16:15:00""}}","Tuesday, 2029-08-14",08:20:58
1635,1d64de1e-6a55-5d6d-b3d2-410f2b8e4f9f,CalendarUpdateEvent,"[""title"",""date"",""time""]","Hey, change the quarterly budget review to June seventh at 10:30 at night.","{""app"":""calendar"",""action"":""update_event"",""params"":{""title"":""quarterly budget review"",""date"":""2030-06-07"",""time"":""22:30:00""}}","Wednesday, 2030-06-05",23:25:51
1636,aaec1a93-2949-531b-a2a8-9e5923cbec2e,CalendarUpdateEvent,"[""title"",""date"",""time""]",hey can you move the road trip kickoff to September third at 9 in the morning?,"{""app"":""calendar"",""action"":""update_event"",""params"":{""title"":""road trip kickoff"",""date"":""1991-09-03"",""time"":""09:00:00""}}","Sunday, 1991-09-01",18:27:13
1637,aaec1a93-2949-531b-a2a8-9e5923cbec2e,CalendarUpdateEvent,"[""title"",""date"",""time""]",please update the road trip kickoff to September fifth at 2:15 in the afternoon.,"{""app"":""calendar"",""action"":""update_event"",""params"":{""title"":""road trip kickoff"",""date"":""1994-09-05"",""time"":""14:15:00""}}","Monday, 1994-05-16",00:42:19
1638,aaec1a93-2949-531b-a2a8-9e5923cbec2e,CalendarUpdateEvent,"[""title"",""date"",""time""]",could you shift the road trip kickoff to tomorrow at 8:30 in the evening?,"{""app"":""calendar"",""action"":""update_event"",""params"":{""title"":""road trip kickoff"",""date"":""1997-02-19"",""time"":""20:30:00""}}","Tuesday, 1997-02-18",08:09:31
1639,aaec1a93-2949-531b-a2a8-9e5923cbec2e,CalendarUpdateEvent,"[""title"",""date"",""time""]",just bump the road trip kickoff over to April fourteenth at 11:45 in the morning.,"{""app"":""calendar"",""action"":""update_event"",""params"":{""title"":""road trip kickoff"",""date"":""1998-04-14"",""time"":""11:45:00""}}","Sunday, 1998-04-12",12:50:29
1640,aaec1a93-2949-531b-a2a8-9e5923cbec2e,CalendarUpdateEvent,"[""title"",""date"",""time""]",make the road trip kickoff happen on July tenth at 4 in the afternoon.,"{""app"":""calendar"",""action"":""update_event"",""params"":{""title"":""road trip kickoff"",""date"":""1998-07-10"",""time"":""16:00:00""}}","Wednesday, 1998-07-08",11:21:49
1641,aaec1a93-2949-531b-a2a8-9e5923cbec2e,CalendarUpdateEvent,"[""title"",""date"",""time""]","hey, change the road trip kickoff to Friday at 7:20 in the morning.","{""app"":""calendar"",""action"":""update_event"",""params"":{""title"":""road trip kickoff"",""date"":""1999-08-27"",""time"":""07:20:00""}}","Wednesday, 1999-08-25",02:27:00
1642,aaec1a93-2949-531b-a2a8-9e5923cbec2e,CalendarUpdateEvent,"[""title"",""date"",""time""]",can you reschedule the road trip kickoff for July eleventh at noon?,"{""app"":""calendar"",""action"":""update_event"",""params"":{""title"":""road trip kickoff"",""date"":""2000-07-11"",""time"":""12:00:00""}}","Sunday, 2000-07-09",13:43:25
1643,aaec1a93-2949-531b-a2a8-9e5923cbec2e,CalendarUpdateEvent,"[""title"",""date"",""time""]","move the road trip kickoff to October sixth at 6:45 in the evening, if you don't mind.","{""app"":""calendar"",""action"":""update_event"",""params"":{""title"":""road trip kickoff"",""date"":""2000-10-06"",""time"":""18:45:00""}}","Wednesday, 2000-10-04",20:05:46
1644,aaec1a93-2949-531b-a2a8-9e5923cbec2e,CalendarUpdateEvent,"[""title"",""date"",""time""]",don't forget to update the road trip kickoff to February thirtieth at 10:10 at night.,"{""app"":""calendar"",""action"":""update_event"",""params"":{""title"":""road trip kickoff"",""date"":""2004-03-01"",""time"":""22:10:00""}}","Sunday, 2004-02-29",19:10:16
1645,aaec1a93-2949-531b-a2a8-9e5923cbec2e,CalendarUpdateEvent,"[""title"",""date"",""time""]","hey, switch the road trip kickoff to November twelfth at 3:05 in the afternoon.","{""app"":""calendar"",""action"":""update_event"",""params"":{""title"":""road trip kickoff"",""date"":""2019-11-12"",""time"":""15:05:00""}}","Sunday, 2019-11-10",01:07:14
1646,aaec1a93-2949-531b-a2a8-9e5923cbec2e,CalendarUpdateEvent,"[""title"",""date"",""time""]",please nudge the road trip kickoff to Wednesday at 1:30 in the afternoon.,"{""app"":""calendar"",""action"":""update_event"",""params"":{""title"":""road trip kickoff"",""date"":""2021-07-21"",""time"":""13:30:00""}}","Monday, 2021-07-19",19:06:49
1647,aaec1a93-2949-531b-a2a8-9e5923cbec2e,CalendarUpdateEvent,"[""title"",""date"",""time""]",could you update the road trip kickoff for next Monday at 8 in the morning?,"{""app"":""calendar"",""action"":""update_event"",""params"":{""title"":""road trip kickoff"",""date"":""2024-09-16"",""time"":""08:00:00""}}","Friday, 2024-09-13",05:45:31
1648,aaec1a93-2949-531b-a2a8-9e5923cbec2e,CalendarUpdateEvent,"[""title"",""date"",""time""]",change the road trip kickoff to November fifth at 5:40 in the evening.,"{""app"":""calendar"",""action"":""update_event"",""params"":{""title"":""road trip kickoff"",""date"":""2024-11-05"",""time"":""17:40:00""}}","Sunday, 2024-11-03",12:51:32
1649,aaec1a93-2949-531b-a2a8-9e5923cbec2e,CalendarUpdateEvent,"[""title"",""date"",""time""]",hey can you move the road trip kickoff to March twenty-ninth at 9:15 in the morning?,"{""app"":""calendar"",""action"":""update_event"",""params"":{""title"":""road trip kickoff"",""date"":""2026-03-29"",""time"":""09:15:00""}}","Friday, 2026-03-27",18:49:14
1650,aaec1a93-2949-531b-a2a8-9e5923cbec2e,CalendarUpdateEvent,"[""title"",""date"",""time""]",please push the road trip kickoff to September twentieth at 2:50 in the afternoon.,"{""app"":""calendar"",""action"":""update_event"",""params"":{""title"":""road trip kickoff"",""date"":""2027-09-20"",""time"":""14:50:00""}}","Saturday, 2027-09-18",15:35:16
1651,b76981e7-ccb6-5a50-8c2d-8b355505af79,CalendarUpdateEvent,"[""title"",""date"",""time"",""location""]","hey can you tweak the 'brunch with Lena' thing to next Tuesday at 11 in the morning, and put it at the little cafe on Pine","{""app"":""calendar"",""action"":""update_event"",""params"":{""title"":""brunch with Lena"",""date"":""1993-12-14"",""time"":""11:00:00"",""location"":""the little cafe on Pine""}}","Friday, 1993-12-10",01:31:26
1652,b76981e7-ccb6-5a50-8c2d-8b355505af79,CalendarUpdateEvent,"[""title"",""date"",""time"",""location""]","could you shift my 'brunch with Lena' event to next Tuesday morning at 11am, same cafe if possible","{""app"":""calendar"",""action"":""update_event"",""params"":{""title"":""brunch with Lena"",""date"":""1994-08-16"",""time"":""11:00:00"",""location"":""the little cafe on Pine""}}","Monday, 1994-08-08",18:33:27
1653,b76981e7-ccb6-5a50-8c2d-8b355505af79,CalendarUpdateEvent,"[""title"",""date"",""time"",""location""]","make the 'brunch with Lena' calendar thing next Tuesday at eleven a.m., over at the little cafe on Pine","{""app"":""calendar"",""action"":""update_event"",""params"":{""title"":""brunch with Lena"",""date"":""1999-01-12"",""time"":""11:00:00"",""location"":""the little cafe on Pine""}}","Thursday, 1999-01-07",06:31:39
1654,b76981e7-ccb6-5a50-8c2d-8b355505af79,CalendarUpdateEvent,"[""title"",""date"",""time"",""location""]","yo, update 'brunch with Lena' for next Tuesday at 11 in the morning and keep it at the cafe on Pine","{""app"":""calendar"",""action"":""update_event"",""params"":{""title"":""brunch with Lena"",""date"":""1999-11-09"",""time"":""11:00:00"",""location"":""the little cafe on Pine""}}","Monday, 1999-11-01",14:54:43
1655,b76981e7-ccb6-5a50-8c2d-8b355505af79,CalendarUpdateEvent,"[""title"",""date"",""time"",""location""]","hey, can you move 'brunch with Lena' to next Tuesday at 11am and add that it's at the little cafe on Pine","{""app"":""calendar"",""action"":""update_event"",""params"":{""title"":""brunch with Lena"",""date"":""2007-04-10"",""time"":""11:00:00"",""location"":""the little cafe on Pine""}}","Wednesday, 2007-04-04",10:49:43
1656,b76981e7-ccb6-5a50-8c2d-8b355505af79,CalendarUpdateEvent,"[""title"",""date"",""time"",""location""]","please revise 'brunch with Lena' to next Tuesday morning around 11, at the cafe on Pine","{""app"":""calendar"",""action"":""update_event"",""params"":{""title"":""brunch with Lena"",""date"":""2008-07-22"",""time"":""11:00:00"",""location"":""the little cafe on Pine""}}","Saturday, 2008-07-19",04:56:02
1657,b76981e7-ccb6-5a50-8c2d-8b355505af79,CalendarUpdateEvent,"[""title"",""date"",""time"",""location""]","can you nudge 'brunch with Lena' over to next Tuesday at eleven a.m., little cafe on Pine location","{""app"":""calendar"",""action"":""update_event"",""params"":{""title"":""brunch with Lena"",""date"":""2010-04-13"",""time"":""11:00:00"",""location"":""the little cafe on Pine""}}","Friday, 2010-04-09",12:35:32
1658,b76981e7-ccb6-5a50-8c2d-8b355505af79,CalendarUpdateEvent,"[""title"",""date"",""time"",""location""]","hey, change 'brunch with Lena' to next Tuesday at 11 in the morning, at the cafe on Pine","{""app"":""calendar"",""action"":""update_event"",""params"":{""title"":""brunch with Lena"",""date"":""2012-04-03"",""time"":""11:00:00"",""location"":""the little cafe on Pine""}}","Thursday, 2012-03-29",00:51:23
1659,b76981e7-ccb6-5a50-8c2d-8b355505af79,CalendarUpdateEvent,"[""title"",""date"",""time"",""location""]","could you update 'brunch with Lena' for next Tuesday 11am, and make the place the little cafe on Pine","{""app"":""calendar"",""action"":""update_event"",""params"":{""title"":""brunch with Lena"",""date"":""2013-01-15"",""time"":""11:00:00"",""location"":""the little cafe on Pine""}}","Sunday, 2013-01-13",14:49:24
1660,b76981e7-ccb6-5a50-8c2d-8b355505af79,CalendarUpdateEvent,"[""title"",""date"",""time"",""location""]","make sure 'brunch with Lena' is next Tuesday at eleven in the morning, at the cafe on Pine","{""app"":""calendar"",""action"":""update_event"",""params"":{""title"":""brunch with Lena"",""date"":""2017-10-10"",""time"":""11:00:00"",""location"":""the little cafe on Pine""}}","Wednesday, 2017-10-04",11:29:19
1661,b76981e7-ccb6-5a50-8c2d-8b355505af79,CalendarUpdateEvent,"[""title"",""date"",""time"",""location""]","hey, please fix 'brunch with Lena' to next Tuesday at 11am, little cafe on Pine and all","{""app"":""calendar"",""action"":""update_event"",""params"":{""title"":""brunch with Lena"",""date"":""2019-11-12"",""time"":""11:00:00"",""location"":""the little cafe on Pine""}}","Monday, 2019-11-11",08:48:11
1662,b76981e7-ccb6-5a50-8c2d-8b355505af79,CalendarUpdateEvent,"[""title"",""date"",""time"",""location""]","can you retime 'brunch with Lena' for next Tuesday morning at 11, over at the cafe on Pine","{""app"":""calendar"",""action"":""update_event"",""params"":{""title"":""brunch with Lena"",""date"":""2021-01-05"",""time"":""11:00:00"",""location"":""the little cafe on Pine""}}","Sunday, 2021-01-03",15:02:23
1663,b76981e7-ccb6-5a50-8c2d-8b355505af79,CalendarUpdateEvent,"[""title"",""date"",""time"",""location""]","update 'brunch with Lena' to next Tuesday at eleven a.m., at the little cafe on Pine","{""app"":""calendar"",""action"":""update_event"",""params"":{""title"":""brunch with Lena"",""date"":""2022-04-19"",""time"":""11:00:00"",""location"":""the little cafe on Pine""}}","Monday, 2022-04-18",10:53:27
1664,b76981e7-ccb6-5a50-8c2d-8b355505af79,CalendarUpdateEvent,"[""title"",""date"",""time"",""location""]","hey, swap 'brunch with Lena' to next Tuesday at 11 in the morning, cafe on Pine location","{""app"":""calendar"",""action"":""update_event"",""params"":{""title"":""brunch with Lena"",""date"":""2024-01-09"",""time"":""11:00:00"",""location"":""the little cafe on Pine""}}","Sunday, 2024-01-07",15:34:47
1665,b76981e7-ccb6-5a50-8c2d-8b355505af79,CalendarUpdateEvent,"[""title"",""date"",""time"",""location""]",could you move 'brunch with Lena' to next Tuesday at 11am and set it for the little cafe on Pine,"{""app"":""calendar"",""action"":""update_event"",""params"":{""title"":""brunch with Lena"",""date"":""2026-06-09"",""time"":""11:00:00"",""location"":""the little cafe on Pine""}}","Sunday, 2026-06-07",14:25:55
1666,a20a6cd5-604a-57d9-a936-e1b9f4683928,CalendarUpdateEvent,"[""title"",""date"",""time""]",Could you update the hiking trip to June fifth at 7:00 in the evening?,"{""app"":""calendar"",""action"":""update_event"",""params"":{""title"":""hiking trip"",""date"":""1990-06-05"",""time"":""19:00:00""}}","Monday, 1990-06-04",19:53:20
1667,a20a6cd5-604a-57d9-a936-e1b9f4683928,CalendarUpdateEvent,"[""title"",""date"",""time""]",Please change the hiking trip to January thirty-first at 3:15 in the afternoon.,"{""app"":""calendar"",""action"":""update_event"",""params"":{""title"":""hiking trip"",""date"":""1992-01-31"",""time"":""15:15:00""}}","Thursday, 1992-01-30",15:33:22
1668,a20a6cd5-604a-57d9-a936-e1b9f4683928,CalendarUpdateEvent,"[""title"",""date"",""time""]",Can you move the hiking trip to tomorrow morning at 9:00?,"{""app"":""calendar"",""action"":""update_event"",""params"":{""title"":""hiking trip"",""date"":""1995-01-01"",""time"":""09:00:00""}}","Saturday, 1994-12-31",20:57:10
1669,a20a6cd5-604a-57d9-a936-e1b9f4683928,CalendarUpdateEvent,"[""title"",""date"",""time""]","Actually, make the hiking trip on November twentieth at half past six.","{""app"":""calendar"",""action"":""update_event"",""params"":{""title"":""hiking trip"",""date"":""1996-11-20"",""time"":""18:30:00""}}","Tuesday, 1996-11-19",17:53:07
1670,a20a6cd5-604a-57d9-a936-e1b9f4683928,CalendarUpdateEvent,"[""title"",""date"",""time""]",Update the hiking trip for July tenth at 8:45 in the morning.,"{""app"":""calendar"",""action"":""update_event"",""params"":{""title"":""hiking trip"",""date"":""1997-07-10"",""time"":""08:45:00""}}","Wednesday, 1997-07-09",18:59:16
1671,c835c92d-1dd8-5d09-acc4-65b707db0daf,CalendarUpdateEvent,"[""title"",""date"",""time""]",Could you adjust the pottery class to next Friday at 5 in the morning?,"{""app"":""calendar"",""action"":""update_event"",""params"":{""title"":""pottery class"",""date"":""2003-08-29"",""time"":""05:00:00""}}","Friday, 2003-08-22",05:03:09
1672,c835c92d-1dd8-5d09-acc4-65b707db0daf,CalendarUpdateEvent,"[""title"",""date"",""time""]",Please shift the pottery class to March twelfth at 10:30 at night.,"{""app"":""calendar"",""action"":""update_event"",""params"":{""title"":""pottery class"",""date"":""2005-03-12"",""time"":""22:30:00""}}","Friday, 2005-03-11",22:14:53
1673,c835c92d-1dd8-5d09-acc4-65b707db0daf,CalendarUpdateEvent,"[""title"",""date"",""time""]",I need the pottery class updated to September twenty-eighth at 2:00 in the afternoon.,"{""app"":""calendar"",""action"":""update_event"",""params"":{""title"":""pottery class"",""date"":""2011-09-28"",""time"":""14:00:00""}}","Tuesday, 2011-09-27",21:12:02
1674,c835c92d-1dd8-5d09-acc4-65b707db0daf,CalendarUpdateEvent,"[""title"",""date"",""time""]",Can we change the pottery class to tomorrow at 11:15 a.m.?,"{""app"":""calendar"",""action"":""update_event"",""params"":{""title"":""pottery class"",""date"":""2014-04-23"",""time"":""11:15:00""}}","Tuesday, 2014-04-22",16:27:01
1675,c835c92d-1dd8-5d09-acc4-65b707db0daf,CalendarUpdateEvent,"[""title"",""date"",""time""]","Actually, move the pottery class to November eighth at 6:40 in the evening.","{""app"":""calendar"",""action"":""update_event"",""params"":{""title"":""pottery class"",""date"":""2014-11-08"",""time"":""18:40:00""}}","Friday, 2014-11-07",19:47:27
1676,106d4481-875d-5a6c-9cef-c632edd4e9d5,CalendarUpdateEvent,"[""title"",""date"",""time""]",Please update the tax workshop to tomorrow morning at 8:00.,"{""app"":""calendar"",""action"":""update_event"",""params"":{""title"":""tax workshop"",""date"":""2018-05-29"",""time"":""08:00:00""}}","Monday, 2018-05-28",09:51:14
1677,106d4481-875d-5a6c-9cef-c632edd4e9d5,CalendarUpdateEvent,"[""title"",""date"",""time""]",Could you move the tax workshop to November nineteenth at 1:20 in the afternoon?,"{""app"":""calendar"",""action"":""update_event"",""params"":{""title"":""tax workshop"",""date"":""2021-11-19"",""time"":""13:20:00""}}","Thursday, 2021-11-18",11:46:16
1678,106d4481-875d-5a6c-9cef-c632edd4e9d5,CalendarUpdateEvent,"[""title"",""date"",""time""]",I need the tax workshop changed to Monday the twentieth of July at 4:10 p.m.,"{""app"":""calendar"",""action"":""update_event"",""params"":{""title"":""tax workshop"",""date"":""2026-07-20"",""time"":""16:10:00""}}","Saturday, 2026-07-18",10:55:11
1679,106d4481-875d-5a6c-9cef-c632edd4e9d5,CalendarUpdateEvent,"[""title"",""date"",""time""]",Let's update the tax workshop to July eighteenth at 9:35 in the evening.,"{""app"":""calendar"",""action"":""update_event"",""params"":{""title"":""tax workshop"",""date"":""2029-07-18"",""time"":""21:35:00""}}","Tuesday, 2029-07-17",19:27:42
1680,106d4481-875d-5a6c-9cef-c632edd4e9d5,CalendarUpdateEvent,"[""title"",""date"",""time""]","Actually, move the tax workshop to May twelfth at 6:15 in the morning.","{""app"":""calendar"",""action"":""update_event"",""params"":{""title"":""tax workshop"",""date"":""2030-05-12"",""time"":""06:15:00""}}","Saturday, 2030-05-11",06:25:27
1681,db89b6b2-3dee-5a8b-988a-1b1a26fd2f44,CalendarUpdateEvent,"[""title"",""date"",""time""]","Please update the event titled ""Quarterly review"" to next Monday at 9 in the morning.","{""app"":""calendar"",""action"":""update_event"",""params"":{""title"":""Quarterly review"",""date"":""1990-12-24"",""time"":""09:00:00""}}","Sunday, 1990-12-23",02:00:34
1682,db89b6b2-3dee-5a8b-988a-1b1a26fd2f44,CalendarUpdateEvent,"[""title"",""date"",""time""]","Could you kindly move the ""Quarterly review"" meeting to Tuesday at 2:30 in the afternoon?","{""app"":""calendar"",""action"":""update_event"",""params"":{""title"":""Quarterly review"",""date"":""1994-04-05"",""time"":""14:30:00""}}","Friday, 1994-04-01",20:37:40
1683,db89b6b2-3dee-5a8b-988a-1b1a26fd2f44,CalendarUpdateEvent,"[""title"",""date"",""time""]","I would appreciate it if you could change ""Quarterly review"" to this Friday at half past four.","{""app"":""calendar"",""action"":""update_event"",""params"":{""title"":""Quarterly review"",""date"":""1996-09-27"",""time"":""16:30:00""}}","Friday, 1996-09-27",10:54:37
1684,db89b6b2-3dee-5a8b-988a-1b1a26fd2f44,CalendarUpdateEvent,"[""title"",""date"",""time""]","Please revise the ""Quarterly review"" event for tomorrow evening at 6:15.","{""app"":""calendar"",""action"":""update_event"",""params"":{""title"":""Quarterly review"",""date"":""2005-01-03"",""time"":""18:15:00""}}","Sunday, 2005-01-02",10:56:28
1685,db89b6b2-3dee-5a8b-988a-1b1a26fd2f44,CalendarUpdateEvent,"[""title"",""date"",""time""]","Kindly update ""Quarterly review"" to Tuesday morning at 8 o'clock.","{""app"":""calendar"",""action"":""update_event"",""params"":{""title"":""Quarterly review"",""date"":""2008-12-30"",""time"":""08:00:00""}}","Saturday, 2008-12-27",18:40:30
1686,f9c939d1-40d3-5f76-9c38-9baf63946b7c,CalendarUpdateEvent,"[""title"",""date"",""time""]","Could you please shift the ""Architect interview"" event to later today at 1:45 p.m.?","{""app"":""calendar"",""action"":""update_event"",""params"":{""title"":""Architect interview"",""date"":""2013-02-15"",""time"":""13:45:00""}}","Friday, 2013-02-15",09:13:59
1687,f9c939d1-40d3-5f76-9c38-9baf63946b7c,CalendarUpdateEvent,"[""title"",""date"",""time""]","Please adjust the ""Architect interview"" to next Thursday at 11 in the morning.","{""app"":""calendar"",""action"":""update_event"",""params"":{""title"":""Architect interview"",""date"":""2015-12-17"",""time"":""11:00:00""}}","Thursday, 2015-12-10",11:11:54
1688,f9c939d1-40d3-5f76-9c38-9baf63946b7c,CalendarUpdateEvent,"[""title"",""date"",""time""]","I need the ""Architect interview"" updated for Friday at 4 p.m.","{""app"":""calendar"",""action"":""update_event"",""params"":{""title"":""Architect interview"",""date"":""2020-10-23"",""time"":""16:00:00""}}","Tuesday, 2020-10-20",00:24:58
1689,f9c939d1-40d3-5f76-9c38-9baf63946b7c,CalendarUpdateEvent,"[""title"",""date"",""time""]","Would you kindly reschedule ""Architect interview"" to this evening at 7:20?","{""app"":""calendar"",""action"":""update_event"",""params"":{""title"":""Architect interview"",""date"":""2025-07-24"",""time"":""19:20:00""}}","Thursday, 2025-07-24",19:13:06
1690,f9c939d1-40d3-5f76-9c38-9baf63946b7c,CalendarUpdateEvent,"[""title"",""date"",""time""]","Please move the ""Architect interview"" event to tomorrow afternoon at 3:10.","{""app"":""calendar"",""action"":""update_event"",""params"":{""title"":""Architect interview"",""date"":""2027-11-17"",""time"":""15:10:00""}}","Tuesday, 2027-11-16",09:59:01
1691,dd308218-d2c4-57cc-b2b7-16cc2118eb15,CalendarUpdateEvent,"[""title"",""date"",""time""]","Update ""Riverside hike"" so it takes place on Thursday at 6:30 a.m.","{""app"":""calendar"",""action"":""update_event"",""params"":{""title"":""Riverside hike"",""date"":""2028-02-17"",""time"":""06:30:00""}}","Tuesday, 2028-02-15",05:48:20
1692,dd308218-d2c4-57cc-b2b7-16cc2118eb15,CalendarUpdateEvent,"[""title"",""date"",""time""]","Could you please change ""Riverside hike"" to next Saturday at 10 in the morning?","{""app"":""calendar"",""action"":""update_event"",""params"":{""title"":""Riverside hike"",""date"":""2028-07-01"",""time"":""10:00:00""}}","Friday, 2028-06-30",21:06:31
1693,dd308218-d2c4-57cc-b2b7-16cc2118eb15,CalendarUpdateEvent,"[""title"",""date"",""time""]","I would like the ""Riverside hike"" event moved to Sunday at 5 p.m.","{""app"":""calendar"",""action"":""update_event"",""params"":{""title"":""Riverside hike"",""date"":""2028-10-29"",""time"":""17:00:00""}}","Friday, 2028-10-27",01:08:51
1694,dd308218-d2c4-57cc-b2b7-16cc2118eb15,CalendarUpdateEvent,"[""title"",""date"",""time""]","Please revise ""Riverside hike"" for tomorrow at 7:15 in the morning.","{""app"":""calendar"",""action"":""update_event"",""params"":{""title"":""Riverside hike"",""date"":""2030-05-17"",""time"":""07:15:00""}}","Thursday, 2030-05-16",17:57:39
1695,dd308218-d2c4-57cc-b2b7-16cc2118eb15,CalendarUpdateEvent,"[""title"",""date"",""time""]","Kindly update the ""Riverside hike"" appointment to Friday at 2:05 p.m.","{""app"":""calendar"",""action"":""update_event"",""params"":{""title"":""Riverside hike"",""date"":""2030-11-15"",""time"":""14:05:00""}}","Sunday, 2030-11-10",07:22:27
1696,aad2d16a-0c98-5eef-93cc-a4be0adfb652,CalendarUpdateEvent,"[""title"",""date"",""time""]","hey can you update the hiking club thing to Thursday, May twenty-ninth at 7:15 in the evening?","{""app"":""calendar"",""action"":""update_event"",""params"":{""title"":""hiking club"",""date"":""1997-05-29"",""time"":""19:15:00""}}","Thursday, 1997-05-22",18:36:53
1697,c835c92d-1dd8-5d09-acc4-65b707db0daf,CalendarUpdateEvent,"[""title"",""date"",""time""]","could you please shift the pottery class to Friday, April twenty-fourth at 2:30 in the afternoon?","{""app"":""calendar"",""action"":""update_event"",""params"":{""title"":""pottery class"",""date"":""1998-04-24"",""time"":""14:30:00""}}","Wednesday, 1998-04-22",14:58:24
1698,47c25ecf-c47c-5ce2-ba65-c2b987e98a32,CalendarUpdateEvent,"[""title"",""date"",""time""]","just move the chess night event to next Saturday at 6 pm, would ya?","{""app"":""calendar"",""action"":""update_event"",""params"":{""title"":""chess night"",""date"":""1999-05-29"",""time"":""18:00:00""}}","Saturday, 1999-05-22",09:44:03
1699,d77160c8-ae65-5502-8a89-3bdea0c89817,CalendarUpdateEvent,"[""title"",""date"",""time""]",can you change the dentist follow-up to the first of September at 9:10 in the morning?,"{""app"":""calendar"",""action"":""update_event"",""params"":{""title"":""dentist follow-up"",""date"":""2003-09-01"",""time"":""09:10:00""}}","Wednesday, 2003-08-27",12:13:14
1700,4b01d88d-0380-583e-bc76-a58e56e3c470,CalendarUpdateEvent,"[""title"",""date"",""time""]","hey, update the rent review to next Tuesday at half past ten.","{""app"":""calendar"",""action"":""update_event"",""params"":{""title"":""rent review"",""date"":""2004-10-12"",""time"":""10:30:00""}}","Monday, 2004-10-11",08:02:13
1701,72a74d10-5188-56b0-98d4-20274002d6bd,CalendarUpdateEvent,"[""title"",""date"",""time""]",please move the flight check in to January fifteenth at 8:45 pm.,"{""app"":""calendar"",""action"":""update_event"",""params"":{""title"":""flight check in"",""date"":""2008-01-15"",""time"":""20:45:00""}}","Sunday, 2008-01-13",22:10:49
1702,8b832252-dbe3-5e2e-8457-79686473dc03,CalendarUpdateEvent,"[""title"",""date"",""time""]","don't forget, tweak the piano lesson for Monday, March twelfth at 4 in the afternoon.","{""app"":""calendar"",""action"":""update_event"",""params"":{""title"":""piano lesson"",""date"":""2012-03-12"",""time"":""16:00:00""}}","Saturday, 2012-03-10",18:59:43
1703,394b4ad0-680a-5709-a36f-087f754f9bcb,CalendarUpdateEvent,"[""title"",""date"",""time""]","could you switch the garden club meetup to Tuesday, June fifth at 7:05 in the morning?","{""app"":""calendar"",""action"":""update_event"",""params"":{""title"":""garden club meetup"",""date"":""2012-06-05"",""time"":""07:05:00""}}","Sunday, 2012-06-03",07:56:26
1704,73e18ddf-b5bd-5d46-95b6-0dff6e5e85a4,CalendarUpdateEvent,"[""title"",""date"",""time""]","hey can you update the tax appointment to Wednesday, April sixth at 11:20 am?","{""app"":""calendar"",""action"":""update_event"",""params"":{""title"":""tax appointment"",""date"":""2016-04-06"",""time"":""11:20:00""}}","Monday, 2016-04-04",09:33:44
1705,3125271a-b521-53ed-8fbe-cea5c7b5174c,CalendarUpdateEvent,"[""title"",""date"",""time""]","move the movie night to Thursday, June twenty-ninth at 8:15 at night.","{""app"":""calendar"",""action"":""update_event"",""params"":{""title"":""movie night"",""date"":""2017-06-29"",""time"":""20:15:00""}}","Sunday, 2017-06-25",07:50:41
1706,df8be606-a6bb-51c0-9583-202186b88ace,CalendarUpdateEvent,"[""title"",""date"",""time""]","can you change the science fair prep to Friday, March twenty-ninth at 13:40?","{""app"":""calendar"",""action"":""update_event"",""params"":{""title"":""science fair prep"",""date"":""2019-03-29"",""time"":""13:40:00""}}","Wednesday, 2019-03-27",15:18:26
1707,b7566364-6f29-52ca-8f9a-f2239daba776,CalendarUpdateEvent,"[""title"",""date"",""time""]","please update the roof inspection for tomorrow at 6:10 in the morning, yeah?","{""app"":""calendar"",""action"":""update_event"",""params"":{""title"":""roof inspection"",""date"":""2019-03-29"",""time"":""06:10:00""}}","Thursday, 2019-03-28",05:06:43
1708,da2ac8bf-6d59-503b-a214-acb21d87e03a,CalendarUpdateEvent,"[""title"",""date"",""time""]","hey, shift the salsa night to this Friday at 9 pm.","{""app"":""calendar"",""action"":""update_event"",""params"":{""title"":""salsa night"",""date"":""2019-07-12"",""time"":""21:00:00""}}","Monday, 2019-07-08",21:46:31
1709,afde2d44-c68e-5627-9d18-1b12006a4c37,CalendarUpdateEvent,"[""title"",""date"",""time""]",can you make the kayak rental booking for next Friday at 3:25 in the afternoon?,"{""app"":""calendar"",""action"":""update_event"",""params"":{""title"":""kayak rental booking"",""date"":""2022-08-12"",""time"":""15:25:00""}}","Tuesday, 2022-08-09",21:47:26
1710,1fb8d18d-92f3-5823-aa3f-0331908e51d6,CalendarUpdateEvent,"[""title"",""date"",""time""]","forget the old time, update the holiday brunch to December twenty-second at 10:00 in the morning.","{""app"":""calendar"",""action"":""update_event"",""params"":{""title"":""holiday brunch"",""date"":""2022-12-22"",""time"":""10:00:00""}}","Tuesday, 2022-12-20",01:20:30
1711,e24b4a27-cdf5-58fb-ac11-456c7349a3f7,CalendarUpdateEvent,"[""title"",""date"",""time""]",Can you move the museum review meeting to May seventeenth at 10:00 in the morning?,"{""app"":""calendar"",""action"":""update_event"",""params"":{""title"":""museum review meeting"",""date"":""1993-05-17"",""time"":""10:00:00""}}","Saturday, 1993-05-15",04:13:27
1712,e24b4a27-cdf5-58fb-ac11-456c7349a3f7,CalendarUpdateEvent,"[""title"",""date"",""time""]",Please update the museum review meeting to May eighteenth at 2:30 in the afternoon.,"{""app"":""calendar"",""action"":""update_event"",""params"":{""title"":""museum review meeting"",""date"":""1996-10-18"",""time"":""14:30:00""}}","Friday, 1996-10-11",09:51:15
1713,e24b4a27-cdf5-58fb-ac11-456c7349a3f7,CalendarUpdateEvent,"[""title"",""date"",""time""]","Actually, shift the museum review meeting to June twenty-first at 9:15 a.m.","{""app"":""calendar"",""action"":""update_event"",""params"":{""title"":""museum review meeting"",""date"":""2000-06-21"",""time"":""09:15:00""}}","Monday, 2000-06-19",03:10:59
1714,e24b4a27-cdf5-58fb-ac11-456c7349a3f7,CalendarUpdateEvent,"[""title"",""date"",""time""]",Could you change the museum review meeting to the fifteenth of September at 16:00?,"{""app"":""calendar"",""action"":""update_event"",""params"":{""title"":""museum review meeting"",""date"":""2000-09-15"",""time"":""16:00:00""}}","Wednesday, 2000-09-13",07:42:06
1715,e24b4a27-cdf5-58fb-ac11-456c7349a3f7,CalendarUpdateEvent,"[""title"",""date"",""time""]",I need the museum review meeting pushed to August fifteenth at 11:45 in the morning.,"{""app"":""calendar"",""action"":""update_event"",""params"":{""title"":""museum review meeting"",""date"":""2007-08-15"",""time"":""11:45:00""}}","Sunday, 2007-08-12",09:03:15
1716,e24b4a27-cdf5-58fb-ac11-456c7349a3f7,CalendarUpdateEvent,"[""title"",""date"",""time""]",Make sure the museum review meeting is updated to July second at 3:00 in the afternoon.,"{""app"":""calendar"",""action"":""update_event"",""params"":{""title"":""museum review meeting"",""date"":""2009-07-02"",""time"":""15:00:00""}}","Tuesday, 2009-06-30",09:16:07
1717,e24b4a27-cdf5-58fb-ac11-456c7349a3f7,CalendarUpdateEvent,"[""title"",""date"",""time""]",Let's move the museum review meeting to May eleventh at 08:20.,"{""app"":""calendar"",""action"":""update_event"",""params"":{""title"":""museum review meeting"",""date"":""2013-05-11"",""time"":""08:20:00""}}","Thursday, 2013-05-09",12:34:40
1718,e24b4a27-cdf5-58fb-ac11-456c7349a3f7,CalendarUpdateEvent,"[""title"",""date"",""time""]",Please reschedule the museum review meeting for May twenty-eighth at 1:10 in the afternoon.,"{""app"":""calendar"",""action"":""update_event"",""params"":{""title"":""museum review meeting"",""date"":""2013-05-28"",""time"":""13:10:00""}}","Sunday, 2013-05-26",16:43:33
1719,e24b4a27-cdf5-58fb-ac11-456c7349a3f7,CalendarUpdateEvent,"[""title"",""date"",""time""]",Can you bump the museum review meeting to October sixth at 4:30 p.m.?,"{""app"":""calendar"",""action"":""update_event"",""params"":{""title"":""museum review meeting"",""date"":""2015-10-06"",""time"":""16:30:00""}}","Sunday, 2015-10-04",15:04:21
1720,e24b4a27-cdf5-58fb-ac11-456c7349a3f7,CalendarUpdateEvent,"[""title"",""date"",""time""]",I’d like to adjust the museum review meeting to October ninth at 09:05.,"{""app"":""calendar"",""action"":""update_event"",""params"":{""title"":""museum review meeting"",""date"":""2017-10-09"",""time"":""09:05:00""}}","Friday, 2017-10-06",16:42:07
1721,e24b4a27-cdf5-58fb-ac11-456c7349a3f7,CalendarUpdateEvent,"[""title"",""date"",""time""]",Could you please update the museum review meeting to September fifteenth at 12:15 in the afternoon?,"{""app"":""calendar"",""action"":""update_event"",""params"":{""title"":""museum review meeting"",""date"":""2020-09-15"",""time"":""12:15:00""}}","Saturday, 2020-09-12",08:10:55
1722,e24b4a27-cdf5-58fb-ac11-456c7349a3f7,CalendarUpdateEvent,"[""title"",""date"",""time""]",Move the museum review meeting to March fifteenth at 10:40 a.m.,"{""app"":""calendar"",""action"":""update_event"",""params"":{""title"":""museum review meeting"",""date"":""2028-03-15"",""time"":""10:40:00""}}","Monday, 2028-03-13",06:36:12
1723,e24b4a27-cdf5-58fb-ac11-456c7349a3f7,CalendarUpdateEvent,"[""title"",""date"",""time""]",Please revise the museum review meeting to November eighteenth at 5:25 in the evening.,"{""app"":""calendar"",""action"":""update_event"",""params"":{""title"":""museum review meeting"",""date"":""2028-11-18"",""time"":""17:25:00""}}","Thursday, 2028-11-16",10:34:25
1724,e24b4a27-cdf5-58fb-ac11-456c7349a3f7,CalendarUpdateEvent,"[""title"",""date"",""time""]",Can we shift the museum review meeting to November twenty-eighth at 14:05?,"{""app"":""calendar"",""action"":""update_event"",""params"":{""title"":""museum review meeting"",""date"":""2029-11-28"",""time"":""14:05:00""}}","Monday, 2029-11-26",12:24:23
1725,e24b4a27-cdf5-58fb-ac11-456c7349a3f7,CalendarUpdateEvent,"[""title"",""date"",""time""]","Actually, update the museum review meeting for December thirtieth at 7:50 in the morning.","{""app"":""calendar"",""action"":""update_event"",""params"":{""title"":""museum review meeting"",""date"":""2029-12-30"",""time"":""07:50:00""}}","Friday, 2029-12-28",07:37:17
1726,6379f852-0762-520e-a7a6-cdc479dda384,CalendarUpdateEvent,"[""title"",""date"",""time""]","Could you update the team standup to Monday, September seventeenth at 9:15 in the morning?","{""app"":""calendar"",""action"":""update_event"",""params"":{""title"":""team standup"",""date"":""1990-09-17"",""time"":""09:15:00""}}","Monday, 1990-09-17",05:58:09
1727,6379f852-0762-520e-a7a6-cdc479dda384,CalendarUpdateEvent,"[""title"",""date"",""time""]","Actually, move the team standup to tomorrow at 8:45 in the morning.","{""app"":""calendar"",""action"":""update_event"",""params"":{""title"":""team standup"",""date"":""1991-07-31"",""time"":""08:45:00""}}","Tuesday, 1991-07-30",06:11:20
1728,6379f852-0762-520e-a7a6-cdc479dda384,CalendarUpdateEvent,"[""title"",""date"",""time""]","Please shift the team standup to Tuesday, November twelfth at 10:00 a.m.","{""app"":""calendar"",""action"":""update_event"",""params"":{""title"":""team standup"",""date"":""1996-11-12"",""time"":""10:00:00""}}","Saturday, 1996-11-09",17:57:15
1729,6379f852-0762-520e-a7a6-cdc479dda384,CalendarUpdateEvent,"[""title"",""date"",""time""]","Can you change the team standup to Friday, February fourteenth at half past two?","{""app"":""calendar"",""action"":""update_event"",""params"":{""title"":""team standup"",""date"":""1997-02-14"",""time"":""14:30:00""}}","Wednesday, 1997-02-12",14:31:02
1730,6379f852-0762-520e-a7a6-cdc479dda384,CalendarUpdateEvent,"[""title"",""date"",""time""]","I need the team standup updated to Monday, July nineteenth at 9 in the morning.","{""app"":""calendar"",""action"":""update_event"",""params"":{""title"":""team standup"",""date"":""2004-07-19"",""time"":""09:00:00""}}","Friday, 2004-07-16",13:57:46
1731,f94dbb8b-d0ff-5ab2-abe5-22ac20eeab1b,CalendarUpdateEvent,"[""title"",""date"",""time""]",Make the grocery run happen tomorrow evening at 6:20.,"{""app"":""calendar"",""action"":""update_event"",""params"":{""title"":""grocery run"",""date"":""2009-11-25"",""time"":""18:20:00""}}","Tuesday, 2009-11-24",22:19:20
1732,f94dbb8b-d0ff-5ab2-abe5-22ac20eeab1b,CalendarUpdateEvent,"[""title"",""date"",""time""]","Could you move the grocery run to Wednesday, July seventh at 5:15 in the afternoon?","{""app"":""calendar"",""action"":""update_event"",""params"":{""title"":""grocery run"",""date"":""2010-07-07"",""time"":""17:15:00""}}","Monday, 2010-07-05",10:48:41
1733,f94dbb8b-d0ff-5ab2-abe5-22ac20eeab1b,CalendarUpdateEvent,"[""title"",""date"",""time""]",Please update the grocery run for tomorrow at 10:30 a.m.,"{""app"":""calendar"",""action"":""update_event"",""params"":{""title"":""grocery run"",""date"":""2010-07-19"",""time"":""10:30:00""}}","Sunday, 2010-07-18",21:04:12
1734,f94dbb8b-d0ff-5ab2-abe5-22ac20eeab1b,CalendarUpdateEvent,"[""title"",""date"",""time""]","Can you reschedule the grocery run to Friday, November eleventh at 3 in the afternoon?","{""app"":""calendar"",""action"":""update_event"",""params"":{""title"":""grocery run"",""date"":""2011-11-11"",""time"":""15:00:00""}}","Thursday, 2011-11-10",01:08:02
1735,f94dbb8b-d0ff-5ab2-abe5-22ac20eeab1b,CalendarUpdateEvent,"[""title"",""date"",""time""]","Actually, shift the grocery run to the seventeenth of April at 7:45 in the evening.","{""app"":""calendar"",""action"":""update_event"",""params"":{""title"":""grocery run"",""date"":""2021-04-17"",""time"":""19:45:00""}}","Friday, 2021-04-16",22:07:36
1736,8b832252-dbe3-5e2e-8457-79686473dc03,CalendarUpdateEvent,"[""title"",""date"",""time""]",Please update the piano lesson to next Wednesday at 4:00 p.m.,"{""app"":""calendar"",""action"":""update_event"",""params"":{""title"":""piano lesson"",""date"":""2021-09-08"",""time"":""16:00:00""}}","Tuesday, 2021-09-07",07:17:57
1737,8b832252-dbe3-5e2e-8457-79686473dc03,CalendarUpdateEvent,"[""title"",""date"",""time""]","Could you move the piano lesson to Saturday, December eighteenth at 11:15 in the morning?","{""app"":""calendar"",""action"":""update_event"",""params"":{""title"":""piano lesson"",""date"":""2021-12-18"",""time"":""11:15:00""}}","Friday, 2021-12-17",15:09:36
1738,8b832252-dbe3-5e2e-8457-79686473dc03,CalendarUpdateEvent,"[""title"",""date"",""time""]","Actually, I need the piano lesson updated to tomorrow at 2:30 p.m.","{""app"":""calendar"",""action"":""update_event"",""params"":{""title"":""piano lesson"",""date"":""2022-07-10"",""time"":""14:30:00""}}","Saturday, 2022-07-09",14:06:46
1739,8b832252-dbe3-5e2e-8457-79686473dc03,CalendarUpdateEvent,"[""title"",""date"",""time""]","Can you change the piano lesson to Monday, April twenty-seventh at 9 in the morning?","{""app"":""calendar"",""action"":""update_event"",""params"":{""title"":""piano lesson"",""date"":""2026-04-27"",""time"":""09:00:00""}}","Friday, 2026-04-24",13:27:38
1740,8b832252-dbe3-5e2e-8457-79686473dc03,CalendarUpdateEvent,"[""title"",""date"",""time""]",Please reschedule the piano lesson for tomorrow at 6:05 in the evening.,"{""app"":""calendar"",""action"":""update_event"",""params"":{""title"":""piano lesson"",""date"":""2030-02-04"",""time"":""18:05:00""}}","Sunday, 2030-02-03",19:27:36
1741,0121f480-91a3-5b3a-9892-c2ed133d7dae,CalendarUpdateEvent,"[""title"",""date"",""time""]",I would appreciate it if you could update the board review to next Monday at half past nine in the morning.,"{""app"":""calendar"",""action"":""update_event"",""params"":{""title"":""board review"",""date"":""1991-05-06"",""time"":""09:30:00""}}","Saturday, 1991-05-04",05:32:56
1742,0121f480-91a3-5b3a-9892-c2ed133d7dae,CalendarUpdateEvent,"[""title"",""date"",""time""]","Please revise the board review appointment for this Tuesday at 4:15 p.m., if you could.","{""app"":""calendar"",""action"":""update_event"",""params"":{""title"":""board review"",""date"":""1992-11-17"",""time"":""16:15:00""}}","Sunday, 1992-11-15",06:44:19
1743,0121f480-91a3-5b3a-9892-c2ed133d7dae,CalendarUpdateEvent,"[""title"",""date"",""time""]",Could you please shift the board review to tomorrow morning at 8 o'clock?,"{""app"":""calendar"",""action"":""update_event"",""params"":{""title"":""board review"",""date"":""1994-02-27"",""time"":""08:00:00""}}","Saturday, 1994-02-26",10:37:51
1744,2e399813-1ec3-5631-827f-61ea9a5af9e1,CalendarUpdateEvent,"[""title"",""date"",""time""]",Kindly move the quarterly budget meeting to next Wednesday at 11:00 a.m.,"{""app"":""calendar"",""action"":""update_event"",""params"":{""title"":""quarterly budget meeting"",""date"":""2001-04-04"",""time"":""11:00:00""}}","Monday, 2001-04-02",23:22:59
1745,2e399813-1ec3-5631-827f-61ea9a5af9e1,CalendarUpdateEvent,"[""title"",""date"",""time""]","Please update the quarterly budget meeting to this afternoon at three fifteen, if that is possible.","{""app"":""calendar"",""action"":""update_event"",""params"":{""title"":""quarterly budget meeting"",""date"":""2001-05-03"",""time"":""15:15:00""}}","Thursday, 2001-05-03",02:17:00
1746,2e399813-1ec3-5631-827f-61ea9a5af9e1,CalendarUpdateEvent,"[""title"",""date"",""time""]",I need the quarterly budget meeting changed to Friday at 13:45.,"{""app"":""calendar"",""action"":""update_event"",""params"":{""title"":""quarterly budget meeting"",""date"":""2004-12-31"",""time"":""13:45:00""}}","Tuesday, 2004-12-28",06:41:06
1747,c835c92d-1dd8-5d09-acc4-65b707db0daf,CalendarUpdateEvent,"[""title"",""date"",""time""]",Would you kindly update the pottery class to later today at 6:30 p.m.?,"{""app"":""calendar"",""action"":""update_event"",""params"":{""title"":""pottery class"",""date"":""2007-12-07"",""time"":""18:30:00""}}","Friday, 2007-12-07",06:43:01
1748,c835c92d-1dd8-5d09-acc4-65b707db0daf,CalendarUpdateEvent,"[""title"",""date"",""time""]",Please adjust the pottery class to tomorrow at ten in the morning.,"{""app"":""calendar"",""action"":""update_event"",""params"":{""title"":""pottery class"",""date"":""2010-01-06"",""time"":""10:00:00""}}","Tuesday, 2010-01-05",15:26:44
1749,c835c92d-1dd8-5d09-acc4-65b707db0daf,CalendarUpdateEvent,"[""title"",""date"",""time""]",Could you move the pottery class to this Friday at 7:20 p.m.?,"{""app"":""calendar"",""action"":""update_event"",""params"":{""title"":""pottery class"",""date"":""2011-07-29"",""time"":""19:20:00""}}","Monday, 2011-07-25",23:29:50
1750,147a3a78-1896-5e77-9818-f136215a5dc9,CalendarUpdateEvent,"[""title"",""date"",""time""]",I would appreciate it if you could revise the wildlife survey to tomorrow at 2:00 p.m.,"{""app"":""calendar"",""action"":""update_event"",""params"":{""title"":""wildlife survey"",""date"":""2021-03-31"",""time"":""14:00:00""}}","Tuesday, 2021-03-30",12:50:20
1751,147a3a78-1896-5e77-9818-f136215a5dc9,CalendarUpdateEvent,"[""title"",""date"",""time""]",Please update the wildlife survey for the day after tomorrow at 09:10.,"{""app"":""calendar"",""action"":""update_event"",""params"":{""title"":""wildlife survey"",""date"":""2022-03-08"",""time"":""09:10:00""}}","Sunday, 2022-03-06",13:28:31
1752,147a3a78-1896-5e77-9818-f136215a5dc9,CalendarUpdateEvent,"[""title"",""date"",""time""]",Kindly shift the wildlife survey to tonight at quarter past eight.,"{""app"":""calendar"",""action"":""update_event"",""params"":{""title"":""wildlife survey"",""date"":""2023-06-18"",""time"":""20:15:00""}}","Sunday, 2023-06-18",00:16:33
1753,0bc8dce6-001d-5c71-8b81-71be2cd7dac3,CalendarUpdateEvent,"[""title"",""date"",""time""]",Please move the lighthouse inspection to next Monday at 5:50 p.m.,"{""app"":""calendar"",""action"":""update_event"",""params"":{""title"":""lighthouse inspection"",""date"":""2028-12-04"",""time"":""17:50:00""}}","Friday, 2028-12-01",07:40:36
1754,0bc8dce6-001d-5c71-8b81-71be2cd7dac3,CalendarUpdateEvent,"[""title"",""date"",""time""]",I need the lighthouse inspection updated to this Wednesday at 08:05.,"{""app"":""calendar"",""action"":""update_event"",""params"":{""title"":""lighthouse inspection"",""date"":""2029-03-07"",""time"":""08:05:00""}}","Sunday, 2029-03-04",04:38:08
1755,0bc8dce6-001d-5c71-8b81-71be2cd7dac3,CalendarUpdateEvent,"[""title"",""date"",""time""]",Would you please adjust the lighthouse inspection to tomorrow at 1:30 p.m.?,"{""app"":""calendar"",""action"":""update_event"",""params"":{""title"":""lighthouse inspection"",""date"":""2030-08-27"",""time"":""13:30:00""}}","Monday, 2030-08-26",07:43:59
1756,4aaab73e-c59f-5713-ae00-124ad18fcc03,CalendarReadEvent,"[""date""]","Please read the event for this evening, the one about the museum fundraiser dinner, if it is on the calendar.","{""app"":""calendar"",""action"":""read_event"",""params"":{""date"":""1990-10-24""}}","Wednesday, 1990-10-24",01:32:01
1757,3df9d936-f4c9-5399-b571-506e87a2591b,CalendarReadEvent,"[""date""]",Could you kindly check the calendar entry for tomorrow morning concerning the violin rehearsal?,"{""app"":""calendar"",""action"":""read_event"",""params"":{""date"":""1991-05-30""}}","Wednesday, 1991-05-29",18:20:09
1758,82a69c3d-1b35-52f4-90d4-f9d04ae6f318,CalendarReadEvent,"[""title""]",I would appreciate it if you could show me the event titled autumn garden tour.,"{""app"":""calendar"",""action"":""read_event"",""params"":{""title"":""autumn garden tour""}}","Saturday, 1991-10-05",04:33:38
1759,cd487bcf-cd7c-5b1f-ad7b-add27e131510,CalendarReadEvent,"[""date""]","Please look up the calendar item for next Monday afternoon, the community theater audition.","{""app"":""calendar"",""action"":""read_event"",""params"":{""date"":""1993-10-04""}}","Wednesday, 1993-09-29",19:46:56
1760,5d6493e6-0c0f-52b5-af1e-6cce4f3e59d1,CalendarReadEvent,"[""title""]",Would you kindly retrieve the event named quarterly tax review?,"{""app"":""calendar"",""action"":""read_event"",""params"":{""title"":""quarterly tax review""}}","Thursday, 1994-03-24",18:32:31
1761,53e9ff22-fbc8-5930-90b1-ce1a9bf552db,CalendarReadEvent,"[""date""]","Please check the appointment for Friday, the one labeled roof inspection.","{""app"":""calendar"",""action"":""read_event"",""params"":{""date"":""1996-04-12""}}","Friday, 1996-04-12",07:55:33
1762,b60adf32-76c8-546d-b1c8-d367869c6d5e,CalendarReadEvent,"[""date""]","Could you please find the event for next Tuesday, the pottery workshop in the evening?","{""app"":""calendar"",""action"":""read_event"",""params"":{""date"":""2011-07-05""}}","Friday, 2011-07-01",17:16:12
1763,8871ed45-db34-5814-8e54-b9484ebff2bf,CalendarReadEvent,"[""date""]","I need you to read the calendar entry for this afternoon, the one about the lighthouse presentation.","{""app"":""calendar"",""action"":""read_event"",""params"":{""date"":""2015-08-05""}}","Wednesday, 2015-08-05",00:36:49
1764,7f613359-ed91-5956-b943-a3f8f53e5957,CalendarReadEvent,"[""title""]",Would you be so kind as to show me the event called language exchange supper?,"{""app"":""calendar"",""action"":""read_event"",""params"":{""title"":""language exchange supper""}}","Tuesday, 2017-02-21",13:53:11
1765,9474019b-4a99-585a-b4a7-a9bbb50ebaf5,CalendarReadEvent,"[""date""]","Please tell me what is on the calendar for tomorrow, especially the astronomy club meeting.","{""app"":""calendar"",""action"":""read_event"",""params"":{""date"":""2021-05-05""}}","Tuesday, 2021-05-04",02:57:24
1766,b8b92e6a-57b2-5d1b-bced-5e739c3e0d91,CalendarReadEvent,"[""date""]","Kindly read the entry for Saturday morning, the one named bicycle maintenance class.","{""app"":""calendar"",""action"":""read_event"",""params"":{""date"":""2021-05-08""}}","Saturday, 2021-05-08",05:16:59
1767,9aeadbe7-efeb-5e52-91e0-6582d3b8e5dc,CalendarReadEvent,"[""date""]","I would appreciate it if you could open the event for next Monday at three o'clock, coding interview prep.","{""app"":""calendar"",""action"":""read_event"",""params"":{""date"":""2022-04-11""}}","Wednesday, 2022-04-06",05:36:31
1768,fb07c07d-b128-5bd2-bd32-c450042e5519,CalendarReadEvent,"[""date""]","Could you please check the calendar item for today, the one titled bonsai pruning clinic?","{""app"":""calendar"",""action"":""read_event"",""params"":{""date"":""2028-08-28""}}","Monday, 2028-08-28",06:27:36
1769,c23d41e4-68eb-54ef-8465-0c075aa1e4d8,CalendarReadEvent,"[""title""]",Please fetch the event named coastal photography excursion for next Wednesday.,"{""app"":""calendar"",""action"":""read_event"",""params"":{""title"":""coastal photography excursion""}}","Wednesday, 2029-11-28",01:45:46
1770,a9fb669a-38c2-5801-9260-41eaeee92d70,CalendarReadEvent,"[""date""]","Would you kindly show me the appointment for this Friday, the sleep study consultation.","{""app"":""calendar"",""action"":""read_event"",""params"":{""date"":""2030-04-12""}}","Friday, 2030-04-12",10:01:23
1771,cb9e2e99-e5cc-51dd-bd2a-e1ea96cc986a,CalendarReadEvent,"[""title"",""date""]",hey can you check if i've got the pinecrest dentist thing tomorrow morning?,"{""app"":""calendar"",""action"":""read_event"",""params"":{""title"":""pinecrest dentist"",""date"":""1992-12-02""}}","Tuesday, 1992-12-01",20:22:55
1772,208f878d-d803-5fd5-8d46-a99160ca9a61,CalendarReadEvent,"[""title"",""date""]",could you look up the physio appointment for next friday for me,"{""app"":""calendar"",""action"":""read_event"",""params"":{""title"":""physio appointment"",""date"":""1994-04-01""}}","Thursday, 1994-03-24",12:30:15
1773,cb9e2e99-e5cc-51dd-bd2a-e1ea96cc986a,CalendarReadEvent,"[""title"",""date""]",please find the cedar clinic dental checkup on monday,"{""app"":""calendar"",""action"":""read_event"",""params"":{""title"":""cedar clinic dental checkup"",""date"":""1994-04-11""}}","Saturday, 1994-04-09",18:44:36
1774,208f878d-d803-5fd5-8d46-a99160ca9a61,CalendarReadEvent,"[""title"",""date""]",yo can you pull up my rehab session for this thursday,"{""app"":""calendar"",""action"":""read_event"",""params"":{""title"":""rehab session"",""date"":""1996-10-31""}}","Tuesday, 1996-10-29",14:49:38
1775,cb9e2e99-e5cc-51dd-bd2a-e1ea96cc986a,CalendarReadEvent,"[""title"",""date""]","i need the smile center appointment details for tomorrow, kinda asap","{""app"":""calendar"",""action"":""read_event"",""params"":{""title"":""smile center appointment"",""date"":""2000-03-16""}}","Wednesday, 2000-03-15",23:13:34
1776,208f878d-d803-5fd5-8d46-a99160ca9a61,CalendarReadEvent,"[""title"",""date""]",can you see if my back therapy is on tuesday,"{""app"":""calendar"",""action"":""read_event"",""params"":{""title"":""back therapy"",""date"":""2004-10-26""}}","Sunday, 2004-10-24",02:54:37
1777,cb9e2e99-e5cc-51dd-bd2a-e1ea96cc986a,CalendarReadEvent,"[""title"",""date""]","hey, read the northside orthodontist event on friday for me","{""app"":""calendar"",""action"":""read_event"",""params"":{""title"":""northside orthodontist"",""date"":""2008-05-09""}}","Tuesday, 2008-05-06",17:52:00
1778,208f878d-d803-5fd5-8d46-a99160ca9a61,CalendarReadEvent,"[""title"",""date""]",would you check the shoulder rehab slot next monday night,"{""app"":""calendar"",""action"":""read_event"",""params"":{""title"":""shoulder rehab"",""date"":""2009-06-01""}}","Saturday, 2009-05-30",23:52:03
1779,cb9e2e99-e5cc-51dd-bd2a-e1ea96cc986a,CalendarReadEvent,"[""title"",""date""]",do me a favor and find the molar cleanup on sunday,"{""app"":""calendar"",""action"":""read_event"",""params"":{""title"":""molar cleanup"",""date"":""2012-10-21""}}","Friday, 2012-10-19",19:08:12
1780,208f878d-d803-5fd5-8d46-a99160ca9a61,CalendarReadEvent,"[""title"",""date""]",hey can you check whether the knee rehab thing is this friday,"{""app"":""calendar"",""action"":""read_event"",""params"":{""title"":""knee rehab"",""date"":""2025-11-07""}}","Wednesday, 2025-11-05",22:39:23
1781,cb9e2e99-e5cc-51dd-bd2a-e1ea96cc986a,CalendarReadEvent,"[""title"",""date""]",please pull up my gum cleaning appointment for tomorrow morning,"{""app"":""calendar"",""action"":""read_event"",""params"":{""title"":""gum cleaning appointment"",""date"":""2026-08-08""}}","Friday, 2026-08-07",06:24:08
1782,208f878d-d803-5fd5-8d46-a99160ca9a61,CalendarReadEvent,"[""title"",""date""]",could you find the wrist therapy visit for next saturday night,"{""app"":""calendar"",""action"":""read_event"",""params"":{""title"":""wrist therapy visit"",""date"":""2026-08-22""}}","Friday, 2026-08-21",23:02:32
1783,cb9e2e99-e5cc-51dd-bd2a-e1ea96cc986a,CalendarReadEvent,"[""title"",""date""]","look up the cavity fill up on sunday, cheers","{""app"":""calendar"",""action"":""read_event"",""params"":{""title"":""cavity fill up"",""date"":""2027-01-10""}}","Friday, 2027-01-08",02:14:07
1784,208f878d-d803-5fd5-8d46-a99160ca9a61,CalendarReadEvent,"[""title"",""date""]","hey, grab the ankle physio note for this thursday please","{""app"":""calendar"",""action"":""read_event"",""params"":{""title"":""ankle physio"",""date"":""2028-10-26""}}","Tuesday, 2028-10-24",11:20:28
1785,cb9e2e99-e5cc-51dd-bd2a-e1ea96cc986a,CalendarReadEvent,"[""title"",""date""]",can you tell me what time the root canal follow-up is next friday,"{""app"":""calendar"",""action"":""read_event"",""params"":{""title"":""root canal follow-up"",""date"":""2030-01-11""}}","Tuesday, 2030-01-08",16:11:13
1786,d7ad6631-638a-5a0f-8562-ac7f775a99ba,CalendarReadEvent,"[""date""]",what's on my calendar tomorrow morning?,"{""app"":""calendar"",""action"":""read_event"",""params"":{""date"":""1990-05-08""}}","Monday, 1990-05-07",11:01:29
1787,d7ad6631-638a-5a0f-8562-ac7f775a99ba,CalendarReadEvent,"[""date""]",show me today's events,"{""app"":""calendar"",""action"":""read_event"",""params"":{""date"":""1990-05-30""}}","Wednesday, 1990-05-30",05:02:42
1788,d7ad6631-638a-5a0f-8562-ac7f775a99ba,CalendarReadEvent,"[""date""]",check my calendar for this afternoon,"{""app"":""calendar"",""action"":""read_event"",""params"":{""date"":""1998-02-14""}}","Saturday, 1998-02-14",11:49:35
1789,d7ad6631-638a-5a0f-8562-ac7f775a99ba,CalendarReadEvent,"[""date""]",what do I have scheduled next Tuesday?,"{""app"":""calendar"",""action"":""read_event"",""params"":{""date"":""2000-04-18""}}","Friday, 2000-04-14",00:20:32
1790,d7ad6631-638a-5a0f-8562-ac7f775a99ba,CalendarReadEvent,"[""date""]",open the calendar for this Friday,"{""app"":""calendar"",""action"":""read_event"",""params"":{""date"":""2002-10-04""}}","Tuesday, 2002-10-01",03:23:30
1791,d7ad6631-638a-5a0f-8562-ac7f775a99ba,CalendarReadEvent,"[""date""]",read my events for Saturday,"{""app"":""calendar"",""action"":""read_event"",""params"":{""date"":""2003-02-15""}}","Tuesday, 2003-02-11",14:28:55
1792,d7ad6631-638a-5a0f-8562-ac7f775a99ba,CalendarReadEvent,"[""date""]",can you show me the appointments on Monday?,"{""app"":""calendar"",""action"":""read_event"",""params"":{""date"":""2007-06-25""}}","Thursday, 2007-06-21",04:39:29
1793,d7ad6631-638a-5a0f-8562-ac7f775a99ba,CalendarReadEvent,"[""date""]",pull up my schedule for tomorrow evening,"{""app"":""calendar"",""action"":""read_event"",""params"":{""date"":""2008-03-28""}}","Thursday, 2008-03-27",18:00:58
1794,d7ad6631-638a-5a0f-8562-ac7f775a99ba,CalendarReadEvent,"[""date""]",tell me what's booked for this morning,"{""app"":""calendar"",""action"":""read_event"",""params"":{""date"":""2009-07-08""}}","Wednesday, 2009-07-08",05:02:31
1795,d7ad6631-638a-5a0f-8562-ac7f775a99ba,CalendarReadEvent,"[""date""]",what's on next Wednesday?,"{""app"":""calendar"",""action"":""read_event"",""params"":{""date"":""2015-11-25""}}","Friday, 2015-11-20",17:05:51
1796,d7ad6631-638a-5a0f-8562-ac7f775a99ba,CalendarReadEvent,"[""date""]",show me all events for later today,"{""app"":""calendar"",""action"":""read_event"",""params"":{""date"":""2016-03-26""}}","Saturday, 2016-03-26",02:06:13
1797,d7ad6631-638a-5a0f-8562-ac7f775a99ba,CalendarReadEvent,"[""date""]",check the calendar for next Monday,"{""app"":""calendar"",""action"":""read_event"",""params"":{""date"":""2019-10-28""}}","Monday, 2019-10-28",04:48:57
1798,d7ad6631-638a-5a0f-8562-ac7f775a99ba,CalendarReadEvent,"[""date""]",what's scheduled for tomorrow night?,"{""app"":""calendar"",""action"":""read_event"",""params"":{""date"":""2020-03-01""}}","Saturday, 2020-02-29",13:12:19
1799,d7ad6631-638a-5a0f-8562-ac7f775a99ba,CalendarReadEvent,"[""date""]",read my events for this Sunday afternoon,"{""app"":""calendar"",""action"":""read_event"",""params"":{""date"":""2021-10-03""}}","Sunday, 2021-10-03",06:14:42
1800,d7ad6631-638a-5a0f-8562-ac7f775a99ba,CalendarReadEvent,"[""date""]",show me Friday's calendar,"{""app"":""calendar"",""action"":""read_event"",""params"":{""date"":""2030-04-19""}}","Saturday, 2030-04-13",07:03:44
1801,f78864d3-7fea-5e16-bed9-84eaebdfef84,CalendarReadEvent,"[""title"",""date""]",hey can you pull up the event for the dentist checkup today?,"{""app"":""calendar"",""action"":""read_event"",""params"":{""title"":""dentist checkup"",""date"":""1990-02-09""}}","Friday, 1990-02-09",13:13:30
1802,f78864d3-7fea-5e16-bed9-84eaebdfef84,CalendarReadEvent,"[""title""]",could you show me what I’ve got for the dentist checkup this morning?,"{""app"":""calendar"",""action"":""read_event"",""params"":{""title"":""dentist checkup""}}","Wednesday, 1994-09-14",00:54:32
1803,f78864d3-7fea-5e16-bed9-84eaebdfef84,CalendarReadEvent,"[""title"",""date""]",look up the dentist checkup on Friday for me.,"{""app"":""calendar"",""action"":""read_event"",""params"":{""title"":""dentist checkup"",""date"":""1996-05-17""}}","Wednesday, 1996-05-15",11:23:04
1804,f78864d3-7fea-5e16-bed9-84eaebdfef84,CalendarReadEvent,"[""title"",""date""]",what’s the dentist checkup on June first all about?,"{""app"":""calendar"",""action"":""read_event"",""params"":{""title"":""dentist checkup"",""date"":""1996-06-01""}}","Saturday, 1996-06-01",14:59:05
1805,f78864d3-7fea-5e16-bed9-84eaebdfef84,CalendarReadEvent,"[""title"",""date""]",please read me the dentist checkup scheduled for tomorrow.,"{""app"":""calendar"",""action"":""read_event"",""params"":{""title"":""dentist checkup"",""date"":""2000-04-22""}}","Friday, 2000-04-21",19:42:42
1806,f78864d3-7fea-5e16-bed9-84eaebdfef84,CalendarReadEvent,"[""title"",""date""]",don't let me miss the dentist checkup on Monday.,"{""app"":""calendar"",""action"":""read_event"",""params"":{""title"":""dentist checkup"",""date"":""2003-02-17""}}","Saturday, 2003-02-15",06:31:36
1807,f78864d3-7fea-5e16-bed9-84eaebdfef84,CalendarReadEvent,"[""title"",""date""]",can you find the dentist checkup for next Saturday?,"{""app"":""calendar"",""action"":""read_event"",""params"":{""title"":""dentist checkup"",""date"":""2004-07-24""}}","Saturday, 2004-07-17",07:51:05
1808,f78864d3-7fea-5e16-bed9-84eaebdfef84,CalendarReadEvent,"[""title""]",tell me about the dentist checkup this afternoon.,"{""app"":""calendar"",""action"":""read_event"",""params"":{""title"":""dentist checkup""}}","Monday, 2014-04-21",11:48:01
1809,f78864d3-7fea-5e16-bed9-84eaebdfef84,CalendarReadEvent,"[""title"",""date""]","hey, what’s on the calendar for the dentist checkup on April 5th?","{""app"":""calendar"",""action"":""read_event"",""params"":{""title"":""dentist checkup"",""date"":""2018-04-05""}}","Wednesday, 2018-04-04",18:55:00
1810,f78864d3-7fea-5e16-bed9-84eaebdfef84,CalendarReadEvent,"[""title"",""date""]",could you check the dentist checkup for tomorrow evening?,"{""app"":""calendar"",""action"":""read_event"",""params"":{""title"":""dentist checkup"",""date"":""2020-11-20""}}","Thursday, 2020-11-19",19:12:32
1811,f78864d3-7fea-5e16-bed9-84eaebdfef84,CalendarReadEvent,"[""title"",""date""]",what time is the dentist checkup on December 20th?,"{""app"":""calendar"",""action"":""read_event"",""params"":{""title"":""dentist checkup"",""date"":""2020-12-20""}}","Sunday, 2020-12-20",20:48:09
1812,f78864d3-7fea-5e16-bed9-84eaebdfef84,CalendarReadEvent,"[""title"",""date""]",do me a favor and read the dentist checkup for next Monday.,"{""app"":""calendar"",""action"":""read_event"",""params"":{""title"":""dentist checkup"",""date"":""2022-08-29""}}","Saturday, 2022-08-27",17:42:44
1813,f78864d3-7fea-5e16-bed9-84eaebdfef84,CalendarReadEvent,"[""title"",""date""]","I need the dentist checkup from yesterday, just pull it up.","{""app"":""calendar"",""action"":""read_event"",""params"":{""title"":""dentist checkup"",""date"":""2023-03-17""}}","Saturday, 2023-03-18",22:57:14
1814,f78864d3-7fea-5e16-bed9-84eaebdfef84,CalendarReadEvent,"[""title"",""date""]",please show me the dentist checkup for this Thursday.,"{""app"":""calendar"",""action"":""read_event"",""params"":{""title"":""dentist checkup"",""date"":""2023-04-27""}}","Monday, 2023-04-24",12:56:51
1815,f78864d3-7fea-5e16-bed9-84eaebdfef84,CalendarReadEvent,"[""title"",""date""]","hey, can you look up the dentist checkup on February seventh?","{""app"":""calendar"",""action"":""read_event"",""params"":{""title"":""dentist checkup"",""date"":""2030-02-07""}}","Wednesday, 2030-02-06",11:36:08
1816,1ae18389-8828-55d1-9ad0-9ae8bbe80666,RemindersOpen,[],"hey can you open Reminders for me, I need to check the grocery list after breakfast tomorrow","{""app"":""reminders"",""action"":""open"",""params"":{}}","Monday, 1993-08-16",03:26:02
1817,1ae18389-8828-55d1-9ad0-9ae8bbe80666,RemindersOpen,[],please pop open Reminders so I can look at the grocery list before dinner tonight,"{""app"":""reminders"",""action"":""open"",""params"":{}}","Saturday, 1995-06-10",20:58:07
1818,1ae18389-8828-55d1-9ad0-9ae8bbe80666,RemindersOpen,[],"open Reminders for me, I want to glance at the grocery list this afternoon","{""app"":""reminders"",""action"":""open"",""params"":{}}","Monday, 1998-02-23",14:30:26
1819,1ae18389-8828-55d1-9ad0-9ae8bbe80666,RemindersOpen,[],could you open Reminders so I can see the grocery list tomorrow morning,"{""app"":""reminders"",""action"":""open"",""params"":{}}","Tuesday, 1998-09-22",00:47:59
1820,1ae18389-8828-55d1-9ad0-9ae8bbe80666,RemindersOpen,[],"hey, open Reminders and bring up the grocery list this evening","{""app"":""reminders"",""action"":""open"",""params"":{}}","Friday, 2001-06-22",07:56:36
1821,1ae18389-8828-55d1-9ad0-9ae8bbe80666,RemindersOpen,[],"would you open Reminders for me, I need the grocery list after work today","{""app"":""reminders"",""action"":""open"",""params"":{}}","Friday, 2002-03-15",22:40:25
1822,1ae18389-8828-55d1-9ad0-9ae8bbe80666,RemindersOpen,[],open Reminders real quick so I can check the grocery list this weekend,"{""app"":""reminders"",""action"":""open"",""params"":{}}","Saturday, 2004-02-07",13:16:32
1823,1ae18389-8828-55d1-9ad0-9ae8bbe80666,RemindersOpen,[],"make a note and open Reminders, I want the grocery list later tonight","{""app"":""reminders"",""action"":""open"",""params"":{}}","Tuesday, 2006-06-20",02:31:59
1824,1ae18389-8828-55d1-9ad0-9ae8bbe80666,RemindersOpen,[],"could you just open Reminders, I'm trying to see the grocery list tomorrow afternoon","{""app"":""reminders"",""action"":""open"",""params"":{}}","Sunday, 2008-11-23",04:35:24
1825,1ae18389-8828-55d1-9ad0-9ae8bbe80666,RemindersOpen,[],"hey, launch Reminders so I can look at the grocery list in a bit","{""app"":""reminders"",""action"":""open"",""params"":{}}","Monday, 2010-06-14",03:12:16
1826,1ae18389-8828-55d1-9ad0-9ae8bbe80666,RemindersOpen,[],"open Reminders for me, I need the grocery list next Tuesday morning","{""app"":""reminders"",""action"":""open"",""params"":{}}","Monday, 2011-05-02",18:54:26
1827,29c5c658-d188-5815-9a5a-e89319d8e5e8,RemindersOpen,[],"can you open Reminders, I want to check the tax forms checklist tonight","{""app"":""reminders"",""action"":""open"",""params"":{}}","Friday, 2025-05-30",22:51:18
1828,29c5c658-d188-5815-9a5a-e89319d8e5e8,RemindersOpen,[],please open Reminders so I can peek at the tax forms checklist tomorrow afternoon,"{""app"":""reminders"",""action"":""open"",""params"":{}}","Monday, 2025-07-21",09:00:58
1829,29c5c658-d188-5815-9a5a-e89319d8e5e8,RemindersOpen,[],open Reminders and show me the tax forms checklist next Monday morning,"{""app"":""reminders"",""action"":""open"",""params"":{}}","Monday, 2025-12-29",18:13:04
1830,29c5c658-d188-5815-9a5a-e89319d8e5e8,RemindersOpen,[],"hey, get Reminders open for me, I need the tax forms checklist in two hours","{""app"":""reminders"",""action"":""open"",""params"":{}}","Thursday, 2030-05-16",23:17:31
1831,6abf8cad-5e6f-5913-9cf3-ac6bb6d0b48c,RemindersClose,[],"hey can you shut reminders for me, i'm done with it for now","{""app"":""reminders"",""action"":""close"",""params"":{}}","Thursday, 1990-04-26",03:07:10
1832,6abf8cad-5e6f-5913-9cf3-ac6bb6d0b48c,RemindersClose,[],"forget about the reminders app, close it up please","{""app"":""reminders"",""action"":""close"",""params"":{}}","Friday, 1990-08-31",05:57:35
1833,6abf8cad-5e6f-5913-9cf3-ac6bb6d0b48c,RemindersClose,[],"could you just quit remiinders for me, ta","{""app"":""reminders"",""action"":""close"",""params"":{}}","Sunday, 1995-09-17",06:25:32
1834,6abf8cad-5e6f-5913-9cf3-ac6bb6d0b48c,RemindersClose,[],"alright, close the reminders window and that's it","{""app"":""reminders"",""action"":""close"",""params"":{}}","Saturday, 1996-11-02",00:46:29
1835,6abf8cad-5e6f-5913-9cf3-ac6bb6d0b48c,RemindersClose,[],"can you just exit reminders, i'm all set","{""app"":""reminders"",""action"":""close"",""params"":{}}","Friday, 1999-05-14",02:02:54
1836,6abf8cad-5e6f-5913-9cf3-ac6bb6d0b48c,RemindersClose,[],"shut down the reminders app for me, cheers","{""app"":""reminders"",""action"":""close"",""params"":{}}","Thursday, 2000-03-23",10:04:33
1837,6abf8cad-5e6f-5913-9cf3-ac6bb6d0b48c,RemindersClose,[],"hey, close out reminders, i don't need it open","{""app"":""reminders"",""action"":""close"",""params"":{}}","Tuesday, 2004-03-23",01:08:28
1838,6abf8cad-5e6f-5913-9cf3-ac6bb6d0b48c,RemindersClose,[],please quit the reminders thingy,"{""app"":""reminders"",""action"":""close"",""params"":{}}","Friday, 2004-09-17",20:48:51
1839,6abf8cad-5e6f-5913-9cf3-ac6bb6d0b48c,RemindersClose,[],"close reminders off, i'm done looking at it","{""app"":""reminders"",""action"":""close"",""params"":{}}","Saturday, 2005-05-07",13:25:20
1840,6abf8cad-5e6f-5913-9cf3-ac6bb6d0b48c,RemindersClose,[],"can you stop the reminders app now, thanks","{""app"":""reminders"",""action"":""close"",""params"":{}}","Monday, 2005-11-07",16:05:56
1841,6abf8cad-5e6f-5913-9cf3-ac6bb6d0b48c,RemindersClose,[],"right, kill reminders for me","{""app"":""reminders"",""action"":""close"",""params"":{}}","Friday, 2007-11-16",03:44:55
1842,6abf8cad-5e6f-5913-9cf3-ac6bb6d0b48c,RemindersClose,[],"would you close up reminders, please and thanks","{""app"":""reminders"",""action"":""close"",""params"":{}}","Saturday, 2009-12-19",21:15:18
1843,6abf8cad-5e6f-5913-9cf3-ac6bb6d0b48c,RemindersClose,[],"hey, just quit reminders now","{""app"":""reminders"",""action"":""close"",""params"":{}}","Wednesday, 2011-03-23",00:23:56
1844,6abf8cad-5e6f-5913-9cf3-ac6bb6d0b48c,RemindersClose,[],can you close the reminders app for the night,"{""app"":""reminders"",""action"":""close"",""params"":{}}","Wednesday, 2011-10-12",11:38:47
1845,6abf8cad-5e6f-5913-9cf3-ac6bb6d0b48c,RemindersClose,[],"alright, get rid of reminders and leave it closed","{""app"":""reminders"",""action"":""close"",""params"":{}}","Wednesday, 2027-07-07",22:43:46
1846,9b2706a2-ec8a-5543-bbb3-26e11df703de,RemindersGetReminders,[],Can you show me my reminders for today?,"{""app"":""reminders"",""action"":""get_reminders"",""params"":{}}","Tuesday, 1990-10-02",01:35:25
1847,9b2706a2-ec8a-5543-bbb3-26e11df703de,RemindersGetReminders,[],I'd like to check what I need to do this morning.,"{""app"":""reminders"",""action"":""get_reminders"",""params"":{}}","Wednesday, 1991-05-08",05:16:41
1848,9b2706a2-ec8a-5543-bbb3-26e11df703de,RemindersGetReminders,[],Please pull up my reminders for the rest of today.,"{""app"":""reminders"",""action"":""get_reminders"",""params"":{}}","Thursday, 1991-09-26",06:37:54
1849,9b2706a2-ec8a-5543-bbb3-26e11df703de,RemindersGetReminders,[],What reminders do I have lined up for tonight?,"{""app"":""reminders"",""action"":""get_reminders"",""params"":{}}","Friday, 1992-11-13",17:30:12
1850,9b2706a2-ec8a-5543-bbb3-26e11df703de,RemindersGetReminders,[],Could you remind me what’s on my list today?,"{""app"":""reminders"",""action"":""get_reminders"",""params"":{}}","Tuesday, 1995-05-02",21:32:42
1851,9398f0e2-4a20-52d2-bdcb-790f5a407fd2,RemindersGetReminders,[],I want to see my reminders for tomorrow.,"{""app"":""reminders"",""action"":""get_reminders"",""params"":{}}","Thursday, 2001-11-01",22:02:08
1852,9398f0e2-4a20-52d2-bdcb-790f5a407fd2,RemindersGetReminders,[],Give me the reminders I have for tomorrow morning.,"{""app"":""reminders"",""action"":""get_reminders"",""params"":{}}","Tuesday, 2002-04-30",08:47:10
1853,9398f0e2-4a20-52d2-bdcb-790f5a407fd2,RemindersGetReminders,[],"Actually, I need to check tomorrow's reminders before I go to bed.","{""app"":""reminders"",""action"":""get_reminders"",""params"":{}}","Wednesday, 2008-05-21",23:46:22
1854,cf1d4180-0eaf-54b2-b42d-0cdce010cf86,RemindersGetReminders,[],Show me what I’ve got coming up on Monday.,"{""app"":""reminders"",""action"":""get_reminders"",""params"":{}}","Sunday, 2011-07-31",04:35:02
1855,cf1d4180-0eaf-54b2-b42d-0cdce010cf86,RemindersGetReminders,[],Could you list my reminders for next week’s Thursday?,"{""app"":""reminders"",""action"":""get_reminders"",""params"":{}}","Saturday, 2012-09-01",09:41:55
1856,cf1d4180-0eaf-54b2-b42d-0cdce010cf86,RemindersGetReminders,[],Please bring up the reminders I have on November nineteenth.,"{""app"":""reminders"",""action"":""get_reminders"",""params"":{}}","Thursday, 2015-11-19",23:22:20
1857,cf1d4180-0eaf-54b2-b42d-0cdce010cf86,RemindersGetReminders,[],I need to see my reminders for the thirty-first of March.,"{""app"":""reminders"",""action"":""get_reminders"",""params"":{}}","Wednesday, 2017-03-08",00:33:35
1858,cf1d4180-0eaf-54b2-b42d-0cdce010cf86,RemindersGetReminders,[],Can you check my reminders for this coming Sunday?,"{""app"":""reminders"",""action"":""get_reminders"",""params"":{}}","Sunday, 2020-11-15",08:04:24
1859,cf1d4180-0eaf-54b2-b42d-0cdce010cf86,RemindersGetReminders,[],What do I have saved for the twenty-third of September?,"{""app"":""reminders"",""action"":""get_reminders"",""params"":{}}","Tuesday, 2021-09-21",06:26:45
1860,cf1d4180-0eaf-54b2-b42d-0cdce010cf86,RemindersGetReminders,[],Please show me my reminders for next Tuesday.,"{""app"":""reminders"",""action"":""get_reminders"",""params"":{}}","Tuesday, 2024-11-26",07:55:03
1861,20537d54-27e8-5f2e-8b43-ad523af629c7,RemindersCreateReminder,"[""title"",""date"",""time""]","hey, don’t let me forget to mail the passport renewal forms tomorrow morning","{""app"":""reminders"",""action"":""create_reminder"",""params"":{""title"":""mail the passport renewal forms"",""date"":""1994-10-31"",""time"":""09:00:00""}}","Sunday, 1994-10-30",07:56:17
1862,687b9ce7-ddae-5857-8885-94e9c36e9e84,RemindersCreateReminder,"[""title"",""date"",""time""]",could you remind me to call the pharmacy in two hours about the prescription refill?,"{""app"":""reminders"",""action"":""create_reminder"",""params"":{""title"":""call the pharmacy about the prescription refill"",""date"":""1995-08-07"",""time"":""23:49:24""}}","Monday, 1995-08-07",21:49:24
1863,6feccdc6-4893-5542-87fe-2172a9e76d51,RemindersCreateReminder,"[""title"",""date"",""time""]",make a note to finish reading that article on renewable energy this afternoon,"{""app"":""reminders"",""action"":""create_reminder"",""params"":{""title"":""finish reading that article on renewable energy"",""date"":""1996-09-20"",""time"":""15:00:00""}}","Friday, 1996-09-20",12:23:03
1864,90919578-e4e5-537c-ba85-6e7ead7b96d8,RemindersCreateReminder,"[""title"",""date"",""time""]",please alert me to water the tomato plants tonight,"{""app"":""reminders"",""action"":""create_reminder"",""params"":{""title"":""water the tomato plants"",""date"":""1998-05-03"",""time"":""20:00:00""}}","Sunday, 1998-05-03",07:43:23
1865,f709a9e6-8cc2-5240-9ca2-7a6bc0a581cc,RemindersCreateReminder,"[""title"",""date"",""time""]",remember to pick up the dry cleaning next Tuesday after work,"{""app"":""reminders"",""action"":""create_reminder"",""params"":{""title"":""pick up the dry cleaning"",""date"":""1998-06-02"",""time"":""17:30:00""}}","Sunday, 1998-05-31",10:30:09
1866,afa31afd-b947-51da-8d9c-cd33901ae9d5,RemindersCreateReminder,"[""title"",""date"",""time""]",don't let me forget to pay the electric bill tomorrow at 8 a.m.,"{""app"":""reminders"",""action"":""create_reminder"",""params"":{""title"":""pay the electric bill"",""date"":""1999-04-25"",""time"":""08:00:00""}}","Saturday, 1999-04-24",03:58:57
1867,9b2ef11d-f854-5597-be79-e45c4cb3b918,RemindersCreateReminder,"[""title"",""date"",""time""]",add a reminder to back up the laptop this Friday evening,"{""app"":""reminders"",""action"":""create_reminder"",""params"":{""title"":""back up the laptop"",""date"":""2005-08-05"",""time"":""19:00:00""}}","Tuesday, 2005-08-02",00:56:03
1868,240a3346-484d-5fa0-b3d8-a15ff28c3881,RemindersCreateReminder,"[""title"",""date"",""time""]",can you schedule me to mail the signed lease this afternoon,"{""app"":""reminders"",""action"":""create_reminder"",""params"":{""title"":""mail the signed lease"",""date"":""2014-01-22"",""time"":""16:30:00""}}","Wednesday, 2014-01-22",17:15:30
1869,179c01b0-6f2a-5b4e-884d-81d9fbd92681,RemindersCreateReminder,"[""title"",""date""]","hey, remind me to book the campsite for next weekend","{""app"":""reminders"",""action"":""create_reminder"",""params"":{""title"":""book the campsite"",""date"":""2019-07-06""}}","Monday, 2019-07-01",10:01:49
1870,75877111-d3dc-54a6-9cd4-da90bf56ce4c,RemindersCreateReminder,"[""title"",""date"",""time""]",please make sure I submit the expense report by Friday at 4:15 p.m.,"{""app"":""reminders"",""action"":""create_reminder"",""params"":{""title"":""submit the expense report"",""date"":""2020-05-29"",""time"":""16:15:00""}}","Wednesday, 2020-05-27",14:59:20
1871,8a3437b5-a9ed-52df-aa09-5ae61914e48b,RemindersCreateReminder,"[""title"",""date"",""time""]",could you add a reminder for me to clean the fish tank tomorrow morning?,"{""app"":""reminders"",""action"":""create_reminder"",""params"":{""title"":""clean the fish tank"",""date"":""2024-05-16"",""time"":""09:00:00""}}","Wednesday, 2024-05-15",11:29:49
1872,439c4154-eb1c-5a35-9fd2-5190f81621c1,RemindersCreateReminder,"[""title"",""date""]",make sure I don't forget to replace the hallway lightbulb in two days,"{""app"":""reminders"",""action"":""create_reminder"",""params"":{""title"":""replace the hallway lightbulb"",""date"":""2028-09-05""}}","Sunday, 2028-09-03",05:40:03
1873,17145ebf-1fdf-56e3-8737-607f32c2490b,RemindersCreateReminder,"[""title"",""date"",""time""]",notify me to practice the saxophone this evening at 7,"{""app"":""reminders"",""action"":""create_reminder"",""params"":{""title"":""practice the saxophone"",""date"":""2028-09-20"",""time"":""19:00:00""}}","Wednesday, 2028-09-20",01:07:10
1874,cd39ce33-9a2c-5ab3-a565-58bc28607550,RemindersCreateReminder,"[""title"",""date"",""time""]","hey, add a reminder to drop off the library books next Saturday afternoon","{""app"":""reminders"",""action"":""create_reminder"",""params"":{""title"":""drop off the library books"",""date"":""2029-02-24"",""time"":""15:00:00""}}","Saturday, 2029-02-17",12:24:31
1875,0b8b1cd5-aa9b-5ac2-936f-5b5ab6289f14,RemindersCreateReminder,"[""title"",""date"",""time""]",I need to swap the car insurance cards tonight,"{""app"":""reminders"",""action"":""create_reminder"",""params"":{""title"":""swap the car insurance cards"",""date"":""2030-01-09"",""time"":""20:00:00""}}","Wednesday, 2030-01-09",08:50:13
1876,0cafe3a7-37bc-5fca-bbfa-56104cae115f,RemindersCreateReminder,"[""title"",""date""]",Please remind me to submit the chemistry lab report by June fifteenth.,"{""app"":""reminders"",""action"":""create_reminder"",""params"":{""title"":""submit chemistry lab report"",""date"":""1992-06-15""}}","Thursday, 1992-06-11",02:38:28
1877,0cafe3a7-37bc-5fca-bbfa-56104cae115f,RemindersCreateReminder,"[""title"",""date""]",Could you kindly add a reminder for the chemistry lab report submission on June fifteenth?,"{""app"":""reminders"",""action"":""create_reminder"",""params"":{""title"":""chemistry lab report submission"",""date"":""1997-12-15""}}","Tuesday, 1997-12-30",01:27:03
1878,0cafe3a7-37bc-5fca-bbfa-56104cae115f,RemindersCreateReminder,"[""title"",""date""]",Please make a note to turn in the chemistry lab report on September twenty-fifth.,"{""app"":""reminders"",""action"":""create_reminder"",""params"":{""title"":""turn in chemistry lab report"",""date"":""2001-09-25""}}","Sunday, 2001-09-23",05:12:24
1879,0cafe3a7-37bc-5fca-bbfa-56104cae115f,RemindersCreateReminder,"[""title"",""date""]",Kindly alert me to finish the chemistry lab report by October fifteenth.,"{""app"":""reminders"",""action"":""create_reminder"",""params"":{""title"":""finish chemistry lab report"",""date"":""2002-10-15""}}","Saturday, 2002-10-12",20:06:21
1880,0cafe3a7-37bc-5fca-bbfa-56104cae115f,RemindersCreateReminder,"[""title"",""date""]",Please remember the chemistry lab report due on July fifth.,"{""app"":""reminders"",""action"":""create_reminder"",""params"":{""title"":""chemistry lab report due"",""date"":""2005-07-05""}}","Friday, 2005-07-01",12:22:57
1881,0cafe3a7-37bc-5fca-bbfa-56104cae115f,RemindersCreateReminder,"[""title"",""date""]",Would you kindly notify me to hand in the chemistry lab report on May second?,"{""app"":""reminders"",""action"":""create_reminder"",""params"":{""title"":""hand in chemistry lab report"",""date"":""2009-05-02""}}","Thursday, 2009-04-30",10:52:50
1882,0cafe3a7-37bc-5fca-bbfa-56104cae115f,RemindersCreateReminder,"[""title"",""date""]",Please don't let me forget the chemistry lab report deadline on June twenty-ninth.,"{""app"":""reminders"",""action"":""create_reminder"",""params"":{""title"":""chemistry lab report deadline"",""date"":""2009-06-29""}}","Friday, 2009-06-26",12:19:44
1883,0cafe3a7-37bc-5fca-bbfa-56104cae115f,RemindersCreateReminder,"[""title"",""date""]","Could you please add a note for the chemistry lab report, due July twenty-sixth?","{""app"":""reminders"",""action"":""create_reminder"",""params"":{""title"":""chemistry lab report"",""date"":""2011-07-26""}}","Sunday, 2011-07-24",16:46:59
1884,0cafe3a7-37bc-5fca-bbfa-56104cae115f,RemindersCreateReminder,"[""title"",""date""]",Please set a reminder to submit the chemistry lab report on October eighteenth.,"{""app"":""reminders"",""action"":""create_reminder"",""params"":{""title"":""submit chemistry lab report"",""date"":""2013-10-18""}}","Wednesday, 2013-10-16",18:29:09
1885,0cafe3a7-37bc-5fca-bbfa-56104cae115f,RemindersCreateReminder,"[""title"",""date""]",Kindly remind me about the chemistry lab report due June ninth.,"{""app"":""reminders"",""action"":""create_reminder"",""params"":{""title"":""chemistry lab report due"",""date"":""2015-06-09""}}","Sunday, 2015-06-07",09:14:49
1886,0cafe3a7-37bc-5fca-bbfa-56104cae115f,RemindersCreateReminder,"[""title"",""date""]",Please warn me to finish the chemistry lab report by September twelfth.,"{""app"":""reminders"",""action"":""create_reminder"",""params"":{""title"":""finish chemistry lab report"",""date"":""2015-09-12""}}","Thursday, 2015-09-10",01:09:03
1887,0cafe3a7-37bc-5fca-bbfa-56104cae115f,RemindersCreateReminder,"[""title"",""date""]",Could you kindly create a reminder for the chemistry lab report submission on January thirteenth?,"{""app"":""reminders"",""action"":""create_reminder"",""params"":{""title"":""chemistry lab report submission"",""date"":""2020-01-13""}}","Saturday, 2020-01-11",01:21:27
1888,0cafe3a7-37bc-5fca-bbfa-56104cae115f,RemindersCreateReminder,"[""title"",""date"",""time""]",Please remind me to submit the chemistry lab report on September twenty-eighth at four in the afternoon.,"{""app"":""reminders"",""action"":""create_reminder"",""params"":{""title"":""submit chemistry lab report"",""date"":""2023-09-28"",""time"":""16:00:00""}}","Tuesday, 2023-09-26",18:42:28
1889,0cafe3a7-37bc-5fca-bbfa-56104cae115f,RemindersCreateReminder,"[""title"",""date"",""time""]",Kindly add a reminder to hand in the chemistry lab report on December twenty-seventh at nine in the morning.,"{""app"":""reminders"",""action"":""create_reminder"",""params"":{""title"":""hand in chemistry lab report"",""date"":""2026-12-27"",""time"":""09:00:00""}}","Friday, 2026-12-25",02:21:33
1890,0cafe3a7-37bc-5fca-bbfa-56104cae115f,RemindersCreateReminder,"[""title"",""date"",""time""]",Please make sure I submit the chemistry lab report on September twenty-second at 15:30.,"{""app"":""reminders"",""action"":""create_reminder"",""params"":{""title"":""submit chemistry lab report"",""date"":""2030-09-22"",""time"":""15:30:00""}}","Friday, 2030-09-20",07:25:54
1891,9e28c908-5ff3-51cd-94c9-b352c5520a87,RemindersCreateReminder,"[""title"",""date""]",Please remind me to submit the history paper outline on October tenth.,"{""app"":""reminders"",""action"":""create_reminder"",""params"":{""title"":""submit the history paper outline"",""date"":""1990-10-10""}}","Tuesday, 1990-10-09",23:17:31
1892,176d462a-195b-5a8f-a029-3d4ad63bb345,RemindersCreateReminder,"[""title"",""date"",""time""]",Could you kindly alert me to review the chemistry chapter tomorrow morning at half past nine?,"{""app"":""reminders"",""action"":""create_reminder"",""params"":{""title"":""review the chemistry chapter"",""date"":""1991-11-17"",""time"":""09:30:00""}}","Saturday, 1991-11-16",15:26:01
1893,666a99ff-09ed-50d6-b6d7-4b291c21d6ee,RemindersCreateReminder,"[""title"",""date"",""time""]",Please make a note to finish the budget spreadsheet on the twenty-first of December at 14:00.,"{""app"":""reminders"",""action"":""create_reminder"",""params"":{""title"":""finish the budget spreadsheet"",""date"":""1992-12-21"",""time"":""14:00:00""}}","Saturday, 1992-12-19",08:47:40
1894,6a5c6a3a-f5a0-5123-8129-9749fc480071,RemindersCreateReminder,"[""title"",""date"",""time""]",Don't let me forget to water the rose bushes this evening.,"{""app"":""reminders"",""action"":""create_reminder"",""params"":{""title"":""water the rose bushes"",""date"":""1993-10-25"",""time"":""18:00:00""}}","Monday, 1993-10-25",10:08:17
1895,3ccc30cf-3330-5f88-b3c4-7361f1757e66,RemindersCreateReminder,"[""title"",""date""]",Could you please schedule a reminder to replace the furnace filter next Friday?,"{""app"":""reminders"",""action"":""create_reminder"",""params"":{""title"":""replace the furnace filter"",""date"":""1998-02-20""}}","Sunday, 1998-02-15",07:34:54
1896,e5ba38be-0ee1-5a50-92db-4ead1ede92aa,RemindersCreateReminder,"[""title"",""date"",""time""]",Kindly remind me to call the insurance office on the first of July at 9:15 in the morning.,"{""app"":""reminders"",""action"":""create_reminder"",""params"":{""title"":""call the insurance office"",""date"":""2004-07-01"",""time"":""09:15:00""}}","Wednesday, 2004-06-23",02:31:02
1897,5a4a643e-630e-5a6f-93a8-35f449526126,RemindersCreateReminder,"[""title"",""date"",""time""]",Please add a reminder to practice the piano on September seventeenth at 8:00 p.m.,"{""app"":""reminders"",""action"":""create_reminder"",""params"":{""title"":""practice the piano"",""date"":""2009-09-17"",""time"":""20:00:00""}}","Wednesday, 2009-09-16",21:48:06
1898,c05f05d0-93c5-5565-a7c9-14611b19bb71,RemindersCreateReminder,"[""title"",""date"",""time""]",Could you kindly warn me to feed the cat tomorrow at 7:00 in the morning?,"{""app"":""reminders"",""action"":""create_reminder"",""params"":{""title"":""feed the cat"",""date"":""2010-01-03"",""time"":""07:00:00""}}","Saturday, 2010-01-02",15:34:01
1899,af5fc39f-aee8-55b6-935b-81036618ccad,RemindersCreateReminder,"[""title"",""date"",""time""]",Please remind me to read the Orion Research article on Tuesday at 16:30.,"{""app"":""reminders"",""action"":""create_reminder"",""params"":{""title"":""read the Orion Research article"",""date"":""2013-05-21"",""time"":""16:30:00""}}","Sunday, 2013-05-19",09:26:32
1900,9c08c994-857c-5022-9d45-5e9b7848fd78,RemindersCreateReminder,"[""title"",""date"",""time""]",Make sure I remember to book the dentist parking garage spot tomorrow afternoon at three o'clock.,"{""app"":""reminders"",""action"":""create_reminder"",""params"":{""title"":""book the dentist parking garage spot"",""date"":""2013-06-07"",""time"":""15:00:00""}}","Thursday, 2013-06-06",08:40:06
1901,c119bc41-33dc-5c2a-858f-8fd1049faf01,RemindersCreateReminder,"[""title"",""date"",""time""]",Please set a reminder for the theater tickets for January second at 19:45.,"{""app"":""reminders"",""action"":""create_reminder"",""params"":{""title"":""theater tickets"",""date"":""2015-12-30"",""time"":""19:45:00""}}","Tuesday, 2015-12-29",18:04:01
1902,433bf04c-ea98-58ce-92e4-9b0b15aa8a21,RemindersCreateReminder,"[""title"",""date""]",Could you kindly note to pay the water bill on July twentieth?,"{""app"":""reminders"",""action"":""create_reminder"",""params"":{""title"":""pay the water bill"",""date"":""2018-07-20""}}","Thursday, 2018-07-19",12:24:46
1903,653dae48-e888-5ca0-97ef-739fa6b13209,RemindersCreateReminder,"[""title"",""date"",""time""]",Please remind me to clean the garage tomorrow at 10:00 in the morning.,"{""app"":""reminders"",""action"":""create_reminder"",""params"":{""title"":""clean the garage"",""date"":""2018-12-16"",""time"":""10:00:00""}}","Saturday, 2018-12-15",14:08:02
1904,729e68da-e56a-5c39-abe9-4ee92e105862,RemindersCreateReminder,"[""title"",""date"",""time""]",Could you please remind me to send the visa application on the twenty-first of February at 13:20?,"{""app"":""reminders"",""action"":""create_reminder"",""params"":{""title"":""send the visa application"",""date"":""2025-02-21"",""time"":""13:20:00""}}","Wednesday, 2025-02-19",12:22:48
1905,b1f84d3e-b2b5-55bf-8f35-f6dd97274b25,RemindersCreateReminder,"[""title"",""date"",""time""]",Please add a reminder to call the bicycle shop this afternoon at 4:05.,"{""app"":""reminders"",""action"":""create_reminder"",""params"":{""title"":""call the bicycle shop"",""date"":""2025-10-09"",""time"":""16:05:00""}}","Thursday, 2025-10-09",07:57:08
1906,b75bd49e-6c35-5be2-9a53-0af79f36afce,RemindersCreateReminder,"[""title"",""date"",""time""]",Can you remind me about the thesis bibliography on September fifteenth at 9:00 in the morning?,"{""app"":""reminders"",""action"":""create_reminder"",""params"":{""title"":""thesis bibliography"",""date"":""1991-09-15"",""time"":""09:00:00""}}","Friday, 1991-09-13",06:38:33
1907,b75bd49e-6c35-5be2-9a53-0af79f36afce,RemindersCreateReminder,"[""title"",""date"",""time""]","Just a quick nudge for the thesis bibliography on the fifteenth of September at 9 in the morning, please.","{""app"":""reminders"",""action"":""create_reminder"",""params"":{""title"":""thesis bibliography"",""date"":""1996-09-15"",""time"":""09:00:00""}}","Monday, 1996-11-04",18:53:57
1908,b75bd49e-6c35-5be2-9a53-0af79f36afce,RemindersCreateReminder,"[""title"",""date"",""time""]",Please add a reminder for the thesis bibliography on September fifteenth at 9:00 a.m.,"{""app"":""reminders"",""action"":""create_reminder"",""params"":{""title"":""thesis bibliography"",""date"":""1996-09-15"",""time"":""09:00:00""}}","Monday, 1996-12-02",16:56:58
1909,b75bd49e-6c35-5be2-9a53-0af79f36afce,RemindersCreateReminder,"[""title"",""date"",""time""]",Would you mind reminding me about the thesis bibliography on September fifteenth at nine in the morning?,"{""app"":""reminders"",""action"":""create_reminder"",""params"":{""title"":""thesis bibliography"",""date"":""2004-09-15"",""time"":""09:00:00""}}","Friday, 2004-12-03",20:04:47
1910,b75bd49e-6c35-5be2-9a53-0af79f36afce,RemindersCreateReminder,"[""title"",""date"",""time""]",Make a note to handle the thesis bibliography on September fifteenth at 9 in the morning.,"{""app"":""reminders"",""action"":""create_reminder"",""params"":{""title"":""thesis bibliography"",""date"":""2005-09-15"",""time"":""09:00:00""}}","Friday, 2005-03-25",20:38:15
1911,b75bd49e-6c35-5be2-9a53-0af79f36afce,RemindersCreateReminder,"[""title"",""date"",""time""]",Alert me for the thesis bibliography on September fifteenth at 9:00 in the morning.,"{""app"":""reminders"",""action"":""create_reminder"",""params"":{""title"":""thesis bibliography"",""date"":""2009-09-15"",""time"":""09:00:00""}}","Monday, 2009-01-05",20:36:39
1912,b75bd49e-6c35-5be2-9a53-0af79f36afce,RemindersCreateReminder,"[""title"",""date"",""time""]",I need a reminder for the thesis bibliography on the fifteenth of September at 9 a.m.,"{""app"":""reminders"",""action"":""create_reminder"",""params"":{""title"":""thesis bibliography"",""date"":""2009-09-15"",""time"":""09:00:00""}}","Friday, 2009-02-06",06:50:28
1913,b75bd49e-6c35-5be2-9a53-0af79f36afce,RemindersCreateReminder,"[""title"",""date"",""time""]",Don't let me forget the thesis bibliography on September fifteenth at 09:00.,"{""app"":""reminders"",""action"":""create_reminder"",""params"":{""title"":""thesis bibliography"",""date"":""2012-09-15"",""time"":""09:00:00""}}","Tuesday, 2012-10-23",00:34:34
1914,b75bd49e-6c35-5be2-9a53-0af79f36afce,RemindersCreateReminder,"[""title"",""date"",""time""]",Could you remind me about the thesis bibliography on September fifteenth at 9 in the morning?,"{""app"":""reminders"",""action"":""create_reminder"",""params"":{""title"":""thesis bibliography"",""date"":""2018-09-15"",""time"":""09:00:00""}}","Saturday, 2018-06-30",00:43:43
1915,b75bd49e-6c35-5be2-9a53-0af79f36afce,RemindersCreateReminder,"[""title"",""date"",""time""]","Schedule the thesis bibliography for September fifteenth at 9:00 a.m., if you can.","{""app"":""reminders"",""action"":""create_reminder"",""params"":{""title"":""thesis bibliography"",""date"":""2021-09-15"",""time"":""09:00:00""}}","Tuesday, 2021-11-30",14:10:10
1916,01d7c39e-5307-56f6-90df-f4d3a85bb8a4,RemindersCreateReminder,"[""title"",""date"",""time""]",Can you remind me about the compost pickup this Friday at 7:30 in the evening?,"{""app"":""reminders"",""action"":""create_reminder"",""params"":{""title"":""compost pickup"",""date"":""2025-01-24"",""time"":""19:30:00""}}","Friday, 2025-01-24",19:00:52
1917,01d7c39e-5307-56f6-90df-f4d3a85bb8a4,RemindersCreateReminder,"[""title"",""date"",""time""]",Please add a reminder for the compost pickup on June twenty-seventh at 7:30 p.m.,"{""app"":""reminders"",""action"":""create_reminder"",""params"":{""title"":""compost pickup"",""date"":""2025-06-27"",""time"":""19:30:00""}}","Wednesday, 2025-06-25",02:36:45
1918,01d7c39e-5307-56f6-90df-f4d3a85bb8a4,RemindersCreateReminder,"[""title"",""date"",""time""]",Could you nudge me about the compost pickup on December twenty-sixth at 7:30 in the evening?,"{""app"":""reminders"",""action"":""create_reminder"",""params"":{""title"":""compost pickup"",""date"":""2025-12-26"",""time"":""19:30:00""}}","Thursday, 2025-12-25",10:05:43
1919,d90fa37f-b4f3-51f0-8cd1-0e739ff5cf41,RemindersCreateReminder,"[""title"",""date"",""time""]",Don't forget to check the astronomy lens on June eighth at 7:30 at night.,"{""app"":""reminders"",""action"":""create_reminder"",""params"":{""title"":""astronomy lens check"",""date"":""2029-06-08"",""time"":""19:30:00""}}","Wednesday, 2029-06-06",09:50:15
1920,d90fa37f-b4f3-51f0-8cd1-0e739ff5cf41,RemindersCreateReminder,"[""title"",""date"",""time""]",Make sure I remember the astronomy lens check on July third at 7:30 p.m.,"{""app"":""reminders"",""action"":""create_reminder"",""params"":{""title"":""astronomy lens check"",""date"":""2030-07-03"",""time"":""19:30:00""}}","Tuesday, 2030-07-02",13:39:52
1921,2375533a-0c6c-53d8-a08f-bfbf03dc642f,RemindersCreateReminder,"[""title"",""date""]",Please remind me to submit the quarterly tax forms this Friday.,"{""app"":""reminders"",""action"":""create_reminder"",""params"":{""title"":""submit the quarterly tax forms"",""date"":""1990-05-11""}}","Tuesday, 1990-05-08",03:46:54
1922,f64df6a7-1511-5482-9af6-53841db32a99,RemindersCreateReminder,"[""title"",""date"",""time""]",I would appreciate it if you could alert me to review the chemistry notes tomorrow at half past nine in the morning.,"{""app"":""reminders"",""action"":""create_reminder"",""params"":{""title"":""review the chemistry notes"",""date"":""1991-11-03"",""time"":""09:30:00""}}","Saturday, 1991-11-02",08:20:48
1923,f1f6660e-9560-5b4e-9f23-5b7bcceb4592,RemindersCreateReminder,"[""title"",""date""]",Kindly add a reminder to water the rose bushes on the fifteenth of April.,"{""app"":""reminders"",""action"":""create_reminder"",""params"":{""title"":""water the rose bushes"",""date"":""1995-04-15""}}","Tuesday, 1995-04-11",04:42:22
1924,3f7b3de9-e894-5db7-99eb-1a49e6c36825,RemindersCreateReminder,"[""title"",""date"",""time""]",Do not let me forget to book the physical therapy appointment tomorrow morning at 08:15.,"{""app"":""reminders"",""action"":""create_reminder"",""params"":{""title"":""book the physical therapy appointment"",""date"":""1997-03-19"",""time"":""08:15:00""}}","Tuesday, 1997-03-18",07:35:43
1925,3d21bb39-f9c1-54c3-bcc3-eedd8c8399bf,RemindersCreateReminder,"[""title"",""date""]",Please schedule a note for me to clean the garage on Sunday.,"{""app"":""reminders"",""action"":""create_reminder"",""params"":{""title"":""clean the garage"",""date"":""2002-06-09""}}","Friday, 2002-06-07",03:43:09
1926,69e73d1b-3750-58f6-8179-5e2293d2dc9f,RemindersCreateReminder,"[""title"",""date"",""time""]",Could you please remind me to practice the piano at four in the afternoon on May ninth?,"{""app"":""reminders"",""action"":""create_reminder"",""params"":{""title"":""practice the piano"",""date"":""2005-05-09"",""time"":""16:00:00""}}","Saturday, 2005-05-07",03:35:56
1927,c05f05d0-93c5-5565-a7c9-14611b19bb71,RemindersCreateReminder,"[""title"",""date""]",Make a note to feed the cat tomorrow evening.,"{""app"":""reminders"",""action"":""create_reminder"",""params"":{""title"":""feed the cat"",""date"":""2006-03-04""}}","Friday, 2006-03-03",01:50:54
1928,76525ea8-7c80-53c0-805f-8a822cd9a109,RemindersCreateReminder,"[""title"",""date"",""time""]",I need to prepare the budget slides next Monday at 10:00.,"{""app"":""reminders"",""action"":""create_reminder"",""params"":{""title"":""prepare the budget slides"",""date"":""2008-09-22"",""time"":""10:00:00""}}","Thursday, 2008-09-18",09:16:30
1929,7e234ec5-bd1d-51cf-b5bc-8f8db2f41842,RemindersCreateReminder,"[""title"",""date"",""time""]",Warn me to call the locksmith on October twentieth at three thirty in the afternoon.,"{""app"":""reminders"",""action"":""create_reminder"",""params"":{""title"":""call the locksmith"",""date"":""2008-10-20"",""time"":""15:30:00""}}","Friday, 2008-10-17",05:53:29
1930,4cfc5b87-3a31-5016-a15e-ce0996b36069,RemindersCreateReminder,"[""title"",""date"",""time""]",Please remind me to watch the documentary tonight at 21:00.,"{""app"":""reminders"",""action"":""create_reminder"",""params"":{""title"":""watch the documentary"",""date"":""2011-06-24"",""time"":""21:00:00""}}","Friday, 2011-06-24",21:45:17
1931,c8d56bdd-ea12-526f-b055-3aebd70bacc7,RemindersCreateReminder,"[""title"",""date""]","Tomorrow morning, I need to take my vitamins.","{""app"":""reminders"",""action"":""create_reminder"",""params"":{""title"":""take my vitamins"",""date"":""2020-06-16""}}","Monday, 2020-06-15",00:11:28
1932,32ab0a83-ca18-511b-97a3-c61561177e0a,RemindersCreateReminder,"[""title"",""date"",""time""]",Could you add a reminder to finish the history reading on January ninth at 07:45?,"{""app"":""reminders"",""action"":""create_reminder"",""params"":{""title"":""finish the history reading"",""date"":""2023-01-09"",""time"":""07:45:00""}}","Friday, 2023-01-06",00:09:51
1933,2c567e8d-97f8-53b9-8cab-bcfe6a9765b5,RemindersCreateReminder,"[""title"",""date""]",I would appreciate a reminder to repair the fence posts this Thursday.,"{""app"":""reminders"",""action"":""create_reminder"",""params"":{""title"":""repair the fence posts"",""date"":""2025-08-28""}}","Tuesday, 2025-08-26",18:56:19
1934,30f3f82f-81ef-57d3-89a6-a6963654b7a8,RemindersCreateReminder,"[""title"",""date"",""time""]",Please notify me to plan the seaside hike on the fifteenth of October at 06:30.,"{""app"":""reminders"",""action"":""create_reminder"",""params"":{""title"":""plan the seaside hike"",""date"":""2025-10-15"",""time"":""06:30:00""}}","Monday, 2025-10-13",10:26:13
1935,e74ec056-ce95-54ef-9bf3-a37f776e4ca7,RemindersCreateReminder,"[""title"",""date"",""time""]",Make sure I do not forget to read the Orion proposal next Tuesday at half past two in the afternoon.,"{""app"":""reminders"",""action"":""create_reminder"",""params"":{""title"":""read the Orion proposal"",""date"":""2030-06-18"",""time"":""14:30:00""}}","Friday, 2030-06-14",13:47:57
1936,21b762aa-0b4b-52d3-b4e0-6b8e182747c7,RemindersCreateReminder,"[""title"",""date""]",Please remind me to mail the scholarship application on September fifth.,"{""app"":""reminders"",""action"":""create_reminder"",""params"":{""title"":""mail the scholarship application"",""date"":""1993-09-05""}}","Wednesday, 1993-09-01",22:28:58
1937,21b762aa-0b4b-52d3-b4e0-6b8e182747c7,RemindersCreateReminder,"[""title"",""date""]",Could you kindly add a reminder to mail the scholarship application on the fifth of September?,"{""app"":""reminders"",""action"":""create_reminder"",""params"":{""title"":""mail the scholarship application"",""date"":""1994-09-05""}}","Monday, 1994-03-21",22:52:50
1938,21b762aa-0b4b-52d3-b4e0-6b8e182747c7,RemindersCreateReminder,"[""title"",""date""]",Please make a note to mail the scholarship application on September fifth.,"{""app"":""reminders"",""action"":""create_reminder"",""params"":{""title"":""mail the scholarship application"",""date"":""1994-09-05""}}","Wednesday, 1994-04-27",11:29:47
1939,21b762aa-0b4b-52d3-b4e0-6b8e182747c7,RemindersCreateReminder,"[""title"",""date""]",Would you kindly remind me to mail the scholarship application on September fifth?,"{""app"":""reminders"",""action"":""create_reminder"",""params"":{""title"":""mail the scholarship application"",""date"":""1995-09-05""}}","Wednesday, 1995-02-01",09:14:29
1940,21b762aa-0b4b-52d3-b4e0-6b8e182747c7,RemindersCreateReminder,"[""title"",""date""]",Please remember to mail the scholarship application on the fifth of September.,"{""app"":""reminders"",""action"":""create_reminder"",""params"":{""title"":""mail the scholarship application"",""date"":""1996-09-05""}}","Sunday, 1996-09-08",20:54:59
1941,21b762aa-0b4b-52d3-b4e0-6b8e182747c7,RemindersCreateReminder,"[""title"",""date""]",Kindly alert me to mail the scholarship application on September fifth.,"{""app"":""reminders"",""action"":""create_reminder"",""params"":{""title"":""mail the scholarship application"",""date"":""1999-09-05""}}","Thursday, 1999-06-24",21:39:16
1942,21b762aa-0b4b-52d3-b4e0-6b8e182747c7,RemindersCreateReminder,"[""title"",""date""]",Could you please remind me to mail the scholarship application on September fifth?,"{""app"":""reminders"",""action"":""create_reminder"",""params"":{""title"":""mail the scholarship application"",""date"":""2001-09-05""}}","Friday, 2001-03-02",10:12:36
1943,21b762aa-0b4b-52d3-b4e0-6b8e182747c7,RemindersCreateReminder,"[""title"",""date""]",Please note to mail the scholarship application on the fifth of September.,"{""app"":""reminders"",""action"":""create_reminder"",""params"":{""title"":""mail the scholarship application"",""date"":""2003-09-05""}}","Monday, 2003-06-16",23:54:03
1944,21b762aa-0b4b-52d3-b4e0-6b8e182747c7,RemindersCreateReminder,"[""title"",""date""]",Don't let me forget to mail the scholarship application on September fifth.,"{""app"":""reminders"",""action"":""create_reminder"",""params"":{""title"":""mail the scholarship application"",""date"":""2004-09-05""}}","Tuesday, 2004-04-20",13:13:13
1945,21b762aa-0b4b-52d3-b4e0-6b8e182747c7,RemindersCreateReminder,"[""title"",""date""]",Please add a reminder for mail the scholarship application on September fifth.,"{""app"":""reminders"",""action"":""create_reminder"",""params"":{""title"":""mail the scholarship application"",""date"":""2005-09-05""}}","Wednesday, 2005-12-07",09:31:56
1946,21b762aa-0b4b-52d3-b4e0-6b8e182747c7,RemindersCreateReminder,"[""title"",""date""]",Could you kindly schedule a reminder to mail the scholarship application on the fifth of September?,"{""app"":""reminders"",""action"":""create_reminder"",""params"":{""title"":""mail the scholarship application"",""date"":""2010-09-05""}}","Monday, 2010-08-02",00:58:21
1947,6f025ae4-a4eb-57dc-a000-f0583ac46e94,RemindersCreateReminder,"[""title"",""date"",""time""]",Please remind me to call the carpenter tomorrow at 14:30.,"{""app"":""reminders"",""action"":""create_reminder"",""params"":{""title"":""call the carpenter"",""date"":""2014-07-06"",""time"":""14:30:00""}}","Saturday, 2014-07-05",23:36:27
1948,6f025ae4-a4eb-57dc-a000-f0583ac46e94,RemindersCreateReminder,"[""title"",""date"",""time""]",Could you kindly alert me to call the carpenter tomorrow at half past two in the afternoon?,"{""app"":""reminders"",""action"":""create_reminder"",""params"":{""title"":""call the carpenter"",""date"":""2018-10-05"",""time"":""14:30:00""}}","Thursday, 2018-10-04",03:10:25
1949,6f025ae4-a4eb-57dc-a000-f0583ac46e94,RemindersCreateReminder,"[""title"",""date"",""time""]",Please make a note to call the carpenter tomorrow at 14:30.,"{""app"":""reminders"",""action"":""create_reminder"",""params"":{""title"":""call the carpenter"",""date"":""2023-09-12"",""time"":""14:30:00""}}","Monday, 2023-09-11",11:52:49
1950,6f025ae4-a4eb-57dc-a000-f0583ac46e94,RemindersCreateReminder,"[""title"",""date"",""time""]",Would you kindly remind me to call the carpenter tomorrow at half past two in the afternoon?,"{""app"":""reminders"",""action"":""create_reminder"",""params"":{""title"":""call the carpenter"",""date"":""2026-10-09"",""time"":""14:30:00""}}","Thursday, 2026-10-08",03:23:50
1951,2375533a-0c6c-53d8-a08f-bfbf03dc642f,RemindersCreateReminder,"[""title"",""date"",""time""]",Please remind me to submit the tax forms tomorrow morning.,"{""app"":""reminders"",""action"":""create_reminder"",""params"":{""title"":""submit the tax forms"",""date"":""1990-01-20"",""time"":""09:00:00""}}","Friday, 1990-01-19",03:36:46
1952,2375533a-0c6c-53d8-a08f-bfbf03dc642f,RemindersCreateReminder,"[""title"",""date"",""time""]",I would appreciate it if you could alert me to send the tax return papers next Tuesday at half past eight.,"{""app"":""reminders"",""action"":""create_reminder"",""params"":{""title"":""send the tax return papers"",""date"":""1992-01-28"",""time"":""08:30:00""}}","Monday, 1992-01-20",23:28:54
1953,2375533a-0c6c-53d8-a08f-bfbf03dc642f,RemindersCreateReminder,"[""title"",""date"",""time""]",Could you please make a note to file my tax documents this Friday evening?,"{""app"":""reminders"",""action"":""create_reminder"",""params"":{""title"":""file my tax documents"",""date"":""1996-06-28"",""time"":""18:00:00""}}","Wednesday, 1996-06-26",11:09:00
1954,2375533a-0c6c-53d8-a08f-bfbf03dc642f,RemindersCreateReminder,"[""title"",""date"",""time""]",Do not let me forget to send the IRS packet tomorrow at 7:15 in the morning.,"{""app"":""reminders"",""action"":""create_reminder"",""params"":{""title"":""send the IRS packet"",""date"":""1996-10-16"",""time"":""07:15:00""}}","Tuesday, 1996-10-15",07:23:50
1955,2375533a-0c6c-53d8-a08f-bfbf03dc642f,RemindersCreateReminder,"[""title"",""date"",""time""]",Kindly notify me to finish the accountant packet tonight.,"{""app"":""reminders"",""action"":""create_reminder"",""params"":{""title"":""finish the accountant packet"",""date"":""1997-07-10"",""time"":""21:00:00""}}","Thursday, 1997-07-10",02:36:40
1956,2d2a892d-a15c-5f09-a8c0-860d2d79f030,RemindersCreateReminder,"[""title"",""date"",""time""]",Please remind me to mow the backyard lawn in two hours.,"{""app"":""reminders"",""action"":""create_reminder"",""params"":{""title"":""mow the backyard lawn"",""date"":""2001-06-26"",""time"":""05:29:51""}}","Tuesday, 2001-06-26",03:29:51
1957,2d2a892d-a15c-5f09-a8c0-860d2d79f030,RemindersCreateReminder,"[""title"",""date"",""time""]","I need to trim the hedge tomorrow afternoon, so please add that as a reminder.","{""app"":""reminders"",""action"":""create_reminder"",""params"":{""title"":""trim the hedge"",""date"":""2006-05-06"",""time"":""15:00:00""}}","Friday, 2006-05-05",19:01:44
1958,2d2a892d-a15c-5f09-a8c0-860d2d79f030,RemindersCreateReminder,"[""title"",""date"",""time""]",Would you kindly warn me to water the rose bushes this Sunday at 8 o'clock?,"{""app"":""reminders"",""action"":""create_reminder"",""params"":{""title"":""water the rose bushes"",""date"":""2011-10-23"",""time"":""08:00:00""}}","Wednesday, 2011-10-19",07:51:57
1959,2d2a892d-a15c-5f09-a8c0-860d2d79f030,RemindersCreateReminder,"[""title"",""date"",""time""]",Don't forget to rake the front yard leaves next Monday morning.,"{""app"":""reminders"",""action"":""create_reminder"",""params"":{""title"":""rake the front yard leaves"",""date"":""2019-03-25"",""time"":""09:00:00""}}","Tuesday, 2019-03-19",12:24:26
1960,2d2a892d-a15c-5f09-a8c0-860d2d79f030,RemindersCreateReminder,"[""title"",""date"",""time""]",Please schedule a reminder for polishing the bicycle chain in thirty minutes.,"{""app"":""reminders"",""action"":""create_reminder"",""params"":{""title"":""polishing the bicycle chain"",""date"":""2021-07-18"",""time"":""08:18:44""}}","Sunday, 2021-07-18",07:48:44
1961,76a1b72e-01fb-5387-8145-fe1f554a10f3,RemindersCreateReminder,"[""title"",""date"",""time""]",I would appreciate a reminder to review the chemistry notes tomorrow night.,"{""app"":""reminders"",""action"":""create_reminder"",""params"":{""title"":""review the chemistry notes"",""date"":""2022-09-21"",""time"":""20:00:00""}}","Tuesday, 2022-09-20",21:26:06
1962,76a1b72e-01fb-5387-8145-fe1f554a10f3,RemindersCreateReminder,"[""title"",""date"",""time""]",Could you please remind me to read the astronomy paper this evening?,"{""app"":""reminders"",""action"":""create_reminder"",""params"":{""title"":""read the astronomy paper"",""date"":""2024-06-20"",""time"":""20:00:00""}}","Thursday, 2024-06-20",17:27:17
1963,76a1b72e-01fb-5387-8145-fe1f554a10f3,RemindersCreateReminder,"[""title"",""date"",""time""]",Make a note to practice the piano sonata next Friday at 6:45 in the morning.,"{""app"":""reminders"",""action"":""create_reminder"",""params"":{""title"":""practice the piano sonata"",""date"":""2024-11-22"",""time"":""06:45:00""}}","Monday, 2024-11-18",04:39:33
1964,76a1b72e-01fb-5387-8145-fe1f554a10f3,RemindersCreateReminder,"[""title"",""date"",""time""]",Please remind me to study the Latin declensions tomorrow at noon.,"{""app"":""reminders"",""action"":""create_reminder"",""params"":{""title"":""study the Latin declensions"",""date"":""2030-08-30"",""time"":""12:00:00""}}","Thursday, 2030-08-29",01:17:54
1965,76a1b72e-01fb-5387-8145-fe1f554a10f3,RemindersCreateReminder,"[""title"",""date"",""time""]",Kindly add a reminder to finish the watercolor sketch this Sunday evening.,"{""app"":""reminders"",""action"":""create_reminder"",""params"":{""title"":""finish the watercolor sketch"",""date"":""2030-11-03"",""time"":""19:00:00""}}","Sunday, 2030-11-03",12:26:03
1966,44cb813f-cdbf-5d06-a190-54382e1cf292,RemindersUpdateReminder,"[""title"",""new_title"",""new_date"",""new_time"",""new_notes""]","hey can you change ""garden hose"" to ""replace the garden hose"" tomorrow morning, and make the note say check the nozzle too","{""app"":""reminders"",""action"":""update_reminder"",""params"":{""title"":""garden hose"",""new_title"":""replace the garden hose"",""new_date"":""1990-08-13"",""new_time"":""09:00:00"",""new_notes"":""check the nozzle too""}}","Sunday, 1990-08-12",06:37:45
1967,44cb813f-cdbf-5d06-a190-54382e1cf292,RemindersUpdateReminder,"[""title"",""new_title"",""new_date"",""new_time""]","forget about ""garden hose"" and rename it to ""get a new hose"" next Tuesday at 4 in the afternoon","{""app"":""reminders"",""action"":""update_reminder"",""params"":{""title"":""garden hose"",""new_title"":""get a new hose"",""new_date"":""1990-06-19"",""new_time"":""16:00:00""}}","Wednesday, 1993-06-16",01:36:43
1968,44cb813f-cdbf-5d06-a190-54382e1cf292,RemindersUpdateReminder,"[""title"",""new_title"",""new_date"",""new_time"",""new_notes""]","could you please update ""garden hose"" to ""buy a sturdier hose"" this evening around seven, and note the kink near the spigot","{""app"":""reminders"",""action"":""update_reminder"",""params"":{""title"":""garden hose"",""new_title"":""buy a sturdier hose"",""new_date"":""1993-07-21"",""new_time"":""19:00:00"",""new_notes"":""kink near the spigot""}}","Wednesday, 1993-07-21",00:41:12
1969,44cb813f-cdbf-5d06-a190-54382e1cf292,RemindersUpdateReminder,"[""title"",""new_title"",""new_date"",""new_time"",""new_notes""]","make ""garden hose"" read ""swap out the garden hose"" for next Friday morning, and add that the reel is jammed","{""app"":""reminders"",""action"":""update_reminder"",""params"":{""title"":""garden hose"",""new_title"":""swap out the garden hose"",""new_date"":""1999-08-27"",""new_time"":""09:00:00"",""new_notes"":""the reel is jammed""}}","Friday, 1999-08-20",02:14:34
1970,44cb813f-cdbf-5d06-a190-54382e1cf292,RemindersUpdateReminder,"[""title"",""new_title"",""new_date"",""new_time""]","please rename ""garden hose"" to ""fix the leaky hose"" on December twenty ninth at 2:30 pm","{""app"":""reminders"",""action"":""update_reminder"",""params"":{""title"":""garden hose"",""new_title"":""fix the leaky hose"",""new_date"":""2000-12-29"",""new_time"":""14:30:00""}}","Tuesday, 2000-12-26",06:35:57
1971,44cb813f-cdbf-5d06-a190-54382e1cf292,RemindersUpdateReminder,"[""title"",""new_title"",""new_date"",""new_time"",""new_notes""]","update ""garden hose"" to say ""pick up a replacement hose"" tomorrow at 8:15 in the morning, and jot down the cracked fitting","{""app"":""reminders"",""action"":""update_reminder"",""params"":{""title"":""garden hose"",""new_title"":""pick up a replacement hose"",""new_date"":""2002-05-05"",""new_time"":""08:15:00"",""new_notes"":""cracked fitting""}}","Saturday, 2002-05-04",20:41:18
1972,44cb813f-cdbf-5d06-a190-54382e1cf292,RemindersUpdateReminder,"[""title"",""new_title"",""new_date"",""new_time""]","hey, change ""garden hose"" into ""order a heavy-duty hose"" this coming Saturday at 6 pm","{""app"":""reminders"",""action"":""update_reminder"",""params"":{""title"":""garden hose"",""new_title"":""order a heavy-duty hose"",""new_date"":""2005-11-05"",""new_time"":""18:00:00""}}","Wednesday, 2005-11-02",13:44:19
1973,44cb813f-cdbf-5d06-a190-54382e1cf292,RemindersUpdateReminder,"[""title"",""new_title"",""new_date"",""new_time"",""new_notes""]","could you tweak ""garden hose"" to ""grab hose clamps"" for tomorrow afternoon around three, and note the back faucet leak","{""app"":""reminders"",""action"":""update_reminder"",""params"":{""title"":""garden hose"",""new_title"":""grab hose clamps"",""new_date"":""2013-01-30"",""new_time"":""15:00:00"",""new_notes"":""back faucet leak""}}","Tuesday, 2013-01-29",13:45:20
1974,44cb813f-cdbf-5d06-a190-54382e1cf292,RemindersUpdateReminder,"[""title"",""new_title"",""new_date"",""new_time"",""new_notes""]","don't let me forget to change ""garden hose"" to ""check the hose connection"" on Friday morning at 10:00, and add ""garage side""","{""app"":""reminders"",""action"":""update_reminder"",""params"":{""title"":""garden hose"",""new_title"":""check the hose connection"",""new_date"":""2018-05-11"",""new_time"":""10:00:00"",""new_notes"":""garage side""}}","Thursday, 2018-05-10",18:42:13
1975,44cb813f-cdbf-5d06-a190-54382e1cf292,RemindersUpdateReminder,"[""title"",""new_title"",""new_date"",""new_time""]","make a note to rename ""garden hose"" as ""repair the outdoor hose"" next Monday at half past four","{""app"":""reminders"",""action"":""update_reminder"",""params"":{""title"":""garden hose"",""new_title"":""repair the outdoor hose"",""new_date"":""2019-01-14"",""new_time"":""16:30:00""}}","Thursday, 2019-01-10",16:29:46
1976,7aece7c3-af47-5ab0-9b4c-543e48ac313e,RemindersUpdateReminder,"[""title"",""new_title"",""new_date"",""new_time""]","hey can you update ""train whistle"" to ""book the dentist appointment"" tomorrow at 9 in the morning","{""app"":""reminders"",""action"":""update_reminder"",""params"":{""title"":""train whistle"",""new_title"":""book the dentist appointment"",""new_date"":""2022-01-14"",""new_time"":""09:00:00""}}","Thursday, 2022-01-13",02:12:46
1977,7aece7c3-af47-5ab0-9b4c-543e48ac313e,RemindersUpdateReminder,"[""title"",""new_title"",""new_date"",""new_time"",""new_notes""]","please change ""train whistle"" to ""call the orthodontist"" next Tuesday at 7:45 pm, and keep the note about the retainer","{""app"":""reminders"",""action"":""update_reminder"",""params"":{""title"":""train whistle"",""new_title"":""call the orthodontist"",""new_date"":""2026-01-20"",""new_time"":""19:45:00"",""new_notes"":""the retainer""}}","Saturday, 2026-01-17",22:56:00
1978,7aece7c3-af47-5ab0-9b4c-543e48ac313e,RemindersUpdateReminder,"[""title"",""new_title"",""new_date"",""new_time""]","could you rename ""train whistle"" to ""move the tooth cleaning"" on July twenty seventh at 11 am","{""app"":""reminders"",""action"":""update_reminder"",""params"":{""title"":""train whistle"",""new_title"":""move the tooth cleaning"",""new_date"":""2028-07-27"",""new_time"":""11:00:00""}}","Tuesday, 2028-07-25",06:36:07
1979,7aece7c3-af47-5ab0-9b4c-543e48ac313e,RemindersUpdateReminder,"[""title"",""new_title"",""new_date"",""new_time"",""new_notes""]","update ""train whistle"" to ""get the crown checked"" this evening at 6:15, and note the chipped filling","{""app"":""reminders"",""action"":""update_reminder"",""params"":{""title"":""train whistle"",""new_title"":""get the crown checked"",""new_date"":""2028-11-18"",""new_time"":""18:15:00"",""new_notes"":""chipped filling""}}","Saturday, 2028-11-18",08:47:17
1980,7aece7c3-af47-5ab0-9b4c-543e48ac313e,RemindersUpdateReminder,"[""title"",""new_title"",""new_date"",""new_time""]","hey, make ""train whistle"" say ""reschedule the hygienist visit"" tomorrow morning at 8:20","{""app"":""reminders"",""action"":""update_reminder"",""params"":{""title"":""train whistle"",""new_title"":""reschedule the hygienist visit"",""new_date"":""2030-04-01"",""new_time"":""08:20:00""}}","Sunday, 2030-03-31",03:27:14
1981,fb07088f-ac67-5e94-9f4a-27de9604b38b,RemindersUpdateReminder,"[""title"",""new_title"",""new_date"",""new_time""]","Could you update the reminder for the tax forms thing to next Monday at 9 in the morning, and change the title to file taxes?","{""app"":""reminders"",""action"":""update_reminder"",""params"":{""title"":""tax forms thing"",""new_title"":""file taxes"",""new_date"":""1994-02-14"",""new_time"":""09:00:00""}}","Sunday, 1994-02-13",15:00:12
1982,9a44761d-a996-57cc-ade5-80c52cc4d2e9,RemindersUpdateReminder,"[""title"",""new_title"",""new_date""]","Hey, make a note to rename the quarterly budget slides reminder to budget review and move it to tomorrow afternoon.","{""app"":""reminders"",""action"":""update_reminder"",""params"":{""title"":""quarterly budget slides"",""new_title"":""budget review"",""new_date"":""1998-06-13""}}","Friday, 1998-06-12",01:09:54
1983,52b6661f-faf1-587a-a491-de30b59bd108,RemindersUpdateReminder,"[""title"",""new_title"",""new_date"",""new_time""]",Can you swap the title on the chemistry chapter reminder to organic chem prep and push it to this evening at 7:30?,"{""app"":""reminders"",""action"":""update_reminder"",""params"":{""title"":""chemistry chapter"",""new_title"":""organic chem prep"",""new_date"":""2000-06-18"",""new_time"":""19:30:00""}}","Sunday, 2000-06-18",04:14:46
1984,af2d92b2-2497-5a5f-bc7e-9c41b0ea2c01,RemindersUpdateReminder,"[""title"",""new_title"",""new_date""]",Please update the garage shelf cleanup reminder so it says garage shelves and nudge it to Friday morning.,"{""app"":""reminders"",""action"":""update_reminder"",""params"":{""title"":""garage shelf cleanup"",""new_title"":""garage shelves"",""new_date"":""2000-12-15""}}","Thursday, 2000-12-14",09:01:21
1985,b8cac98b-e1fd-5010-8671-afb80789de83,RemindersUpdateReminder,"[""title"",""new_title"",""new_date"",""new_time""]","Actually, rename the rose bushes reminder to water the roses and make it tonight at 8.","{""app"":""reminders"",""action"":""update_reminder"",""params"":{""title"":""rose bushes"",""new_title"":""water the roses"",""new_date"":""2003-01-04"",""new_time"":""20:00:00""}}","Saturday, 2003-01-04",21:34:07
1986,423d899d-a518-530c-b72a-98879c30a79f,RemindersUpdateReminder,"[""title"",""new_title"",""new_date"",""new_time""]",Could you adjust the piano practice reminder to say scales practice and move it to in two hours?,"{""app"":""reminders"",""action"":""update_reminder"",""params"":{""title"":""piano practice"",""new_title"":""scales practice"",""new_date"":""2004-05-24"",""new_time"":""04:30:12""}}","Monday, 2004-05-24",02:30:12
1987,75363f8d-61da-5649-b0f9-30c09ac18c99,RemindersUpdateReminder,"[""title"",""new_title"",""new_date"",""new_time""]","Hey, change the physical therapy booking reminder to physio appointment and set it for tomorrow at half past four.","{""app"":""reminders"",""action"":""update_reminder"",""params"":{""title"":""physical therapy booking"",""new_title"":""physio appointment"",""new_date"":""2012-12-17"",""new_time"":""16:30:00""}}","Sunday, 2012-12-16",17:38:06
1988,f4cb12f9-7f9f-54b1-b9c4-3c5de6fe862e,RemindersUpdateReminder,"[""title"",""new_title"",""new_date"",""new_time""]",Can we rename the cat food reminder to feed Luna and shift it to this evening around 6:15?,"{""app"":""reminders"",""action"":""update_reminder"",""params"":{""title"":""cat food"",""new_title"":""feed Luna"",""new_date"":""2013-01-06"",""new_time"":""18:15:00""}}","Sunday, 2013-01-06",14:05:43
1989,cf09f96c-f541-54da-8040-e354d89ce469,RemindersUpdateReminder,"[""title"",""new_title"",""new_date"",""new_time""]",Please update the chess club reminder to weekend chess night and move it to next Tuesday at 2 in the afternoon.,"{""app"":""reminders"",""action"":""update_reminder"",""params"":{""title"":""chess club"",""new_title"":""weekend chess night"",""new_date"":""2014-07-22"",""new_time"":""14:00:00""}}","Tuesday, 2014-07-15",13:58:05
1990,2a3b3b54-4713-5196-9e46-20b2adbf031e,RemindersUpdateReminder,"[""title"",""new_title"",""new_date""]",Could you fix the kitchen sink reminder so it reads sink repair and put it on Saturday morning?,"{""app"":""reminders"",""action"":""update_reminder"",""params"":{""title"":""kitchen sink"",""new_title"":""sink repair"",""new_date"":""2015-04-04""}}","Thursday, 2015-04-02",03:28:12
1991,410739f7-d924-5b19-8590-5db9be1d0a8f,RemindersUpdateReminder,"[""title"",""new_title"",""new_date"",""new_time""]","Hey, change the history exam reminder to medieval history and set it for tomorrow night at 9.","{""app"":""reminders"",""action"":""update_reminder"",""params"":{""title"":""history exam"",""new_title"":""medieval history"",""new_date"":""2020-07-11"",""new_time"":""21:00:00""}}","Friday, 2020-07-10",11:55:00
1992,be0c7c47-f007-544e-943d-0aae5778b86a,RemindersUpdateReminder,"[""title"",""new_title"",""new_date"",""new_time""]",Can you rename the yoga class reminder to sunrise stretch and move it to Sunday at 7 in the morning?,"{""app"":""reminders"",""action"":""update_reminder"",""params"":{""title"":""yoga class"",""new_title"":""sunrise stretch"",""new_date"":""2023-08-13"",""new_time"":""07:00:00""}}","Sunday, 2023-08-13",01:26:52
1993,6f87a3f7-a2f5-5eb4-98c0-d1eb833331c6,RemindersUpdateReminder,"[""title"",""new_title"",""new_date"",""new_time""]","Actually, update the Italian dinner reminder to pasta night and make it next Friday at 19:00.","{""app"":""reminders"",""action"":""update_reminder"",""params"":{""title"":""Italian dinner"",""new_title"":""pasta night"",""new_date"":""2023-10-06"",""new_time"":""19:00:00""}}","Tuesday, 2023-10-03",12:28:09
1994,3c5452b2-8820-5da7-8868-12a6a724a62e,RemindersUpdateReminder,"[""title"",""new_title"",""new_date"",""new_time""]",Please change the coding sprint reminder to backend bugfixes and push it to the day after tomorrow at quarter to ten.,"{""app"":""reminders"",""action"":""update_reminder"",""params"":{""title"":""coding sprint"",""new_title"":""backend bugfixes"",""new_date"":""2026-09-25"",""new_time"":""09:45:00""}}","Wednesday, 2026-09-23",00:49:53
1995,c4796ae1-2e55-5c8e-84ab-19e66f65ada4,RemindersUpdateReminder,"[""title"",""new_title"",""new_date"",""new_time""]","Hey, could you rename the morning jog reminder to trail run and move it to tonight at 6:20?","{""app"":""reminders"",""action"":""update_reminder"",""params"":{""title"":""morning jog"",""new_title"":""trail run"",""new_date"":""2028-12-18"",""new_time"":""18:20:00""}}","Monday, 2028-12-18",00:29:06
1996,b08ef35b-624e-5f8f-ac55-db1d04767ef9,RemindersUpdateReminder,"[""title"",""new_title"",""new_date"",""new_time""]","Please update the reminder for the quarterly ledger review to the third of November at half past two in the afternoon, and kindly rename it to finance ledger check.","{""app"":""reminders"",""action"":""update_reminder"",""params"":{""title"":""quarterly ledger review"",""new_title"":""finance ledger check"",""new_date"":""1995-11-03"",""new_time"":""14:30:00""}}","Sunday, 1995-10-15",03:21:29
1997,b08ef35b-624e-5f8f-ac55-db1d04767ef9,RemindersUpdateReminder,"[""title"",""new_title"",""new_date"",""new_time""]","Could you kindly change the reminder called quarterly ledger review to November third at 2:30 PM, and please make the title finance ledger check.","{""app"":""reminders"",""action"":""update_reminder"",""params"":{""title"":""quarterly ledger review"",""new_title"":""finance ledger check"",""new_date"":""1997-11-03"",""new_time"":""14:30:00""}}","Monday, 1997-12-01",01:19:07
1998,b08ef35b-624e-5f8f-ac55-db1d04767ef9,RemindersUpdateReminder,"[""title"",""new_title"",""new_date"",""new_time""]","Please move the quarterly ledger review reminder to November third at 14:30, and rename it finance ledger check.","{""app"":""reminders"",""action"":""update_reminder"",""params"":{""title"":""quarterly ledger review"",""new_title"":""finance ledger check"",""new_date"":""2003-11-03"",""new_time"":""14:30:00""}}","Thursday, 2003-10-30",15:17:37
1999,b08ef35b-624e-5f8f-ac55-db1d04767ef9,RemindersUpdateReminder,"[""title"",""new_title"",""new_date"",""new_time""]","Would you kindly update quarterly ledger review to the third of November at two thirty in the afternoon, and change the title to finance ledger check?","{""app"":""reminders"",""action"":""update_reminder"",""params"":{""title"":""quarterly ledger review"",""new_title"":""finance ledger check"",""new_date"":""2006-11-03"",""new_time"":""14:30:00""}}","Tuesday, 2006-02-14",03:17:43
2000,b08ef35b-624e-5f8f-ac55-db1d04767ef9,RemindersUpdateReminder,"[""title"",""new_title"",""new_date"",""new_time""]",Please rename the quarterly ledger review reminder to finance ledger check and set it for November third at half past two.,"{""app"":""reminders"",""action"":""update_reminder"",""params"":{""title"":""quarterly ledger review"",""new_title"":""finance ledger check"",""new_date"":""2006-11-03"",""new_time"":""14:30:00""}}","Tuesday, 2006-06-27",18:03:47
2001,b08ef35b-624e-5f8f-ac55-db1d04767ef9,RemindersUpdateReminder,"[""title"",""new_title"",""new_date"",""new_time""]","Could you please update quarterly ledger review so it reads finance ledger check, with the date on November third and the time at 2:30 PM?","{""app"":""reminders"",""action"":""update_reminder"",""params"":{""title"":""quarterly ledger review"",""new_title"":""finance ledger check"",""new_date"":""2008-11-03"",""new_time"":""14:30:00""}}","Sunday, 2008-08-17",21:15:01
2002,b08ef35b-624e-5f8f-ac55-db1d04767ef9,RemindersUpdateReminder,"[""title"",""new_title"",""new_date"",""new_time""]",Kindly switch the reminder quarterly ledger review to finance ledger check for November third at 14:30.,"{""app"":""reminders"",""action"":""update_reminder"",""params"":{""title"":""quarterly ledger review"",""new_title"":""finance ledger check"",""new_date"":""2011-11-03"",""new_time"":""14:30:00""}}","Wednesday, 2011-04-06",17:17:15
2003,b08ef35b-624e-5f8f-ac55-db1d04767ef9,RemindersUpdateReminder,"[""title"",""new_title"",""new_date"",""new_time""]",Please change quarterly ledger review into finance ledger check and put it on November third at two thirty PM.,"{""app"":""reminders"",""action"":""update_reminder"",""params"":{""title"":""quarterly ledger review"",""new_title"":""finance ledger check"",""new_date"":""2012-11-03"",""new_time"":""14:30:00""}}","Tuesday, 2012-10-16",13:00:11
2004,b08ef35b-624e-5f8f-ac55-db1d04767ef9,RemindersUpdateReminder,"[""title"",""new_title"",""new_date"",""new_time""]",Could you kindly rename the reminder quarterly ledger review to finance ledger check and move it to November third at 2:30 in the afternoon?,"{""app"":""reminders"",""action"":""update_reminder"",""params"":{""title"":""quarterly ledger review"",""new_title"":""finance ledger check"",""new_date"":""2015-11-03"",""new_time"":""14:30:00""}}","Wednesday, 2015-12-02",09:40:47
2005,b08ef35b-624e-5f8f-ac55-db1d04767ef9,RemindersUpdateReminder,"[""title"",""new_title"",""new_date"",""new_time""]","Please update the quarterly ledger review reminder to finance ledger check, dated November third at half past two.","{""app"":""reminders"",""action"":""update_reminder"",""params"":{""title"":""quarterly ledger review"",""new_title"":""finance ledger check"",""new_date"":""2016-11-03"",""new_time"":""14:30:00""}}","Tuesday, 2016-01-05",21:40:10
2006,b08ef35b-624e-5f8f-ac55-db1d04767ef9,RemindersUpdateReminder,"[""title"",""new_title"",""new_date"",""new_time""]",Would you please rename quarterly ledger review to finance ledger check and set the reminder for November third at 14:30?,"{""app"":""reminders"",""action"":""update_reminder"",""params"":{""title"":""quarterly ledger review"",""new_title"":""finance ledger check"",""new_date"":""2016-11-03"",""new_time"":""14:30:00""}}","Sunday, 2016-02-07",21:40:51
2007,b08ef35b-624e-5f8f-ac55-db1d04767ef9,RemindersUpdateReminder,"[""title"",""new_title"",""new_date"",""new_time""]",Kindly adjust the quarterly ledger review reminder so it becomes finance ledger check on November third at 2:30 PM.,"{""app"":""reminders"",""action"":""update_reminder"",""params"":{""title"":""quarterly ledger review"",""new_title"":""finance ledger check"",""new_date"":""2017-11-03"",""new_time"":""14:30:00""}}","Sunday, 2017-12-24",10:35:43
2008,08361631-e6ff-505a-b433-355c078cc27d,RemindersUpdateReminder,"[""title"",""new_date"",""new_time""]","Please change the reminder for the balcony herb watering to tomorrow morning at seven, and keep the title as is.","{""app"":""reminders"",""action"":""update_reminder"",""params"":{""title"":""balcony herb watering"",""new_date"":""2020-08-16"",""new_time"":""07:00:00""}}","Saturday, 2020-08-15",17:50:39
2009,08361631-e6ff-505a-b433-355c078cc27d,RemindersUpdateReminder,"[""title"",""new_date"",""new_time"",""new_notes""]",Could you kindly move the balcony herb watering reminder to the first of September at 07:00 and add a note saying 'Use the blue watering can'?,"{""app"":""reminders"",""action"":""update_reminder"",""params"":{""title"":""balcony herb watering"",""new_date"":""2023-09-01"",""new_time"":""07:00:00"",""new_notes"":""Use the blue watering can""}}","Thursday, 2023-08-31",22:58:16
2010,08361631-e6ff-505a-b433-355c078cc27d,RemindersUpdateReminder,"[""title"",""new_date"",""new_time"",""new_notes""]","Please update balcony herb watering to the thirty-first of December at seven in the morning, and note 'Check the basil before you water'.","{""app"":""reminders"",""action"":""update_reminder"",""params"":{""title"":""balcony herb watering"",""new_date"":""2026-12-31"",""new_time"":""07:00:00"",""new_notes"":""Check the basil before you water""}}","Wednesday, 2026-12-30",20:41:47
2011,a6ec1d30-a1be-5286-a2c3-472c45e888b5,RemindersUpdateReminder,"[""title"",""new_title"",""new_date"",""new_time""]",Update the grocery reminder to laundry detergent for tomorrow evening.,"{""app"":""reminders"",""action"":""update_reminder"",""params"":{""title"":""grocery reminder"",""new_title"":""laundry detergent"",""new_date"":""1995-01-17"",""new_time"":""18:00:00""}}","Monday, 1995-01-16",00:17:16
2012,a6ec1d30-a1be-5286-a2c3-472c45e888b5,RemindersUpdateReminder,"[""title"",""new_date"",""new_time""]",Change the reminder for dish soap to next Monday morning.,"{""app"":""reminders"",""action"":""update_reminder"",""params"":{""title"":""dish soap"",""new_date"":""1998-02-16"",""new_time"":""09:00:00""}}","Friday, 1998-02-13",07:06:22
2013,a6ec1d30-a1be-5286-a2c3-472c45e888b5,RemindersUpdateReminder,"[""title"",""new_title"",""new_date"",""new_time""]",Rename the paper towels reminder to sponges and move it to Friday at 5 PM.,"{""app"":""reminders"",""action"":""update_reminder"",""params"":{""title"":""paper towels"",""new_title"":""sponges"",""new_date"":""2002-07-26"",""new_time"":""17:00:00""}}","Tuesday, 2002-07-23",17:30:06
2014,a6ec1d30-a1be-5286-a2c3-472c45e888b5,RemindersUpdateReminder,"[""title"",""new_title"",""new_date"",""new_time""]",Could you please update the trash bags reminder to recycling bins for this afternoon at three?,"{""app"":""reminders"",""action"":""update_reminder"",""params"":{""title"":""trash bags"",""new_title"":""recycling bins"",""new_date"":""2003-02-10"",""new_time"":""15:00:00""}}","Monday, 2003-02-10",09:54:58
2015,a6ec1d30-a1be-5286-a2c3-472c45e888b5,RemindersUpdateReminder,"[""title"",""new_date"",""new_time""]",Move the cat litter reminder to Saturday morning.,"{""app"":""reminders"",""action"":""update_reminder"",""params"":{""title"":""cat litter"",""new_date"":""2006-07-29"",""new_time"":""09:00:00""}}","Thursday, 2006-07-27",01:30:02
2016,a6ec1d30-a1be-5286-a2c3-472c45e888b5,RemindersUpdateReminder,"[""title"",""new_title"",""new_date"",""new_time""]","Make the furnace filter reminder say air filter instead, and put it on Sunday evening.","{""app"":""reminders"",""action"":""update_reminder"",""params"":{""title"":""furnace filter"",""new_title"":""air filter"",""new_date"":""2007-10-28"",""new_time"":""18:00:00""}}","Friday, 2007-10-26",18:26:11
2017,a6ec1d30-a1be-5286-a2c3-472c45e888b5,RemindersUpdateReminder,"[""title"",""new_title"",""new_date"",""new_time""]",Change the lightbulbs reminder to LED bulbs for next Tuesday at 7:30 in the evening.,"{""app"":""reminders"",""action"":""update_reminder"",""params"":{""title"":""lightbulbs"",""new_title"":""LED bulbs"",""new_date"":""2011-01-11"",""new_time"":""19:30:00""}}","Friday, 2011-01-07",13:43:33
2018,a6ec1d30-a1be-5286-a2c3-472c45e888b5,RemindersUpdateReminder,"[""title"",""new_title"",""new_date"",""new_time""]",Update the shampoo reminder to conditioner and bump it to tomorrow at 8 AM.,"{""app"":""reminders"",""action"":""update_reminder"",""params"":{""title"":""shampoo"",""new_title"":""conditioner"",""new_date"":""2011-03-25"",""new_time"":""08:00:00""}}","Thursday, 2011-03-24",15:58:18
2019,a6ec1d30-a1be-5286-a2c3-472c45e888b5,RemindersUpdateReminder,"[""title"",""new_title"",""new_date"",""new_time""]",Don’t let me forget the toothpaste reminder; rename it to floss picks and move it to this morning at 9:15.,"{""app"":""reminders"",""action"":""update_reminder"",""params"":{""title"":""toothpaste"",""new_title"":""floss picks"",""new_date"":""2011-12-23"",""new_time"":""09:15:00""}}","Friday, 2011-12-23",00:04:32
2020,a6ec1d30-a1be-5286-a2c3-472c45e888b5,RemindersUpdateReminder,"[""title"",""new_title"",""new_date"",""new_time""]",Please change the printer ink reminder to toner cartridges for next Wednesday at 2 PM.,"{""app"":""reminders"",""action"":""update_reminder"",""params"":{""title"":""printer ink"",""new_title"":""toner cartridges"",""new_date"":""2015-10-21"",""new_time"":""14:00:00""}}","Friday, 2015-10-16",14:20:10
2021,a6ec1d30-a1be-5286-a2c3-472c45e888b5,RemindersUpdateReminder,"[""title"",""new_title"",""new_date"",""new_time""]",Rename the windshield washer fluid reminder to de-icer and set it for tomorrow night.,"{""app"":""reminders"",""action"":""update_reminder"",""params"":{""title"":""windshield washer fluid"",""new_title"":""de-icer"",""new_date"":""2016-02-28"",""new_time"":""19:00:00""}}","Saturday, 2016-02-27",09:21:09
2022,9d41a478-d0fb-5eaa-86b1-0aaa846ef72b,RemindersUpdateReminder,"[""title"",""new_title"",""new_date"",""new_time""]",Make a note to update the passport photo reminder to visa forms on Monday at 10:00 AM.,"{""app"":""reminders"",""action"":""update_reminder"",""params"":{""title"":""passport photo"",""new_title"":""visa forms"",""new_date"":""2020-08-03"",""new_time"":""10:00:00""}}","Friday, 2020-07-31",08:52:27
2023,9d41a478-d0fb-5eaa-86b1-0aaa846ef72b,RemindersUpdateReminder,"[""title"",""new_title"",""new_date"",""new_time""]",Shift the library card renewal reminder to Saturday evening and call it reading list instead.,"{""app"":""reminders"",""action"":""update_reminder"",""params"":{""title"":""library card renewal"",""new_title"":""reading list"",""new_date"":""2024-02-17"",""new_time"":""18:00:00""}}","Friday, 2024-02-16",04:00:49
2024,9d41a478-d0fb-5eaa-86b1-0aaa846ef72b,RemindersUpdateReminder,"[""title"",""new_title"",""new_date"",""new_time""]",Update the hotel check-in reminder to baggage tag and move it to next Friday at 6:45 PM.,"{""app"":""reminders"",""action"":""update_reminder"",""params"":{""title"":""hotel check-in"",""new_title"":""baggage tag"",""new_date"":""2025-07-11"",""new_time"":""18:45:00""}}","Thursday, 2025-07-03",19:18:00
2025,9d41a478-d0fb-5eaa-86b1-0aaa846ef72b,RemindersUpdateReminder,"[""title"",""new_title"",""new_date"",""new_time""]",Please revise the airport shuttle reminder to boarding pass and set it for tomorrow at 5:20 in the afternoon.,"{""app"":""reminders"",""action"":""update_reminder"",""params"":{""title"":""airport shuttle"",""new_title"":""boarding pass"",""new_date"":""2028-03-25"",""new_time"":""17:20:00""}}","Friday, 2028-03-24",13:26:40
2026,b916c642-9358-5565-a189-8d800c6ba3cd,RemindersUpdateReminder,"[""title"",""new_title""]","Please update the reminder for the library return to be called ""return library books"".","{""app"":""reminders"",""action"":""update_reminder"",""params"":{""title"":""library return"",""new_title"":""return library books""}}","Sunday, 1992-01-26",01:20:41
2027,b916c642-9358-5565-a189-8d800c6ba3cd,RemindersUpdateReminder,"[""title"",""new_title""]","I would appreciate it if you could rename the reminder for the library return to ""return library books"".","{""app"":""reminders"",""action"":""update_reminder"",""params"":{""title"":""library return"",""new_title"":""return library books""}}","Friday, 1992-07-31",15:22:00
2028,b916c642-9358-5565-a189-8d800c6ba3cd,RemindersUpdateReminder,"[""title"",""new_title""]","Could you please change the reminder named library return to read ""return library books""?","{""app"":""reminders"",""action"":""update_reminder"",""params"":{""title"":""library return"",""new_title"":""return library books""}}","Wednesday, 1993-02-24",12:43:16
2029,b916c642-9358-5565-a189-8d800c6ba3cd,RemindersUpdateReminder,"[""title"",""new_title""]","Make the library return reminder say ""return library books"" instead.","{""app"":""reminders"",""action"":""update_reminder"",""params"":{""title"":""library return"",""new_title"":""return library books""}}","Saturday, 1993-03-27",01:18:51
2030,b916c642-9358-5565-a189-8d800c6ba3cd,RemindersUpdateReminder,"[""title"",""new_title""]","Please revise the reminder for the library return and rename it to ""return library books"".","{""app"":""reminders"",""action"":""update_reminder"",""params"":{""title"":""library return"",""new_title"":""return library books""}}","Sunday, 1999-05-23",18:00:24
2031,b916c642-9358-5565-a189-8d800c6ba3cd,RemindersUpdateReminder,"[""title"",""new_title""]","Would you kindly update the reminder titled library return to ""return library books""?","{""app"":""reminders"",""action"":""update_reminder"",""params"":{""title"":""library return"",""new_title"":""return library books""}}","Sunday, 2004-02-29",01:57:21
2032,b916c642-9358-5565-a189-8d800c6ba3cd,RemindersUpdateReminder,"[""title"",""new_title""]","I need the reminder for the library return renamed to ""return library books"".","{""app"":""reminders"",""action"":""update_reminder"",""params"":{""title"":""library return"",""new_title"":""return library books""}}","Friday, 2004-07-02",01:50:16
2033,b916c642-9358-5565-a189-8d800c6ba3cd,RemindersUpdateReminder,"[""title"",""new_title""]","Kindly change the title of the library return reminder to ""return library books"".","{""app"":""reminders"",""action"":""update_reminder"",""params"":{""title"":""library return"",""new_title"":""return library books""}}","Saturday, 2008-02-02",17:20:11
2034,b916c642-9358-5565-a189-8d800c6ba3cd,RemindersUpdateReminder,"[""title"",""new_title""]","Please update the library return reminder so it reads ""return library books"".","{""app"":""reminders"",""action"":""update_reminder"",""params"":{""title"":""library return"",""new_title"":""return library books""}}","Saturday, 2008-09-06",03:29:01
2035,54ed799b-390a-520d-b0da-0b0966af4edf,RemindersUpdateReminder,"[""title"",""new_title"",""new_date"",""new_time""]","Rename my tax forms reminder to ""submit tax return"" and move it to April 15th at 9:00 in the morning.","{""app"":""reminders"",""action"":""update_reminder"",""params"":{""title"":""tax forms"",""new_title"":""submit tax return"",""new_date"":""2020-04-15"",""new_time"":""09:00:00""}}","Thursday, 2020-04-02",19:38:57
2036,54ed799b-390a-520d-b0da-0b0966af4edf,RemindersUpdateReminder,"[""title"",""new_title"",""new_date"",""new_time""]","Could you please change the reminder titled tax forms to ""submit tax return"" on June 1st at 4:30 p.m.?","{""app"":""reminders"",""action"":""update_reminder"",""params"":{""title"":""tax forms"",""new_title"":""submit tax return"",""new_date"":""2020-06-01"",""new_time"":""16:30:00""}}","Friday, 2020-05-29",15:21:47
2037,54ed799b-390a-520d-b0da-0b0966af4edf,RemindersUpdateReminder,"[""title"",""new_title"",""new_date"",""new_time""]","Please adjust the tax forms reminder to say ""submit tax return"" and schedule it for next Monday at 8:15 a.m.","{""app"":""reminders"",""action"":""update_reminder"",""params"":{""title"":""tax forms"",""new_title"":""submit tax return"",""new_date"":""2023-06-12"",""new_time"":""08:15:00""}}","Monday, 2023-06-05",19:02:58
2038,54ed799b-390a-520d-b0da-0b0966af4edf,RemindersUpdateReminder,"[""title"",""new_title"",""new_date"",""new_time""]","I would appreciate it if you could rename tax forms to ""submit tax return"" and set it for tomorrow morning at 10:00.","{""app"":""reminders"",""action"":""update_reminder"",""params"":{""title"":""tax forms"",""new_title"":""submit tax return"",""new_date"":""2026-03-23"",""new_time"":""10:00:00""}}","Sunday, 2026-03-22",11:56:08
2039,54ed799b-390a-520d-b0da-0b0966af4edf,RemindersUpdateReminder,"[""title"",""new_title"",""new_date"",""new_time""]","Update the reminder for tax forms to ""submit tax return"" and change the date to next Friday at 2:45 p.m.","{""app"":""reminders"",""action"":""update_reminder"",""params"":{""title"":""tax forms"",""new_title"":""submit tax return"",""new_date"":""2029-06-15"",""new_time"":""14:45:00""}}","Friday, 2029-06-08",15:35:22
2040,54ed799b-390a-520d-b0da-0b0966af4edf,RemindersUpdateReminder,"[""title"",""new_title"",""new_date"",""new_time""]","Please revise the tax forms reminder so it says ""submit tax return"" and place it on October 27th at 6:20 p.m.","{""app"":""reminders"",""action"":""update_reminder"",""params"":{""title"":""tax forms"",""new_title"":""submit tax return"",""new_date"":""2029-10-27"",""new_time"":""18:20:00""}}","Saturday, 2029-10-20",00:31:02
2041,42d5643d-a7f2-553e-97b0-44aed6b08a1c,RemindersUpdateReminder,"[""title"",""new_title"",""new_date"",""new_time""]","Please update the grocery reminder for tonight to read ""artisan bread and basil pesto"".","{""app"":""reminders"",""action"":""update_reminder"",""params"":{""title"":""grocery reminder"",""new_title"":""artisan bread and basil pesto"",""new_date"":""1992-11-22"",""new_time"":""05:32:38""}}","Sunday, 1992-11-22",05:32:38
2042,42d5643d-a7f2-553e-97b0-44aed6b08a1c,RemindersUpdateReminder,"[""title"",""new_title"",""new_date"",""new_time""]","Could you please revise the grocery reminder for tomorrow afternoon to say ""artisan bread and basil pesto""?","{""app"":""reminders"",""action"":""update_reminder"",""params"":{""title"":""grocery reminder"",""new_title"":""artisan bread and basil pesto"",""new_date"":""1997-06-11"",""new_time"":""11:46:48""}}","Tuesday, 1997-06-10",11:46:48
2043,42d5643d-a7f2-553e-97b0-44aed6b08a1c,RemindersUpdateReminder,"[""title"",""new_title"",""new_date"",""new_time""]","I would appreciate it if you could change the grocery reminder for this evening to ""artisan bread and basil pesto"".","{""app"":""reminders"",""action"":""update_reminder"",""params"":{""title"":""grocery reminder"",""new_title"":""artisan bread and basil pesto"",""new_date"":""1998-05-23"",""new_time"":""02:29:00""}}","Saturday, 1998-05-23",02:29:00
2044,42d5643d-a7f2-553e-97b0-44aed6b08a1c,RemindersUpdateReminder,"[""title"",""new_title"",""new_date"",""new_time""]","Please rename the grocery reminder for next Tuesday to ""artisan bread and basil pesto"".","{""app"":""reminders"",""action"":""update_reminder"",""params"":{""title"":""grocery reminder"",""new_title"":""artisan bread and basil pesto"",""new_date"":""1999-03-16"",""new_time"":""18:53:42""}}","Tuesday, 1999-03-09",18:53:42
2045,42d5643d-a7f2-553e-97b0-44aed6b08a1c,RemindersUpdateReminder,"[""title"",""new_title"",""new_date"",""new_time""]","Kindly update the grocery reminder for tomorrow morning so it says ""artisan bread and basil pesto"".","{""app"":""reminders"",""action"":""update_reminder"",""params"":{""title"":""grocery reminder"",""new_title"":""artisan bread and basil pesto"",""new_date"":""2001-01-07"",""new_time"":""01:39:50""}}","Saturday, 2001-01-06",01:39:50
2046,42d5643d-a7f2-553e-97b0-44aed6b08a1c,RemindersUpdateReminder,"[""title"",""new_title"",""new_date"",""new_time""]","Please change the grocery reminder for this Saturday night to ""artisan bread and basil pesto"".","{""app"":""reminders"",""action"":""update_reminder"",""params"":{""title"":""grocery reminder"",""new_title"":""artisan bread and basil pesto"",""new_date"":""2002-10-26"",""new_time"":""19:31:19""}}","Saturday, 2002-10-26",19:31:19
2047,42d5643d-a7f2-553e-97b0-44aed6b08a1c,RemindersUpdateReminder,"[""title"",""new_title"",""new_date"",""new_time""]","Could you adjust the grocery reminder for later today to read ""artisan bread and basil pesto""?","{""app"":""reminders"",""action"":""update_reminder"",""params"":{""title"":""grocery reminder"",""new_title"":""artisan bread and basil pesto"",""new_date"":""2003-08-02"",""new_time"":""15:25:58""}}","Saturday, 2003-08-02",15:25:58
2048,42d5643d-a7f2-553e-97b0-44aed6b08a1c,RemindersUpdateReminder,"[""title"",""new_title"",""new_date"",""new_time""]","I need the grocery reminder for tonight changed to ""artisan bread and basil pesto"".","{""app"":""reminders"",""action"":""update_reminder"",""params"":{""title"":""grocery reminder"",""new_title"":""artisan bread and basil pesto"",""new_date"":""2005-08-28"",""new_time"":""19:21:17""}}","Sunday, 2005-08-28",19:21:17
2049,42d5643d-a7f2-553e-97b0-44aed6b08a1c,RemindersUpdateReminder,"[""title"",""new_title"",""new_date"",""new_time""]","Please make the grocery reminder for tomorrow afternoon say ""artisan bread and basil pesto"".","{""app"":""reminders"",""action"":""update_reminder"",""params"":{""title"":""grocery reminder"",""new_title"":""artisan bread and basil pesto"",""new_date"":""2018-09-02"",""new_time"":""01:34:51""}}","Saturday, 2018-09-01",01:34:51
2050,42d5643d-a7f2-553e-97b0-44aed6b08a1c,RemindersUpdateReminder,"[""title"",""new_title"",""new_date"",""new_time""]","Would you kindly rewrite the grocery reminder for later this morning as ""artisan bread and basil pesto""?","{""app"":""reminders"",""action"":""update_reminder"",""params"":{""title"":""grocery reminder"",""new_title"":""artisan bread and basil pesto"",""new_date"":""2021-06-08"",""new_time"":""05:58:41""}}","Tuesday, 2021-06-08",05:58:41
2051,42d5643d-a7f2-553e-97b0-44aed6b08a1c,RemindersUpdateReminder,"[""title"",""new_title"",""new_date"",""new_time""]","Please update the grocery reminder for this afternoon to say ""artisan bread and basil pesto"".","{""app"":""reminders"",""action"":""update_reminder"",""params"":{""title"":""grocery reminder"",""new_title"":""artisan bread and basil pesto"",""new_date"":""2024-03-28"",""new_time"":""05:48:23""}}","Thursday, 2024-03-28",05:48:23
2052,42d5643d-a7f2-553e-97b0-44aed6b08a1c,RemindersUpdateReminder,"[""title"",""new_title"",""new_date"",""new_time""]","Could you please change the grocery reminder for tomorrow night to ""artisan bread and basil pesto""?","{""app"":""reminders"",""action"":""update_reminder"",""params"":{""title"":""grocery reminder"",""new_title"":""artisan bread and basil pesto"",""new_date"":""2025-03-23"",""new_time"":""23:35:30""}}","Saturday, 2025-03-22",23:35:30
2053,42d5643d-a7f2-553e-97b0-44aed6b08a1c,RemindersUpdateReminder,"[""title"",""new_title"",""new_date"",""new_time""]","I would appreciate it if you could adjust the grocery reminder for this Monday to ""artisan bread and basil pesto"".","{""app"":""reminders"",""action"":""update_reminder"",""params"":{""title"":""grocery reminder"",""new_title"":""artisan bread and basil pesto"",""new_date"":""2026-05-04"",""new_time"":""14:18:39""}}","Monday, 2026-05-04",14:18:39
2054,42d5643d-a7f2-553e-97b0-44aed6b08a1c,RemindersUpdateReminder,"[""title"",""new_title"",""new_date"",""new_time""]","Please rename the grocery reminder for next Monday to ""artisan bread and basil pesto"".","{""app"":""reminders"",""action"":""update_reminder"",""params"":{""title"":""grocery reminder"",""new_title"":""artisan bread and basil pesto"",""new_date"":""2029-05-07"",""new_time"":""16:23:52""}}","Monday, 2029-04-30",16:23:52
2055,42d5643d-a7f2-553e-97b0-44aed6b08a1c,RemindersUpdateReminder,"[""title"",""new_title"",""new_date"",""new_time""]","Kindly update the grocery reminder for later this morning so it reads ""artisan bread and basil pesto"".","{""app"":""reminders"",""action"":""update_reminder"",""params"":{""title"":""grocery reminder"",""new_title"":""artisan bread and basil pesto"",""new_date"":""2029-06-27"",""new_time"":""09:09:49""}}","Wednesday, 2029-06-27",09:09:49
2056,7d096738-44cd-5844-a234-e8211156f12f,RemindersUpdateReminder,"[""title"",""new_title""]","hey can you change the ""tax return"" reminder to ""file tax return"" for me","{""app"":""reminders"",""action"":""update_reminder"",""params"":{""title"":""tax return"",""new_title"":""file tax return""}}","Friday, 1998-02-27",08:43:25
2057,7d096738-44cd-5844-a234-e8211156f12f,RemindersUpdateReminder,"[""title"",""new_title""]","please update the ""tax return"" reminder to say ""submit tax return""","{""app"":""reminders"",""action"":""update_reminder"",""params"":{""title"":""tax return"",""new_title"":""submit tax return""}}","Monday, 1999-11-22",07:04:56
2058,7d096738-44cd-5844-a234-e8211156f12f,RemindersUpdateReminder,"[""title"",""new_title""]","could you rename the ""tax return"" reminder to ""finish tax return""","{""app"":""reminders"",""action"":""update_reminder"",""params"":{""title"":""tax return"",""new_title"":""finish tax return""}}","Monday, 2000-03-06",10:47:23
2059,7d096738-44cd-5844-a234-e8211156f12f,RemindersUpdateReminder,"[""title"",""new_title""]","make a note and change ""tax return"" to ""wrap up tax return""","{""app"":""reminders"",""action"":""update_reminder"",""params"":{""title"":""tax return"",""new_title"":""wrap up tax return""}}","Wednesday, 2001-03-21",15:04:26
2060,7d096738-44cd-5844-a234-e8211156f12f,RemindersUpdateReminder,"[""title"",""new_title""]","yo, can you edit the ""tax return"" reminder and call it ""do tax return forms""","{""app"":""reminders"",""action"":""update_reminder"",""params"":{""title"":""tax return"",""new_title"":""do tax return forms""}}","Saturday, 2002-06-29",10:52:10
2061,7d096738-44cd-5844-a234-e8211156f12f,RemindersUpdateReminder,"[""title"",""new_title""]","update the ""tax return"" reminder to ""check tax return paperwork""","{""app"":""reminders"",""action"":""update_reminder"",""params"":{""title"":""tax return"",""new_title"":""check tax return paperwork""}}","Saturday, 2002-07-13",14:57:47
2062,7d096738-44cd-5844-a234-e8211156f12f,RemindersUpdateReminder,"[""title"",""new_title""]","hey, swap the title on ""tax return"" to ""work on tax return""","{""app"":""reminders"",""action"":""update_reminder"",""params"":{""title"":""tax return"",""new_title"":""work on tax return""}}","Monday, 2004-09-20",21:27:10
2063,e219338d-76e0-500f-9882-9e4bfebbc976,RemindersUpdateReminder,"[""title"",""new_title""]","can you change the ""laundry"" reminder to ""fold laundry""","{""app"":""reminders"",""action"":""update_reminder"",""params"":{""title"":""laundry"",""new_title"":""fold laundry""}}","Saturday, 2009-04-04",01:08:30
2064,e219338d-76e0-500f-9882-9e4bfebbc976,RemindersUpdateReminder,"[""title"",""new_title""]","please rename ""laundry"" to ""do the laundry""","{""app"":""reminders"",""action"":""update_reminder"",""params"":{""title"":""laundry"",""new_title"":""do the laundry""}}","Friday, 2017-01-20",21:12:49
2065,e219338d-76e0-500f-9882-9e4bfebbc976,RemindersUpdateReminder,"[""title"",""new_title""]","hey could you update the ""laundry"" reminder to ""start laundry load""","{""app"":""reminders"",""action"":""update_reminder"",""params"":{""title"":""laundry"",""new_title"":""start laundry load""}}","Sunday, 2017-11-12",11:57:51
2066,e219338d-76e0-500f-9882-9e4bfebbc976,RemindersUpdateReminder,"[""title"",""new_title""]","make sure the ""laundry"" reminder says ""move clothes to dryer""","{""app"":""reminders"",""action"":""update_reminder"",""params"":{""title"":""laundry"",""new_title"":""move clothes to dryer""}}","Tuesday, 2022-03-01",13:59:44
2067,e219338d-76e0-500f-9882-9e4bfebbc976,RemindersUpdateReminder,"[""title"",""new_title""]","change ""laundry"" to ""put away laundry"" for me","{""app"":""reminders"",""action"":""update_reminder"",""params"":{""title"":""laundry"",""new_title"":""put away laundry""}}","Friday, 2024-05-03",06:31:21
2068,e219338d-76e0-500f-9882-9e4bfebbc976,RemindersUpdateReminder,"[""title"",""new_title""]","yo, rename the ""laundry"" reminder to ""sort laundry basket""","{""app"":""reminders"",""action"":""update_reminder"",""params"":{""title"":""laundry"",""new_title"":""sort laundry basket""}}","Friday, 2024-12-13",23:51:42
2069,e219338d-76e0-500f-9882-9e4bfebbc976,RemindersUpdateReminder,"[""title"",""new_title""]","could you please update ""laundry"" to ""wash delicates""","{""app"":""reminders"",""action"":""update_reminder"",""params"":{""title"":""laundry"",""new_title"":""wash delicates""}}","Sunday, 2025-09-14",03:39:09
2070,e219338d-76e0-500f-9882-9e4bfebbc976,RemindersUpdateReminder,"[""title"",""new_title""]","hey, change the ""laundry"" reminder into ""hang up shirts""","{""app"":""reminders"",""action"":""update_reminder"",""params"":{""title"":""laundry"",""new_title"":""hang up shirts""}}","Friday, 2029-01-19",00:14:05
2071,034dae16-ea8f-5c33-b0d1-b66066222ee1,RemindersUpdateReminder,"[""title"",""new_title"",""new_date"",""new_time""]","hey can you change ""Tax Prep"" to ""Tax Paperwork"" for me and move it to next Tuesday afternoon","{""app"":""reminders"",""action"":""update_reminder"",""params"":{""title"":""Tax Prep"",""new_title"":""Tax Paperwork"",""new_date"":""1990-12-04"",""new_time"":""15:00:00""}}","Monday, 1990-12-03",02:54:38
2072,034dae16-ea8f-5c33-b0d1-b66066222ee1,RemindersUpdateReminder,"[""title"",""new_title""]","forget about the old title on ""Tax Prep"" and make it say ""File the returns"" instead, with no date change","{""app"":""reminders"",""action"":""update_reminder"",""params"":{""title"":""Tax Prep"",""new_title"":""File the returns""}}","Monday, 1992-03-02",19:56:45
2073,034dae16-ea8f-5c33-b0d1-b66066222ee1,RemindersUpdateReminder,"[""title"",""new_title"",""new_date"",""new_time""]","could you please update ""Tax Prep"" to ""Send the accountant the docs"" and set it for Friday at 4:15 in the afternoon","{""app"":""reminders"",""action"":""update_reminder"",""params"":{""title"":""Tax Prep"",""new_title"":""Send the accountant the docs"",""new_date"":""2000-05-05"",""new_time"":""16:15:00""}}","Thursday, 2000-05-04",15:30:24
2074,034dae16-ea8f-5c33-b0d1-b66066222ee1,RemindersUpdateReminder,"[""title"",""new_title"",""new_date"",""new_time""]","make a note to rename ""Tax Prep"" as ""Quarterly tax filing"" and push it to tomorrow morning","{""app"":""reminders"",""action"":""update_reminder"",""params"":{""title"":""Tax Prep"",""new_title"":""Quarterly tax filing"",""new_date"":""2006-08-02"",""new_time"":""09:00:00""}}","Tuesday, 2006-08-01",08:19:56
2075,034dae16-ea8f-5c33-b0d1-b66066222ee1,RemindersUpdateReminder,"[""title"",""new_title""]","can you swap ""Tax Prep"" over to ""Charity receipt log"" and leave the time alone","{""app"":""reminders"",""action"":""update_reminder"",""params"":{""title"":""Tax Prep"",""new_title"":""Charity receipt log""}}","Wednesday, 2006-11-15",09:27:53
2076,034dae16-ea8f-5c33-b0d1-b66066222ee1,RemindersUpdateReminder,"[""title"",""new_title"",""new_date"",""new_time""]","please change ""Tax Prep"" to ""Finish the 1040 forms"" and make it next Monday at 6:30 AM","{""app"":""reminders"",""action"":""update_reminder"",""params"":{""title"":""Tax Prep"",""new_title"":""Finish the 1040 forms"",""new_date"":""2012-07-30"",""new_time"":""06:30:00""}}","Tuesday, 2012-07-24",06:44:38
2077,034dae16-ea8f-5c33-b0d1-b66066222ee1,RemindersUpdateReminder,"[""title"",""new_title"",""new_date"",""new_time""]","update ""Tax Prep"" to say ""Scan the W-2s"" and do it this evening","{""app"":""reminders"",""action"":""update_reminder"",""params"":{""title"":""Tax Prep"",""new_title"":""Scan the W-2s"",""new_date"":""2012-10-13"",""new_time"":""19:00:00""}}","Saturday, 2012-10-13",19:12:11
2078,034dae16-ea8f-5c33-b0d1-b66066222ee1,RemindersUpdateReminder,"[""title"",""new_title"",""new_date"",""new_time""]","hey, change ""Tax Prep"" into ""Drop off the receipts"" for tonight at 8","{""app"":""reminders"",""action"":""update_reminder"",""params"":{""title"":""Tax Prep"",""new_title"":""Drop off the receipts"",""new_date"":""2014-05-18"",""new_time"":""20:00:00""}}","Sunday, 2014-05-18",00:48:05
2079,034dae16-ea8f-5c33-b0d1-b66066222ee1,RemindersUpdateReminder,"[""title"",""new_title"",""new_date"",""new_time""]","can you rename ""Tax Prep"" to ""Review deduction list"" and set it for next Thursday at noon","{""app"":""reminders"",""action"":""update_reminder"",""params"":{""title"":""Tax Prep"",""new_title"":""Review deduction list"",""new_date"":""2015-04-16"",""new_time"":""12:00:00""}}","Monday, 2015-04-13",01:55:24
2080,034dae16-ea8f-5c33-b0d1-b66066222ee1,RemindersUpdateReminder,"[""title"",""new_title"",""new_date"",""new_time""]","make ""Tax Prep"" read ""Meet with the CPA"" and move it to Friday at 9:10 in the morning","{""app"":""reminders"",""action"":""update_reminder"",""params"":{""title"":""Tax Prep"",""new_title"":""Meet with the CPA"",""new_date"":""2017-03-24"",""new_time"":""09:10:00""}}","Thursday, 2017-03-23",01:10:20
2081,034dae16-ea8f-5c33-b0d1-b66066222ee1,RemindersUpdateReminder,"[""title"",""new_title"",""new_date"",""new_time""]","please rename ""Tax Prep"" as ""E-file the extension"" and schedule it for tomorrow at 7 pm","{""app"":""reminders"",""action"":""update_reminder"",""params"":{""title"":""Tax Prep"",""new_title"":""E-file the extension"",""new_date"":""2020-08-20"",""new_time"":""19:00:00""}}","Wednesday, 2020-08-19",05:52:54
2082,034dae16-ea8f-5c33-b0d1-b66066222ee1,RemindersUpdateReminder,"[""title"",""new_title"",""new_date"",""new_time""]","can you edit ""Tax Prep"" to ""Organize the mileage log"" and make it Tuesday morning","{""app"":""reminders"",""action"":""update_reminder"",""params"":{""title"":""Tax Prep"",""new_title"":""Organize the mileage log"",""new_date"":""2021-08-31"",""new_time"":""09:00:00""}}","Monday, 2021-08-30",15:24:47
2083,034dae16-ea8f-5c33-b0d1-b66066222ee1,RemindersUpdateReminder,"[""title"",""new_title"",""new_date"",""new_time""]","switch ""Tax Prep"" to ""Double-check the charity forms"" and put it on Wednesday at 2:45 PM","{""app"":""reminders"",""action"":""update_reminder"",""params"":{""title"":""Tax Prep"",""new_title"":""Double-check the charity forms"",""new_date"":""2023-08-02"",""new_time"":""14:45:00""}}","Monday, 2023-07-31",16:04:18
2084,034dae16-ea8f-5c33-b0d1-b66066222ee1,RemindersUpdateReminder,"[""title"",""new_title"",""new_date"",""new_time""]","hey can you rename ""Tax Prep"" to ""Archive the old statements"" and set it for next Monday at 10:05 in the morning","{""app"":""reminders"",""action"":""update_reminder"",""params"":{""title"":""Tax Prep"",""new_title"":""Archive the old statements"",""new_date"":""2025-12-15"",""new_time"":""10:05:00""}}","Sunday, 2025-12-14",12:32:18
2085,034dae16-ea8f-5c33-b0d1-b66066222ee1,RemindersUpdateReminder,"[""title"",""new_title"",""new_date"",""new_time""]","forget the old label on ""Tax Prep"" and make it ""Submit the 1099s"" for Thursday at 5:20 PM","{""app"":""reminders"",""action"":""update_reminder"",""params"":{""title"":""Tax Prep"",""new_title"":""Submit the 1099s"",""new_date"":""2026-02-05"",""new_time"":""17:20:00""}}","Wednesday, 2026-02-04",18:43:24
2086,7330118e-a3b3-58a5-8d89-0e69a5ff109a,RemindersDeleteReminder,"[""title""]",hey can you delete the reminder called pay the electric bill tonight,"{""app"":""reminders"",""action"":""delete_reminder"",""params"":{""title"":""pay the electric bill tonight""}}","Wednesday, 1992-05-13",20:30:52
2087,7330118e-a3b3-58a5-8d89-0e69a5ff109a,RemindersDeleteReminder,"[""title""]",forget about the reminder for the electric bill payment,"{""app"":""reminders"",""action"":""delete_reminder"",""params"":{""title"":""the electric bill payment""}}","Friday, 1992-12-18",11:18:41
2088,7330118e-a3b3-58a5-8d89-0e69a5ff109a,RemindersDeleteReminder,"[""title""]",please remove my electric bill reminder for Friday evening,"{""app"":""reminders"",""action"":""delete_reminder"",""params"":{""title"":""my electric bill reminder for Friday evening""}}","Friday, 1994-04-08",16:05:31
2089,7330118e-a3b3-58a5-8d89-0e69a5ff109a,RemindersDeleteReminder,"[""title""]",go ahead and erase the note about paying the electric bill next week,"{""app"":""reminders"",""action"":""delete_reminder"",""params"":{""title"":""the note about paying the electric bill next week""}}","Thursday, 1994-09-29",23:33:28
2090,7330118e-a3b3-58a5-8d89-0e69a5ff109a,RemindersDeleteReminder,"[""title""]",do me a favor and delete the reminder for the electric bill on Monday,"{""app"":""reminders"",""action"":""delete_reminder"",""params"":{""title"":""the electric bill on Monday""}}","Thursday, 1996-09-05",01:11:10
2091,7330118e-a3b3-58a5-8d89-0e69a5ff109a,RemindersDeleteReminder,"[""title""]","I don't need the electric bill alert anymore, just wipe it out","{""app"":""reminders"",""action"":""delete_reminder"",""params"":{""title"":""the electric bill alert""}}","Thursday, 1997-01-23",14:36:06
2092,7330118e-a3b3-58a5-8d89-0e69a5ff109a,RemindersDeleteReminder,"[""title""]","hey, clear the reminder that says pay the electric bill","{""app"":""reminders"",""action"":""delete_reminder"",""params"":{""title"":""pay the electric bill""}}","Monday, 2000-01-24",08:59:14
2093,7330118e-a3b3-58a5-8d89-0e69a5ff109a,RemindersDeleteReminder,"[""title""]",could you please remove the electric bill reminder for this afternoon,"{""app"":""reminders"",""action"":""delete_reminder"",""params"":{""title"":""the electric bill reminder for this afternoon""}}","Thursday, 2000-10-05",04:48:18
2094,7330118e-a3b3-58a5-8d89-0e69a5ff109a,RemindersDeleteReminder,"[""title""]",make that electric bill note disappear for me,"{""app"":""reminders"",""action"":""delete_reminder"",""params"":{""title"":""that electric bill note""}}","Saturday, 2001-06-23",08:42:03
2095,6edf57c0-6d54-5d81-bcc1-c8e2d815babf,RemindersDeleteReminder,"[""title""]",hey can you delete the reminder for my chemistry lab report,"{""app"":""reminders"",""action"":""delete_reminder"",""params"":{""title"":""my chemistry lab report""}}","Tuesday, 2006-12-05",03:04:12
2096,6edf57c0-6d54-5d81-bcc1-c8e2d815babf,RemindersDeleteReminder,"[""title""]",please get rid of the chemistry lab write-up reminder,"{""app"":""reminders"",""action"":""delete_reminder"",""params"":{""title"":""the chemistry lab write-up reminder""}}","Thursday, 2011-04-07",00:21:58
2097,6edf57c0-6d54-5d81-bcc1-c8e2d815babf,RemindersDeleteReminder,"[""title""]",don't keep the note about finishing the chemistry lab report,"{""app"":""reminders"",""action"":""delete_reminder"",""params"":{""title"":""the note about finishing the chemistry lab report""}}","Wednesday, 2019-02-20",21:04:33
2098,6edf57c0-6d54-5d81-bcc1-c8e2d815babf,RemindersDeleteReminder,"[""title""]","remove the reminder for the chemistry lab handout, thanks","{""app"":""reminders"",""action"":""delete_reminder"",""params"":{""title"":""the chemistry lab handout""}}","Wednesday, 2021-03-31",18:31:55
2099,6edf57c0-6d54-5d81-bcc1-c8e2d815babf,RemindersDeleteReminder,"[""title""]","hey, forget the reminder labeled chemistry lab report draft","{""app"":""reminders"",""action"":""delete_reminder"",""params"":{""title"":""chemistry lab report draft""}}","Sunday, 2022-11-13",10:20:59
2100,6edf57c0-6d54-5d81-bcc1-c8e2d815babf,RemindersDeleteReminder,"[""title""]",could you delete the reminder about the chemistry lab notebook,"{""app"":""reminders"",""action"":""delete_reminder"",""params"":{""title"":""the chemistry lab notebook""}}","Tuesday, 2023-07-11",11:10:27
2101,a3cc1816-6f73-5d3a-a373-93dc6e97a4ac,RemindersDeleteReminder,"[""title""]",delete the fence paint reminder,"{""app"":""reminders"",""action"":""delete_reminder"",""params"":{""title"":""fence paint""}}","Monday, 1996-09-23",05:44:10
2102,5edcd37c-3931-5b2d-8c0e-545c5f63dd88,RemindersDeleteReminder,"[""title""]",remove the rose bush watering alert for tomorrow morning,"{""app"":""reminders"",""action"":""delete_reminder"",""params"":{""title"":""rose bush watering""}}","Friday, 1997-06-13",04:58:53
2103,ff46b38b-598c-52a4-8fa1-e44a6c4a18a5,RemindersDeleteReminder,"[""title""]",clear out the chemistry lab prep note for next Tuesday,"{""app"":""reminders"",""action"":""delete_reminder"",""params"":{""title"":""chemistry lab prep""}}","Tuesday, 1998-03-31",07:24:27
2104,30d22c20-bf55-5d8d-9c9c-62c98f0cea2a,RemindersDeleteReminder,"[""title""]",please delete the tax forms deadline reminder this Friday,"{""app"":""reminders"",""action"":""delete_reminder"",""params"":{""title"":""tax forms deadline""}}","Monday, 1999-03-01",03:20:41
2105,116f86e4-83d8-58fc-aeb8-1b932a3854d7,RemindersDeleteReminder,"[""title""]",get rid of the piano practice ping tonight,"{""app"":""reminders"",""action"":""delete_reminder"",""params"":{""title"":""piano practice""}}","Monday, 1999-05-17",18:34:38
2106,7de5479e-44e2-599d-bc96-a8f2a3695c1a,RemindersDeleteReminder,"[""title""]",cancel the garage sweep reminder for tomorrow evening,"{""app"":""reminders"",""action"":""delete_reminder"",""params"":{""title"":""garage sweep""}}","Saturday, 2006-11-18",11:56:55
2107,ef16c0b4-e888-596d-ac3b-0eef1e9f6485,RemindersDeleteReminder,"[""title""]",erase the chess club signup alert for next Thursday,"{""app"":""reminders"",""action"":""delete_reminder"",""params"":{""title"":""chess club signup""}}","Sunday, 2008-12-21",05:46:49
2108,037884fd-d9d3-57b0-9925-e8d704f22c03,RemindersDeleteReminder,"[""title""]",delete the physics paper reading note for this afternoon,"{""app"":""reminders"",""action"":""delete_reminder"",""params"":{""title"":""physics paper reading""}}","Wednesday, 2012-11-07",10:19:11
2109,87c0deec-20fd-5fc2-a081-1c4f4218ddb6,RemindersDeleteReminder,"[""title""]",drop the kitchen sink fix reminder for tomorrow,"{""app"":""reminders"",""action"":""delete_reminder"",""params"":{""title"":""kitchen sink fix""}}","Wednesday, 2013-11-06",22:13:49
2110,27b605bf-46bc-57ce-af21-c716870a156f,RemindersDeleteReminder,"[""title""]",remove the budget slides note for Monday,"{""app"":""reminders"",""action"":""delete_reminder"",""params"":{""title"":""budget slides""}}","Sunday, 2017-06-18",06:58:09
2111,df479117-9a1d-5be8-a05b-41b37ca5551e,RemindersDeleteReminder,"[""title""]",wipe out the hiking trail check reminder for this Sunday,"{""app"":""reminders"",""action"":""delete_reminder"",""params"":{""title"":""hiking trail check""}}","Friday, 2017-07-14",20:23:13
2112,438dfbcf-c3e0-5d7c-a63a-59938b491ed1,RemindersDeleteReminder,"[""title""]",delete the electric scooter charge alert for tonight,"{""app"":""reminders"",""action"":""delete_reminder"",""params"":{""title"":""electric scooter charge""}}","Thursday, 2025-10-16",04:53:33
2113,c69216d8-ca46-52cb-959c-32380d6a0d9c,RemindersDeleteReminder,"[""title""]",please remove the library books return reminder for next Friday,"{""app"":""reminders"",""action"":""delete_reminder"",""params"":{""title"":""library books return""}}","Tuesday, 2028-10-10",16:14:05
2114,5344a189-ba70-51cd-a7bf-b6334ba653ad,RemindersDeleteReminder,"[""title""]",clear the fish tank filter note for in two hours,"{""app"":""reminders"",""action"":""delete_reminder"",""params"":{""title"":""fish tank filter""}}","Tuesday, 2029-07-10",10:00:05
2115,68c96def-471e-5116-95c6-ee259344425f,RemindersDeleteReminder,"[""title""]",don't keep the passport renewal reminder for tomorrow morning,"{""app"":""reminders"",""action"":""delete_reminder"",""params"":{""title"":""passport renewal""}}","Saturday, 2030-11-16",16:55:52
2116,a167e441-a430-5898-9ee7-498284dfc51e,TextEditOpen,[],Please open TextEdit for me.,"{""app"":""textedit"",""action"":""open"",""params"":{}}","Thursday, 1990-10-18",07:37:03
2117,a167e441-a430-5898-9ee7-498284dfc51e,TextEditOpen,[],Could you kindly bring up TextEdit now?,"{""app"":""textedit"",""action"":""open"",""params"":{}}","Friday, 1992-03-20",23:59:23
2118,a167e441-a430-5898-9ee7-498284dfc51e,TextEditOpen,[],"Please launch TextEdit, thanks.","{""app"":""textedit"",""action"":""open"",""params"":{}}","Thursday, 1996-04-04",10:29:25
2119,a167e441-a430-5898-9ee7-498284dfc51e,TextEditOpen,[],Could you please open text edit for me?,"{""app"":""textedit"",""action"":""open"",""params"":{}}","Sunday, 1996-04-14",16:35:55
2120,a167e441-a430-5898-9ee7-498284dfc51e,TextEditOpen,[],Please start TextEdit on my Mac.,"{""app"":""textedit"",""action"":""open"",""params"":{}}","Thursday, 1996-04-18",12:28:43
2121,a167e441-a430-5898-9ee7-498284dfc51e,TextEditOpen,[],"Kindly open TextEdit, I need it now.","{""app"":""textedit"",""action"":""open"",""params"":{}}","Wednesday, 2001-07-25",12:22:34
2122,a167e441-a430-5898-9ee7-498284dfc51e,TextEditOpen,[],Please open text edit for me at once.,"{""app"":""textedit"",""action"":""open"",""params"":{}}","Thursday, 2009-07-02",03:54:56
2123,a167e441-a430-5898-9ee7-498284dfc51e,TextEditOpen,[],"Could you kindly launch textedit, please?","{""app"":""textedit"",""action"":""open"",""params"":{}}","Monday, 2010-01-25",17:10:58
2124,a167e441-a430-5898-9ee7-498284dfc51e,TextEditOpen,[],Please get TextEdit up for me.,"{""app"":""textedit"",""action"":""open"",""params"":{}}","Saturday, 2014-05-24",14:36:49
2125,a167e441-a430-5898-9ee7-498284dfc51e,TextEditOpen,[],Would you kindly open text edit now?,"{""app"":""textedit"",""action"":""open"",""params"":{}}","Sunday, 2015-09-06",18:38:46
2126,a167e441-a430-5898-9ee7-498284dfc51e,TextEditOpen,[],"Please open TextEdit, thank you kindly.","{""app"":""textedit"",""action"":""open"",""params"":{}}","Thursday, 2019-06-06",02:54:10
2127,a167e441-a430-5898-9ee7-498284dfc51e,TextEditOpen,[],Could you please open textedit for me?,"{""app"":""textedit"",""action"":""open"",""params"":{}}","Monday, 2024-01-22",12:06:20
2128,a167e441-a430-5898-9ee7-498284dfc51e,TextEditOpen,[],Kindly bring up text edit.,"{""app"":""textedit"",""action"":""open"",""params"":{}}","Wednesday, 2024-03-27",13:32:19
2129,a167e441-a430-5898-9ee7-498284dfc51e,TextEditOpen,[],"Please open Text Edit, if you can.","{""app"":""textedit"",""action"":""open"",""params"":{}}","Tuesday, 2025-11-18",04:18:33
2130,a167e441-a430-5898-9ee7-498284dfc51e,TextEditOpen,[],Could you kindly start TextEdit for me?,"{""app"":""textedit"",""action"":""open"",""params"":{}}","Tuesday, 2029-01-23",04:21:39
2131,27ce8d0b-68dc-5b24-a997-890d6188d54d,TextEditClose,[],Please close TextEdit for me now.,"{""app"":""textedit"",""action"":""close"",""params"":{}}","Tuesday, 1991-06-25",18:33:24
2132,27ce8d0b-68dc-5b24-a997-890d6188d54d,TextEditClose,[],Could you kindly close the TextEdit window this morning?,"{""app"":""textedit"",""action"":""close"",""params"":{}}","Monday, 1996-08-19",10:51:57
2133,27ce8d0b-68dc-5b24-a997-890d6188d54d,TextEditClose,[],Please shut TextEdit for me in a moment.,"{""app"":""textedit"",""action"":""close"",""params"":{}}","Wednesday, 2008-10-29",06:28:43
2134,27ce8d0b-68dc-5b24-a997-890d6188d54d,TextEditClose,[],Would you please close TextEdit right away?,"{""app"":""textedit"",""action"":""close"",""params"":{}}","Monday, 2010-03-29",04:57:03
2135,27ce8d0b-68dc-5b24-a997-890d6188d54d,TextEditClose,[],"Please exit TextEdit now, thanks.","{""app"":""textedit"",""action"":""close"",""params"":{}}","Sunday, 2014-07-20",08:35:41
2136,27ce8d0b-68dc-5b24-a997-890d6188d54d,TextEditClose,[],Could you kindly quit TextEdit for me immediately?,"{""app"":""textedit"",""action"":""close"",""params"":{}}","Monday, 2016-05-16",06:46:01
2137,27ce8d0b-68dc-5b24-a997-890d6188d54d,TextEditClose,[],Please close out of TextEdit before I forget.,"{""app"":""textedit"",""action"":""close"",""params"":{}}","Wednesday, 2019-09-11",16:00:44
2138,27ce8d0b-68dc-5b24-a997-890d6188d54d,TextEditClose,[],"Kindly close TextEdit for me now, please.","{""app"":""textedit"",""action"":""close"",""params"":{}}","Wednesday, 2021-10-27",07:46:25
2139,27ce8d0b-68dc-5b24-a997-890d6188d54d,TextEditClose,[],Could you please close TextEdit this afternoon?,"{""app"":""textedit"",""action"":""close"",""params"":{}}","Wednesday, 2024-01-31",15:17:06
2140,27ce8d0b-68dc-5b24-a997-890d6188d54d,TextEditClose,[],Please shut down TextEdit for me when you can.,"{""app"":""textedit"",""action"":""close"",""params"":{}}","Monday, 2024-02-12",10:28:20
2141,27ce8d0b-68dc-5b24-a997-890d6188d54d,TextEditClose,[],Would you kindly close the TextEdit app tonight?,"{""app"":""textedit"",""action"":""close"",""params"":{}}","Tuesday, 2026-04-28",20:57:37
2142,27ce8d0b-68dc-5b24-a997-890d6188d54d,TextEditClose,[],Please close TextEdit before I step away.,"{""app"":""textedit"",""action"":""close"",""params"":{}}","Saturday, 2026-05-23",16:13:54
2143,27ce8d0b-68dc-5b24-a997-890d6188d54d,TextEditClose,[],Could you close TextEdit for me after this?,"{""app"":""textedit"",""action"":""close"",""params"":{}}","Tuesday, 2027-04-20",03:12:20
2144,27ce8d0b-68dc-5b24-a997-890d6188d54d,TextEditClose,[],Kindly quit TextEdit for me right now.,"{""app"":""textedit"",""action"":""close"",""params"":{}}","Wednesday, 2028-12-13",11:36:31
2145,27ce8d0b-68dc-5b24-a997-890d6188d54d,TextEditClose,[],"Please close TextEdit, thank you.","{""app"":""textedit"",""action"":""close"",""params"":{}}","Friday, 2029-10-12",15:22:41
2146,70978c68-c4cf-53c6-852e-8677c8b62be1,TextEditNewDocument,[],Can you open a fresh TextEdit document for me?,"{""app"":""textedit"",""action"":""new_document"",""params"":{}}","Saturday, 1991-09-07",11:56:16
2147,70978c68-c4cf-53c6-852e-8677c8b62be1,TextEditNewDocument,[],"I'd like a blank document in TextEdit, please.","{""app"":""textedit"",""action"":""new_document"",""params"":{}}","Friday, 1992-08-28",09:48:21
2148,70978c68-c4cf-53c6-852e-8677c8b62be1,TextEditNewDocument,[],Please start a new TextEdit file for me.,"{""app"":""textedit"",""action"":""new_document"",""params"":{}}","Tuesday, 1992-10-06",14:27:03
2149,70978c68-c4cf-53c6-852e-8677c8b62be1,TextEditNewDocument,[],Could you make me a new document in TextEdit?,"{""app"":""textedit"",""action"":""new_document"",""params"":{}}","Tuesday, 1995-02-07",08:10:48
2150,70978c68-c4cf-53c6-852e-8677c8b62be1,TextEditNewDocument,[],Let's open up a new TextEdit document.,"{""app"":""textedit"",""action"":""new_document"",""params"":{}}","Thursday, 2002-09-12",04:45:39
2151,70978c68-c4cf-53c6-852e-8677c8b62be1,TextEditNewDocument,[],"I need a fresh document in TextEdit, thanks.","{""app"":""textedit"",""action"":""new_document"",""params"":{}}","Saturday, 2006-05-13",12:27:48
2152,70978c68-c4cf-53c6-852e-8677c8b62be1,TextEditNewDocument,[],Would you launch a new blank TextEdit document?,"{""app"":""textedit"",""action"":""new_document"",""params"":{}}","Tuesday, 2008-05-06",02:56:12
2153,70978c68-c4cf-53c6-852e-8677c8b62be1,TextEditNewDocument,[],"Start a new TextEdit page for me, please.","{""app"":""textedit"",""action"":""new_document"",""params"":{}}","Tuesday, 2009-11-03",15:38:46
2154,70978c68-c4cf-53c6-852e-8677c8b62be1,TextEditNewDocument,[],Can we open a clean document in TextEdit right now?,"{""app"":""textedit"",""action"":""new_document"",""params"":{}}","Saturday, 2011-09-03",23:41:01
2155,70978c68-c4cf-53c6-852e-8677c8b62be1,TextEditNewDocument,[],"Make a new TextEdit document, if you don't mind.","{""app"":""textedit"",""action"":""new_document"",""params"":{}}","Friday, 2014-12-12",06:17:06
2156,70978c68-c4cf-53c6-852e-8677c8b62be1,TextEditNewDocument,[],I just need a blank TextEdit document.,"{""app"":""textedit"",""action"":""new_document"",""params"":{}}","Sunday, 2019-09-01",05:12:40
2157,70978c68-c4cf-53c6-852e-8677c8b62be1,TextEditNewDocument,[],Please open another TextEdit document for me.,"{""app"":""textedit"",""action"":""new_document"",""params"":{}}","Tuesday, 2022-10-04",17:12:09
2158,70978c68-c4cf-53c6-852e-8677c8b62be1,TextEditNewDocument,[],"Hey, can you create a new document in TextEdit?","{""app"":""textedit"",""action"":""new_document"",""params"":{}}","Friday, 2023-12-08",20:41:45
2159,70978c68-c4cf-53c6-852e-8677c8b62be1,TextEditNewDocument,[],"I'd love a new blank TextEdit window, please.","{""app"":""textedit"",""action"":""new_document"",""params"":{}}","Sunday, 2029-07-29",14:38:31
2160,70978c68-c4cf-53c6-852e-8677c8b62be1,TextEditNewDocument,[],"Open a new TextEdit document for me, thanks.","{""app"":""textedit"",""action"":""new_document"",""params"":{}}","Sunday, 2030-08-25",19:26:31
2161,94bd0a35-3445-5e01-b794-7003f051019d,TextEditOpenDocument,"[""path""]","Could you kindly open the file for my spring quarter essay draft, please?","{""app"":""textedit"",""action"":""open_document"",""params"":{""path"":""/Users/agent/Documents/Writing/Spring Quarter Essay Draft.txt""}}","Monday, 1991-04-01",17:01:20
2162,0b3594de-2685-5be1-bd12-ccd49b80ec3a,TextEditOpenDocument,"[""path""]","Please open the notes from last Thursday’s lab write up, the one with the chemisty spill mention.","{""app"":""textedit"",""action"":""open_document"",""params"":{""path"":""/Users/agent/Documents/School/Last Thursday Lab Write Up.txt""}}","Thursday, 1992-07-30",19:16:06
2163,1ca0b950-b642-5381-89c2-345f6a3cfdaa,TextEditOpenDocument,"[""path""]","Could you kindly bring up my payroll budget sheet for this evening, please?","{""app"":""textedit"",""action"":""open_document"",""params"":{""path"":""/Users/agent/Documents/Finance/Payroll Budget Sheet.txt""}}","Thursday, 1999-08-05",02:21:33
2164,a56d8642-a85b-52d2-b6ac-404adff15946,TextEditOpenDocument,"[""path""]","Please open the grocery list for this Friday night, I need to check the rye bread and oat milk.","{""app"":""textedit"",""action"":""open_document"",""params"":{""path"":""/Users/agent/Documents/Lists/Grocery List.txt""}}","Friday, 2005-11-25",06:40:23
2165,0c6631a8-37ed-5fec-91ca-38a071822b31,TextEditOpenDocument,"[""path""]","Could you kindly open my piano practice log from today, the one with the arpeggio notes?","{""app"":""textedit"",""action"":""open_document"",""params"":{""path"":""/Users/agent/Documents/Music/Piano Practice Log.txt""}}","Friday, 2007-10-12",04:42:10
2166,7856761d-ceee-5b3f-bdf0-a09033869658,TextEditOpenDocument,"[""path""]","Please open the kitchen repair checklist for tomorrow morning, the faucet one.","{""app"":""textedit"",""action"":""open_document"",""params"":{""path"":""/Users/agent/Documents/Home/Kitchen Repair Checklist.txt""}}","Wednesday, 2009-11-11",16:41:32
2167,b3846456-0c36-5e45-88a6-39644d32450e,TextEditOpenDocument,"[""path""]","Could you kindly open the hiking route plan for next Sunday, please?","{""app"":""textedit"",""action"":""open_document"",""params"":{""path"":""/Users/agent/Documents/Trips/Hiking Route Plan.txt""}}","Sunday, 2011-06-26",22:08:10
2168,afd36ed0-1867-5b4d-bb35-72604d798211,TextEditOpenDocument,"[""path""]","Please open the volunteer roster for this afternoon, the one with the soup kitchen slots.","{""app"":""textedit"",""action"":""open_document"",""params"":{""path"":""/Users/agent/Documents/Community/Volunteer Roster.txt""}}","Monday, 2015-11-30",20:56:32
2169,3f66c49b-d96d-5155-95d8-81bb7b804112,TextEditOpenDocument,"[""path""]","Could you kindly bring up my tax prep checklist for later today, thanks?","{""app"":""textedit"",""action"":""open_document"",""params"":{""path"":""/Users/agent/Documents/Taxes/Tax Prep Checklist.txt""}}","Monday, 2018-04-09",15:42:07
2170,1d84fdd6-28ea-5550-acaa-99649890853f,TextEditOpenDocument,"[""path""]","Please open the book summary for the novel I started this morning, the one with the lighthouse scene.","{""app"":""textedit"",""action"":""open_document"",""params"":{""path"":""/Users/agent/Documents/Reading/Novel Summary.txt""}}","Sunday, 2024-10-13",07:35:12
2171,164e6a03-3966-598b-968a-f57eb6696488,TextEditOpenDocument,"[""path""]","Could you kindly open the holiday card list for this Saturday, please?","{""app"":""textedit"",""action"":""open_document"",""params"":{""path"":""/Users/agent/Documents/Seasonal/Holiday Card List.txt""}}","Saturday, 2024-12-14",12:14:24
2172,02f3a509-1331-568a-b583-1c66f1dae623,TextEditOpenDocument,"[""path""]","Please open the server migration notes from earlier this morning, I need the ssh bits.","{""app"":""textedit"",""action"":""open_document"",""params"":{""path"":""/Users/agent/Documents/Work/Server Migration Notes.txt""}}","Thursday, 2025-12-04",09:38:44
2173,e28f56f2-6a58-57e3-a6ab-074884769f65,TextEditOpenDocument,"[""path""]",Could you kindly bring up the lease renewal draft for next Tuesday afternoon?,"{""app"":""textedit"",""action"":""open_document"",""params"":{""path"":""/Users/agent/Documents/Housing/Lease Renewal Draft.txt""}}","Tuesday, 2026-01-13",13:16:58
2174,39a69369-fc6c-5b2c-b30e-d3e60f716454,TextEditOpenDocument,"[""path""]","Please open the chess opening repertoire file for this weekend, the Sicilian one.","{""app"":""textedit"",""action"":""open_document"",""params"":{""path"":""/Users/agent/Documents/Hobbies/Chess Opening Repertoire.txt""}}","Saturday, 2026-03-21",09:43:06
2175,88623325-b32b-549f-ac01-6002ea8ff1fd,TextEditOpenDocument,"[""path""]","Could you kindly open the medicine tracker for this Friday morning, please?","{""app"":""textedit"",""action"":""open_document"",""params"":{""path"":""/Users/agent/Documents/Health/Medicine Tracker.txt""}}","Friday, 2027-02-05",09:57:03
2176,d72b1cd9-0c7a-56ad-b581-06e089194491,TextEditOpenDocument,"[""path""]",Please open the meeting notes from yesterday afternoon in TextEdit.,"{""app"":""textedit"",""action"":""open_document"",""params"":{""path"":""~/Documents/Meeting Notes/Yesterday Afternoon.txt""}}","Monday, 1999-07-19",17:28:35
2177,d72b1cd9-0c7a-56ad-b581-06e089194491,TextEditOpenDocument,"[""path""]",Could you kindly open today's draft agenda in TextEdit?,"{""app"":""textedit"",""action"":""open_document"",""params"":{""path"":""~/Documents/Meeting Notes/Today Draft Agenda.txt""}}","Friday, 2002-01-25",15:11:43
2178,d72b1cd9-0c7a-56ad-b581-06e089194491,TextEditOpenDocument,"[""path""]",Please bring up the notes from this morning in TextEdit.,"{""app"":""textedit"",""action"":""open_document"",""params"":{""path"":""~/Documents/Meeting Notes/This Morning.txt""}}","Saturday, 2002-06-29",15:49:07
2179,d72b1cd9-0c7a-56ad-b581-06e089194491,TextEditOpenDocument,"[""path""]",Could you kindly open the notes for last night’s call in TextEdit?,"{""app"":""textedit"",""action"":""open_document"",""params"":{""path"":""~/Documents/Meeting Notes/Last Nights Call.txt""}}","Sunday, 2002-08-18",22:36:55
2180,d72b1cd9-0c7a-56ad-b581-06e089194491,TextEditOpenDocument,"[""path""]",Please open the weekend recap notes in TextEdit.,"{""app"":""textedit"",""action"":""open_document"",""params"":{""path"":""~/Documents/Meeting Notes/Weekend Recap.txt""}}","Friday, 2002-12-06",19:22:49
2181,d72b1cd9-0c7a-56ad-b581-06e089194491,TextEditOpenDocument,"[""path""]",Could you kindly open the staff meeting summary from earlier today in TextEdit?,"{""app"":""textedit"",""action"":""open_document"",""params"":{""path"":""~/Documents/Meeting Notes/Staff Meeting Summary.txt""}}","Sunday, 2006-04-23",11:01:06
2182,d72b1cd9-0c7a-56ad-b581-06e089194491,TextEditOpenDocument,"[""path""]",Please open the planning notes from Wednesday morning in TextEdit.,"{""app"":""textedit"",""action"":""open_document"",""params"":{""path"":""~/Documents/Meeting Notes/Wednesday Morning Planning.txt""}}","Wednesday, 2008-03-19",06:23:39
2183,d72b1cd9-0c7a-56ad-b581-06e089194491,TextEditOpenDocument,"[""path""]",Could you kindly bring up the notes I saved for tonight in TextEdit?,"{""app"":""textedit"",""action"":""open_document"",""params"":{""path"":""~/Documents/Meeting Notes/Tonight Notes.txt""}}","Tuesday, 2009-03-24",21:34:41
2184,d72b1cd9-0c7a-56ad-b581-06e089194491,TextEditOpenDocument,"[""path""]",Please open the notes from the holiday planning chat in TextEdit.,"{""app"":""textedit"",""action"":""open_document"",""params"":{""path"":""~/Documents/Meeting Notes/Holiday Planning Chat.txt""}}","Saturday, 2010-12-11",19:36:50
2185,d72b1cd9-0c7a-56ad-b581-06e089194491,TextEditOpenDocument,"[""path""]",Could you kindly open the notes for this Monday’s presentation in TextEdit?,"{""app"":""textedit"",""action"":""open_document"",""params"":{""path"":""~/Documents/Meeting Notes/Monday Presentation.txt""}}","Monday, 2017-03-20",06:02:49
2186,d72b1cd9-0c7a-56ad-b581-06e089194491,TextEditOpenDocument,"[""path""]",Please bring up the notes from the overnight shift in TextEdit.,"{""app"":""textedit"",""action"":""open_document"",""params"":{""path"":""~/Documents/Meeting Notes/Overnight Shift.txt""}}","Tuesday, 2018-08-14",02:17:08
2187,d72b1cd9-0c7a-56ad-b581-06e089194491,TextEditOpenDocument,"[""path""]",Could you kindly open the notes for the spring budget review in TextEdit?,"{""app"":""textedit"",""action"":""open_document"",""params"":{""path"":""~/Documents/Meeting Notes/Spring Budget Review.txt""}}","Thursday, 2019-05-30",17:04:06
2188,d72b1cd9-0c7a-56ad-b581-06e089194491,TextEditOpenDocument,"[""path""]",Please open the notes from this morning’s workshop in TextEdit.,"{""app"":""textedit"",""action"":""open_document"",""params"":{""path"":""~/Documents/Meeting Notes/Morning Workshop.txt""}}","Sunday, 2022-04-10",14:44:35
2189,d72b1cd9-0c7a-56ad-b581-06e089194491,TextEditOpenDocument,"[""path""]",Could you kindly open the notes from yesterday’s onboarding session in TextEdit?,"{""app"":""textedit"",""action"":""open_document"",""params"":{""path"":""~/Documents/Meeting Notes/Yesterday Onboarding Session.txt""}}","Saturday, 2025-01-18",03:22:48
2190,d72b1cd9-0c7a-56ad-b581-06e089194491,TextEditOpenDocument,"[""path""]",Please bring up the notes for this afternoon’s garden club in TextEdit.,"{""app"":""textedit"",""action"":""open_document"",""params"":{""path"":""~/Documents/Meeting Notes/Afternoon Garden Club.txt""}}","Sunday, 2025-06-08",13:16:49
2191,9b7a52d5-2a95-5e49-aede-3297896df4fb,RouterLlmAgent,"[""task""]",Research the history of the internet and give me a concise summary of the major milestones.,"{""app"":""router"",""action"":""llm-agent"",""params"":{""task"":""Research the history of the internet and summarize the major milestones.""}}","Tuesday, 2030-11-05",22:27:48
2192,9b7a52d5-2a95-5e49-aede-3297896df4fb,RouterLlmAgent,"[""task""]",Compare the top cloud hosting platforms and list the pros and cons of each.,"{""app"":""router"",""action"":""llm-agent"",""params"":{""task"":""Compare major cloud hosting platforms and list pros and cons.""}}","Sunday, 2021-05-23",03:31:36
2193,9b7a52d5-2a95-5e49-aede-3297896df4fb,RouterLlmAgent,"[""task""]",Do a deep dive on quantum computing architectures and explain the differences.,"{""app"":""router"",""action"":""llm-agent"",""params"":{""task"":""Do a deep dive on quantum computing architectures and explain the differences.""}}","Thursday, 2008-01-31",11:22:50
2194,9b7a52d5-2a95-5e49-aede-3297896df4fb,RouterLlmAgent,"[""task""]",Run an agent to write a report on the economic impact of renewable energy.,"{""app"":""router"",""action"":""llm-agent"",""params"":{""task"":""Write a report on the economic impact of renewable energy.""}}","Sunday, 2021-04-04",23:39:17
2195,9b7a52d5-2a95-5e49-aede-3297896df4fb,RouterLlmAgent,"[""task""]",Use an agent for deep analysis of the causes of the French Revolution.,"{""app"":""router"",""action"":""llm-agent"",""params"":{""task"":""Analyze the causes of the French Revolution in depth.""}}","Sunday, 1991-06-16",07:46:58
2196,79d9e187-040a-5edb-84cd-b3d457da497f,RouterLlmAgent,"[""task""]",Generate a picture of a futuristic cyberpunk city at night.,"{""app"":""router"",""action"":""llm-agent"",""params"":{""task"":""Generate an image of a futuristic cyberpunk city at night.""}}","Tuesday, 2024-04-23",05:03:57
2197,79d9e187-040a-5edb-84cd-b3d457da497f,RouterLlmAgent,"[""task""]",Create an illustration of a cute cat wearing a spacesuit.,"{""app"":""router"",""action"":""llm-agent"",""params"":{""task"":""Create an illustration of a cute cat wearing a spacesuit.""}}","Monday, 1991-09-02",03:11:39
2198,79d9e187-040a-5edb-84cd-b3d457da497f,RouterLlmAgent,"[""task""]",Draw a high resolution logo for a coffee shop called Moon Bean.,"{""app"":""router"",""action"":""llm-agent"",""params"":{""task"":""Draw a high resolution logo for a coffee shop called Moon Bean.""}}","Tuesday, 2023-03-07",10:23:17
2199,79d9e187-040a-5edb-84cd-b3d457da497f,RouterLlmAgent,"[""task""]",Make a concept art image of a medieval castle floating above the ocean.,"{""app"":""router"",""action"":""llm-agent"",""params"":{""task"":""Make concept art of a medieval castle floating above the ocean.""}}","Tuesday, 2006-03-28",10:10:45
2200,79d9e187-040a-5edb-84cd-b3d457da497f,RouterLlmAgent,"[""task""]",Please generate a surreal poster of a robot gardening in a desert.,"{""app"":""router"",""action"":""llm-agent"",""params"":{""task"":""Generate a surreal poster of a robot gardening in a desert.""}}","Saturday, 2019-08-17",18:55:52
2201,f09522c4-5c6b-57d4-9cc8-f33502bd03ef,RouterLlmAgent,"[""task""]",Write a custom Python script to calculate Fibonacci numbers efficiently.,"{""app"":""router"",""action"":""llm-agent"",""params"":{""task"":""Write a custom Python script to calculate Fibonacci numbers efficiently.""}}","Wednesday, 2016-04-13",03:18:12
2202,f09522c4-5c6b-57d4-9cc8-f33502bd03ef,RouterLlmAgent,"[""task""]",Analyze this essay and explain its logical fallacies.,"{""app"":""router"",""action"":""llm-agent"",""params"":{""task"":""Analyze this essay and explain its logical fallacies.""}}","Tuesday, 2025-09-09",10:06:36
2203,f09522c4-5c6b-57d4-9cc8-f33502bd03ef,RouterLlmAgent,"[""task""]",Help me draft a detailed marketing plan for a new app.,"{""app"":""router"",""action"":""llm-agent"",""params"":{""task"":""Draft a detailed marketing plan for a new app.""}}","Sunday, 1991-02-24",13:16:45
2204,f09522c4-5c6b-57d4-9cc8-f33502bd03ef,RouterLlmAgent,"[""task""]",Run an agent to design a database schema for an online bookstore.,"{""app"":""router"",""action"":""llm-agent"",""params"":{""task"":""Design a database schema for an online bookstore.""}}","Tuesday, 2027-08-24",01:17:54
2205,f09522c4-5c6b-57d4-9cc8-f33502bd03ef,RouterLlmAgent,"[""task""]",Use an agent to create a step by step strategy for launching a podcast.,"{""app"":""router"",""action"":""llm-agent"",""params"":{""task"":""Create a step by step strategy for launching a podcast.""}}","Wednesday, 2018-10-03",20:17:14
2206,9b7a52d5-2a95-5e49-aede-3297896df4fb,RouterLlmAgent,"[""task""]",Research the history of the internet and give me a concise summary of the major milestones.,"{""app"":""router"",""action"":""llm-agent"",""params"":{""task"":""Research the history of the internet and summarize the major milestones.""}}","Wednesday, 2001-02-07",17:48:41
2207,9b7a52d5-2a95-5e49-aede-3297896df4fb,RouterLlmAgent,"[""task""]",Can you compare the top cloud hosting platforms and list the pros and cons of each?,"{""app"":""router"",""action"":""llm-agent"",""params"":{""task"":""Compare the top cloud hosting platforms and list the pros and cons of each.""}}","Tuesday, 2001-11-20",14:46:21
2208,9b7a52d5-2a95-5e49-aede-3297896df4fb,RouterLlmAgent,"[""task""]",Do a deep dive on quantum computing architectures and explain the main differences.,"{""app"":""router"",""action"":""llm-agent"",""params"":{""task"":""Do a deep dive on quantum computing architectures and explain the main differences.""}}","Wednesday, 2012-05-16",08:56:54
2209,9b7a52d5-2a95-5e49-aede-3297896df4fb,RouterLlmAgent,"[""task""]",Use an agent to write a report on the causes of inflation in the last decade.,"{""app"":""router"",""action"":""llm-agent"",""params"":{""task"":""Write a report on the causes of inflation in the last decade.""}}","Friday, 2005-06-17",20:17:20
2210,9b7a52d5-2a95-5e49-aede-3297896df4fb,RouterLlmAgent,"[""task""]",Please research the environmental impact of electric cars versus gas cars and summarize the findings.,"{""app"":""router"",""action"":""llm-agent"",""params"":{""task"":""Research the environmental impact of electric cars versus gas cars and summarize the findings.""}}","Monday, 1993-08-23",12:31:42
2211,79d9e187-040a-5edb-84cd-b3d457da497f,RouterLlmAgent,"[""task""]",Generate a picture of a futuristic cyberpunk city at night with neon lights.,"{""app"":""router"",""action"":""llm-agent"",""params"":{""task"":""Generate a picture of a futuristic cyberpunk city at night with neon lights.""}}","Thursday, 1999-10-28",22:50:14
2212,79d9e187-040a-5edb-84cd-b3d457da497f,RouterLlmAgent,"[""task""]",Create an illustration of a cute cat wearing a spacesuit floating in space.,"{""app"":""router"",""action"":""llm-agent"",""params"":{""task"":""Create an illustration of a cute cat wearing a spacesuit floating in space.""}}","Wednesday, 1991-02-06",06:43:36
2213,79d9e187-040a-5edb-84cd-b3d457da497f,RouterLlmAgent,"[""task""]",Draw a high resolution logo for a coffee shop with a modern minimal style.,"{""app"":""router"",""action"":""llm-agent"",""params"":{""task"":""Draw a high resolution logo for a coffee shop with a modern minimal style.""}}","Tuesday, 2026-06-16",00:53:58
2214,79d9e187-040a-5edb-84cd-b3d457da497f,RouterLlmAgent,"[""task""]",Make a concept image of a medieval castle built on a floating island above clouds.,"{""app"":""router"",""action"":""llm-agent"",""params"":{""task"":""Make a concept image of a medieval castle built on a floating island above clouds.""}}","Thursday, 2000-06-15",16:15:16
2215,79d9e187-040a-5edb-84cd-b3d457da497f,RouterLlmAgent,"[""task""]",Design a poster for a jazz festival with bold typography and warm colors.,"{""app"":""router"",""action"":""llm-agent"",""params"":{""task"":""Design a poster for a jazz festival with bold typography and warm colors.""}}","Sunday, 2006-03-05",17:13:20
2216,f09522c4-5c6b-57d4-9cc8-f33502bd03ef,RouterLlmAgent,"[""task""]",Write a custom Python script to calculate Fibonacci numbers efficiently.,"{""app"":""router"",""action"":""llm-agent"",""params"":{""task"":""Write a custom Python script to calculate Fibonacci numbers efficiently.""}}","Wednesday, 2001-05-30",07:55:22
2217,f09522c4-5c6b-57d4-9cc8-f33502bd03ef,RouterLlmAgent,"[""task""]",Analyze this essay and explain its logical fallacies in detail.,"{""app"":""router"",""action"":""llm-agent"",""params"":{""task"":""Analyze this essay and explain its logical fallacies in detail.""}}","Saturday, 2004-09-25",20:13:50
2218,f09522c4-5c6b-57d4-9cc8-f33502bd03ef,RouterLlmAgent,"[""task""]",Help me draft a detailed marketing plan for a new app launch.,"{""app"":""router"",""action"":""llm-agent"",""params"":{""task"":""Draft a detailed marketing plan for a new app launch.""}}","Wednesday, 2029-08-08",18:00:33
2219,f09522c4-5c6b-57d4-9cc8-f33502bd03ef,RouterLlmAgent,"[""task""]",Run an agent to create a step by step strategy for learning machine learning in three months.,"{""app"":""router"",""action"":""llm-agent"",""params"":{""task"":""Create a step by step strategy for learning machine learning in three months.""}}","Wednesday, 2018-01-03",12:23:01
2220,f09522c4-5c6b-57d4-9cc8-f33502bd03ef,RouterLlmAgent,"[""task""]",Use an agent for deep analysis of this business proposal and suggest improvements.,"{""app"":""router"",""action"":""llm-agent"",""params"":{""task"":""Perform deep analysis of this business proposal and suggest improvements.""}}","Friday, 2030-06-14",02:12:57
2221,0b159126-f9e9-5dd8-9c51-33c96b073f86,RouterDoNothing,[],clean my room,"{""app"":""router"",""action"":""do-nothing"",""params"":{}}","Saturday, 1997-08-16",12:51:40
2222,0b159126-f9e9-5dd8-9c51-33c96b073f86,RouterDoNothing,[],water the plants outside,"{""app"":""router"",""action"":""do-nothing"",""params"":{}}","Friday, 2015-03-13",04:57:59
2223,0b159126-f9e9-5dd8-9c51-33c96b073f86,RouterDoNothing,[],walk the dog around the block,"{""app"":""router"",""action"":""do-nothing"",""params"":{}}","Thursday, 2020-12-24",19:07:47
2224,fadf44fc-7de1-557e-aa33-c0cdfc375b65,RouterDoNothing,[],book a flight to Seattle for next Friday,"{""app"":""router"",""action"":""do-nothing"",""params"":{}}","Wednesday, 1996-12-11",18:29:56
2225,fadf44fc-7de1-557e-aa33-c0cdfc375b65,RouterDoNothing,[],order a veggie pizza for delivery,"{""app"":""router"",""action"":""do-nothing"",""params"":{}}","Saturday, 2019-01-05",02:03:34
2226,fadf44fc-7de1-557e-aa33-c0cdfc375b65,RouterDoNothing,[],reserve a table for two at an Italian restaurant,"{""app"":""router"",""action"":""do-nothing"",""params"":{}}","Friday, 2007-08-17",05:52:55
2227,ff616c24-e2f8-50ba-8434-43d02c5e3a09,RouterDoNothing,[],what is the capital of France,"{""app"":""router"",""action"":""do-nothing"",""params"":{}}","Saturday, 2019-08-17",09:22:12
2228,ff616c24-e2f8-50ba-8434-43d02c5e3a09,RouterDoNothing,[],how does a refrigerator work,"{""app"":""router"",""action"":""do-nothing"",""params"":{}}","Saturday, 2005-12-17",11:46:51
2229,ff616c24-e2f8-50ba-8434-43d02c5e3a09,RouterDoNothing,[],what is five plus seven,"{""app"":""router"",""action"":""do-nothing"",""params"":{}}","Friday, 2011-07-22",04:24:27
2230,f3b55c83-6aa9-58ad-87ad-8912aac1d5c0,RouterDoNothing,[],thanks,"{""app"":""router"",""action"":""do-nothing"",""params"":{}}","Wednesday, 1993-09-15",11:47:43
2231,f3b55c83-6aa9-58ad-87ad-8912aac1d5c0,RouterDoNothing,[],got it,"{""app"":""router"",""action"":""do-nothing"",""params"":{}}","Monday, 2009-01-05",22:27:39
2232,f3b55c83-6aa9-58ad-87ad-8912aac1d5c0,RouterDoNothing,[],never mind,"{""app"":""router"",""action"":""do-nothing"",""params"":{}}","Friday, 2024-04-05",15:50:32
2233,f3b55c83-6aa9-58ad-87ad-8912aac1d5c0,RouterDoNothing,[],hello,"{""app"":""router"",""action"":""do-nothing"",""params"":{}}","Sunday, 2001-12-30",07:29:00
2234,f3b55c83-6aa9-58ad-87ad-8912aac1d5c0,RouterDoNothing,[],sounds good,"{""app"":""router"",""action"":""do-nothing"",""params"":{}}","Monday, 1996-03-11",10:10:02
2235,f3b55c83-6aa9-58ad-87ad-8912aac1d5c0,RouterDoNothing,[],forget it,"{""app"":""router"",""action"":""do-nothing"",""params"":{}}","Friday, 2028-04-21",12:53:57
2225,5c3226a3-25b4-557c-b01d-dae59e01f06c,SafariNewTab,"[""url""]",Please open a new Safari tab for the NASA Mars probe article that I should read later today; I would appreciate it if you could do that now.,"{""app"":""safari"",""action"":""new_tab"",""params"":{""url"":""https://www.nasa.gov/mars/""}}","Saturday, 1999-06-05",10:16:06
2226,fa781202-e427-5bca-9f6c-ef80a294e52f,SafariNewTab,"[""url""]",Could you please open a fresh safari upen tab to the weather forecast for tomorrow evening? I should like to check the outlook before nightfall.,"{""app"":""safari"",""action"":""new_tab"",""params"":{""url"":""https://www.google.com/search?q=weather+tomorrow""}}","Saturday, 1999-10-30",23:08:15
2227,5c3226a3-25b4-557c-b01d-dae59e01f06c,SafariNewTab,"[""url""]",Would you kindly open a new tab in Safari for Gutenberg; I need it for a quiet reading session.,"{""app"":""safari"",""action"":""new_tab"",""params"":{""url"":""https://www.gutenberg.org""}}","Wednesday, 2005-04-27",17:47:01
2228,412a7180-5a89-5389-9bea-451868f1e298,SafariNewTab,[],hey can you pop open a new tab in safari for me,"{""app"":""safari"",""action"":""new_tab"",""params"":{}}","Tuesday, 1995-03-07",14:13:53
2229,412a7180-5a89-5389-9bea-451868f1e298,SafariNewTab,[],"safari upen a fresh tab, yeah?","{""app"":""safari"",""action"":""new_tab"",""params"":{}}","Monday, 1996-09-16",18:09:27
2230,412a7180-5a89-5389-9bea-451868f1e298,SafariNewTab,[],"could you open me another tab in safari, no biggie","{""app"":""safari"",""action"":""new_tab"",""params"":{}}","Wednesday, 1998-08-12",07:35:15
2231,412a7180-5a89-5389-9bea-451868f1e298,SafariNewTab,[],"forget about it, just give me a new safari tab","{""app"":""safari"",""action"":""new_tab"",""params"":{}}","Wednesday, 1999-11-24",14:20:18
2232,412a7180-5a89-5389-9bea-451868f1e298,SafariNewTab,[],yo open up a fresh tab in safari real quick,"{""app"":""safari"",""action"":""new_tab"",""params"":{}}","Monday, 2000-09-04",01:36:19
2233,412a7180-5a89-5389-9bea-451868f1e298,SafariNewTab,[],"hey, make a new tab in safari for me please","{""app"":""safari"",""action"":""new_tab"",""params"":{}}","Monday, 2015-10-19",12:11:44
2234,412a7180-5a89-5389-9bea-451868f1e298,SafariNewTab,[],"just pop a new safari tab open, thanks","{""app"":""safari"",""action"":""new_tab"",""params"":{}}","Tuesday, 2018-05-22",12:44:34
2235,412a7180-5a89-5389-9bea-451868f1e298,SafariNewTab,[],can you open an extra tab in safari for whatever,"{""app"":""safari"",""action"":""new_tab"",""params"":{}}","Saturday, 2019-03-23",22:55:38
2236,412a7180-5a89-5389-9bea-451868f1e298,SafariNewTab,[],"safari, new tab please","{""app"":""safari"",""action"":""new_tab"",""params"":{}}","Friday, 2020-11-20",20:39:04
2237,412a7180-5a89-5389-9bea-451868f1e298,SafariNewTab,[],"could you just open another safari tab, cheers","{""app"":""safari"",""action"":""new_tab"",""params"":{}}","Monday, 2021-01-11",12:47:26
2238,412a7180-5a89-5389-9bea-451868f1e298,SafariNewTab,[],"hey, toss me a fresh tab in safari","{""app"":""safari"",""action"":""new_tab"",""params"":{}}","Monday, 2021-11-29",13:06:53
2239,412a7180-5a89-5389-9bea-451868f1e298,SafariNewTab,[],"at twenty three fifty one, open a new tab in safari for me","{""app"":""safari"",""action"":""new_tab"",""params"":{}}","Tuesday, 2027-11-09",23:51:58
2240,520b9526-5ddf-5332-8bcc-ce5e38302156,ChromeNewTab,[],Can you open a new tab for me in Chrome ,"{""app"":""google chrome"",""action"":""new_tab"",""params"":{}}","Tuesday, 2001-02-27",06:24:17
2241,14e44f3b-fb4d-5421-b086-8e9a728bf28c,ChromeNewTab,[],Please pop open another Chrome tab,"{""app"":""google chrome"",""action"":""new_tab"",""params"":{}}","Thursday, 2002-05-09",04:17:45
2242,70858929-f8d5-5d08-9739-6b1cb7986eed,ChromeNewTab,[],I need a fresh tab in Google Chrome tonight.,"{""app"":""google chrome"",""action"":""new_tab"",""params"":{}}","Monday, 2002-09-30",13:20:23
2243,fa8a3e49-76df-55fb-ad42-202196a6a247,ChromeNewTab,[],Could you open a new Chrome tab?,"{""app"":""google chrome"",""action"":""new_tab"",""params"":{}}","Thursday, 2002-10-31",11:20:17
2244,7c67ada4-0737-5ada-8b8b-a9867ca2041c,ChromeNewTab,[],Let’s get a new tab going in Chrome,"{""app"":""google chrome"",""action"":""new_tab"",""params"":{}}","Saturday, 2008-04-12",21:02:25
2245,7af393f6-ce81-5f41-acab-36fe13da5c6d,ChromeNewTab,[],Open another tab in Google Chrome when you get a sec.,"{""app"":""google chrome"",""action"":""new_tab"",""params"":{}}","Sunday, 2012-07-22",19:48:40
2246,d1448212-c0b9-56e9-90a7-c2c4ca134177,ChromeNewTab,[],"Actually, I need a new Chrome tab","{""app"":""google chrome"",""action"":""new_tab"",""params"":{}}","Tuesday, 2013-07-30",23:06:58
2247,178f7734-9251-5e26-91fd-6cd07819bb8f,ChromeNewTab,[],Could you make a fresh tab in Chrome,"{""app"":""google chrome"",""action"":""new_tab"",""params"":{}}","Friday, 2015-02-13",06:39:25
2248,cad8a1a1-448f-5ed7-b038-1814d69400df,ChromeNewTab,[],Please open a new tab in Google Chrome,"{""app"":""google chrome"",""action"":""new_tab"",""params"":{}}","Saturday, 2016-10-22",15:46:29
2249,89fe642e-676c-5b17-89a8-8e557c50095e,ChromeNewTab,[],I want a new Chrome tab ,"{""app"":""google chrome"",""action"":""new_tab"",""params"":{}}","Tuesday, 2018-02-27",01:37:42
2250,6daa7a79-b740-50ce-b203-ad5508d0c2ec,ChromeNewTab,[],Can we open another tab in Chrome,"{""app"":""google chrome"",""action"":""new_tab"",""params"":{}}","Thursday, 2023-09-21",19:13:01
2251,02e044a3-f470-5ef7-b4c8-fbf31d420521,ChromeNewTab,[],I’d like a new tab in goggle Chrome,"{""app"":""google chrome"",""action"":""new_tab"",""params"":{}}","Friday, 2024-06-28",03:08:17
2252,41c51c86-b214-55fd-b28d-379cd319ebc9,ChromeNewTab,[],Open a fresh Chrome tab =,"{""app"":""google chrome"",""action"":""new_tab"",""params"":{}}","Monday, 2027-03-15",16:38:24
2253,3175eecf-3766-5417-8771-98f4ad050610,ChromeNewTab,[],Could you please add a new tab in Chrome,"{""app"":""google chrome"",""action"":""new_tab"",""params"":{}}","Friday, 2027-09-24",14:50:02
2254,c464cec1-1552-51a6-9fe6-310cea8b8d36,ChromeNewTab,[],Please bring up a new Chrome tab,"{""app"":""google chrome"",""action"":""new_tab"",""params"":{}}","Monday, 2029-07-30",13:51:20
2255,2cc8c862-81c4-562f-8fcd-9ac8d60157a0,ChromeOpenNewWindow,[],"Could you kindly open a new Chrome window for me today, with no extra page needed?","{""app"":""google chrome"",""action"":""open_new_window"",""params"":{}}","Saturday, 1996-11-30",13:03:21
2256,2cc8c862-81c4-562f-8fcd-9ac8d60157a0,ChromeOpenNewWindow,[],"Please start a fresh Google Chrome window this afternoon, if you don't mind.","{""app"":""google chrome"",""action"":""open_new_window"",""params"":{}}","Sunday, 1998-10-25",08:55:54
2258,2cc8c862-81c4-562f-8fcd-9ac8d60157a0,ChromeOpenNewWindow,[],"Please pop open a new Google Chrome window for tonight, thanks.","{""app"":""google chrome"",""action"":""open_new_window"",""params"":{}}","Saturday, 2004-08-28",08:07:33
2260,2cc8c862-81c4-562f-8fcd-9ac8d60157a0,ChromeOpenNewWindow,[],"Please open a new browser window in Google Chrome in a bit, cheers.","{""app"":""google chrome"",""action"":""open_new_window"",""params"":{}}","Saturday, 2012-03-24",22:55:45
2262,2cc8c862-81c4-562f-8fcd-9ac8d60157a0,ChromeOpenNewWindow,[],"Please launch a brand-new Google Chrome window this evening, if that's alright.","{""app"":""google chrome"",""action"":""open_new_window"",""params"":{}}","Friday, 2016-12-30",07:44:56
2266,a50ddf64-9698-53df-9c07-f8e9651471b6,ChromeOpenNewWindow,[],Could you kindly open a new Google Chrome window for me this morning?,"{""app"":""google chrome"",""action"":""open_new_window"",""params"":{}}","Friday, 1991-11-29",04:50:36
2268,a50ddf64-9698-53df-9c07-f8e9651471b6,ChromeOpenNewWindow,[],Would you kindly start a fresh Google Chrome window in a moment?,"{""app"":""google chrome"",""action"":""open_new_window"",""params"":{}}","Monday, 1997-04-14",23:36:42
2270,a50ddf64-9698-53df-9c07-f8e9651471b6,ChromeOpenNewWindow,[],Could you please open one more Google Chrome window for me right now?,"{""app"":""google chrome"",""action"":""open_new_window"",""params"":{}}","Monday, 2003-06-30",01:50:06
2273,a50ddf64-9698-53df-9c07-f8e9651471b6,ChromeOpenNewWindow,[],"Could you open a separate Chrome window, please?","{""app"":""google chrome"",""action"":""open_new_window"",""params"":{}}","Monday, 2013-12-09",06:29:23
2274,a50ddf64-9698-53df-9c07-f8e9651471b6,ChromeOpenNewWindow,[],Please set up another Google Chrome window,"{""app"":""google chrome"",""action"":""open_new_window"",""params"":{}}","Thursday, 2014-06-12",12:50:09
2276,a50ddf64-9698-53df-9c07-f8e9651471b6,ChromeOpenNewWindow,[],Please give me a new Google Chrome window for,"{""app"":""google chrome"",""action"":""open_new_window"",""params"":{}}","Thursday, 2021-09-30",17:54:22
2278,a50ddf64-9698-53df-9c07-f8e9651471b6,ChromeOpenNewWindow,[],Please start another Google Chrome window.,"{""app"":""google chrome"",""action"":""open_new_window"",""params"":{}}","Saturday, 2023-06-03",01:06:04
2280,a50ddf64-9698-53df-9c07-f8e9651471b6,ChromeOpenNewWindow,[],Could you please open a fresh Google Chrome window?,"{""app"":""google chrome"",""action"":""open_new_window"",""params"":{}}","Monday, 2028-06-12",09:20:03
2281,c24ce5ee-8750-5913-a41d-6909b050df57,CalendarCreateEvent,"[""title"",""date"",""time"",""duration_in_minutes""]",Please add a late-night code review session for tomorrow at 11:30 p.m.,"{""app"":""calendar"",""action"":""create_event"",""params"":{""title"":""code review session"",""date"":""1991-04-19"",""time"":""23:30:00"",""duration_in_minutes"":90}}","Thursday, 1991-04-18",23:04:37
2282,c24ce5ee-8750-5913-a41d-6909b050df57,CalendarCreateEvent,"[""title"",""date"",""time"",""duration_in_minutes""]",Could you kindly schedule a code review session for Friday evening at 6:15 p.m.?,"{""app"":""calendar"",""action"":""create_event"",""params"":{""title"":""code review session"",""date"":""1992-02-28"",""time"":""18:15:00"",""duration_in_minutes"":60}}","Thursday, 1992-02-27",16:28:06
2283,c24ce5ee-8750-5913-a41d-6909b050df57,CalendarCreateEvent,"[""title"",""date"",""time"",""duration_in_minutes""]",Please put a code review session on my calendar next Monday at 9:00 a.m.,"{""app"":""calendar"",""action"":""create_event"",""params"":{""title"":""code review session"",""date"":""2000-01-03"",""time"":""09:00:00"",""duration_in_minutes"":75}}","Monday, 2000-01-03",02:57:13
2284,c24ce5ee-8750-5913-a41d-6909b050df57,CalendarCreateEvent,"[""title"",""date"",""time"",""duration_in_minutes""]",Could you add a code review session for tomorrow at half past two in the afternoon?,"{""app"":""calendar"",""action"":""create_event"",""params"":{""title"":""code review session"",""date"":""2001-03-09"",""time"":""14:30:00"",""duration_in_minutes"":45}}","Thursday, 2001-03-08",10:21:18
2285,c24ce5ee-8750-5913-a41d-6909b050df57,CalendarCreateEvent,"[""title"",""date"",""time"",""duration_in_minutes""]",Please schedule a code review session this Tuesday at 8:20 p.m.,"{""app"":""calendar"",""action"":""create_event"",""params"":{""title"":""code review session"",""date"":""2008-10-28"",""time"":""20:20:00"",""duration_in_minutes"":90}}","Sunday, 2008-10-26",07:03:28
2286,c24ce5ee-8750-5913-a41d-6909b050df57,CalendarCreateEvent,"[""title"",""date"",""time"",""duration_in_minutes""]",Kindly add a code review session for next Thursday at 10:10 a.m.,"{""app"":""calendar"",""action"":""create_event"",""params"":{""title"":""code review session"",""date"":""2014-06-12"",""time"":""10:10:00"",""duration_in_minutes"":120}}","Tuesday, 2014-06-10",16:43:45
2287,c24ce5ee-8750-5913-a41d-6909b050df57,CalendarCreateEvent,"[""title"",""date"",""time"",""duration_in_minutes""]",Please make a note of a code review session on Monday at 3:45 p.m.,"{""app"":""calendar"",""action"":""create_event"",""params"":{""title"":""code review session"",""date"":""2016-10-10"",""time"":""15:45:00"",""duration_in_minutes"":60}}","Sunday, 2016-10-09",12:45:51
2288,c24ce5ee-8750-5913-a41d-6909b050df57,CalendarCreateEvent,"[""title"",""date"",""time"",""duration_in_minutes""]",Could you please create a code review session for tomorrow morning at 7:00 a.m.?,"{""app"":""calendar"",""action"":""create_event"",""params"":{""title"":""code review session"",""date"":""2017-09-13"",""time"":""07:00:00"",""duration_in_minutes"":50}}","Tuesday, 2017-09-12",05:40:30
2289,c24ce5ee-8750-5913-a41d-6909b050df57,CalendarCreateEvent,"[""title"",""date"",""time"",""duration_in_minutes""]",Please add a code review session for this Friday at 1:15 p.m.,"{""app"":""calendar"",""action"":""create_event"",""params"":{""title"":""code review session"",""date"":""2018-04-13"",""time"":""13:15:00"",""duration_in_minutes"":80}}","Thursday, 2018-04-12",10:51:31
2290,c24ce5ee-8750-5913-a41d-6909b050df57,CalendarCreateEvent,"[""title"",""date"",""time"",""duration_in_minutes""]",Could you kindly book a code review session next Thursday at 4:40 p.m.?,"{""app"":""calendar"",""action"":""create_event"",""params"":{""title"":""code review session"",""date"":""2019-01-17"",""time"":""16:40:00"",""duration_in_minutes"":55}}","Wednesday, 2019-01-16",09:01:20
2291,8aa6aff1-d109-5f2e-b8ca-24487524fed0,CalendarCreateEvent,"[""title"",""date"",""time"",""duration_in_minutes""]",Please schedule a dentist checkup for tomorrow at 8:30 a.m.,"{""app"":""calendar"",""action"":""create_event"",""params"":{""title"":""dentist checkup"",""date"":""2021-04-16"",""time"":""08:30:00"",""duration_in_minutes"":45}}","Thursday, 2021-04-15",13:15:35
2292,8aa6aff1-d109-5f2e-b8ca-24487524fed0,CalendarCreateEvent,"[""title"",""date"",""time"",""duration_in_minutes""]",Could you add a dentist checkup for Sunday afternoon at 2:00 p.m.?,"{""app"":""calendar"",""action"":""create_event"",""params"":{""title"":""dentist checkup"",""date"":""2021-05-09"",""time"":""14:00:00"",""duration_in_minutes"":60}}","Saturday, 2021-05-08",16:59:48
2293,8aa6aff1-d109-5f2e-b8ca-24487524fed0,CalendarCreateEvent,"[""title"",""date"",""time"",""duration_in_minutes""]",Please make a note for a dentist checkup next Monday at 11:10 a.m.,"{""app"":""calendar"",""action"":""create_event"",""params"":{""title"":""dentist checkup"",""date"":""2025-07-28"",""time"":""11:10:00"",""duration_in_minutes"":30}}","Friday, 2025-07-25",01:50:48
2294,8aa6aff1-d109-5f2e-b8ca-24487524fed0,CalendarCreateEvent,"[""title"",""date"",""time"",""duration_in_minutes""]",Kindly create a dentist checkup on the following Tuesday at 5:25 p.m.,"{""app"":""calendar"",""action"":""create_event"",""params"":{""title"":""dentist checkup"",""date"":""2026-03-10"",""time"":""17:25:00"",""duration_in_minutes"":75}}","Sunday, 2026-03-08",06:28:04
2295,8aa6aff1-d109-5f2e-b8ca-24487524fed0,CalendarCreateEvent,"[""title"",""date"",""time"",""duration_in_minutes""]",Please add a dentist checkup for next Friday at 9:50 a.m.,"{""app"":""calendar"",""action"":""create_event"",""params"":{""title"":""dentist checkup"",""date"":""2029-06-22"",""time"":""09:50:00"",""duration_in_minutes"":40}}","Friday, 2029-06-15",17:57:13
2296,d2248ffd-46c0-5ab4-8108-b2f909c92420,CalendarCreateEvent,"[""title"",""date"",""time"",""duration_in_minutes"",""location""]","Please schedule my quarterly budget review for next Thursday at 9:00 in the morning, and include the conference room as the location.","{""app"":""calendar"",""action"":""create_event"",""params"":{""title"":""Quarterly budget review"",""date"":""1997-05-29"",""time"":""09:00:00"",""duration_in_minutes"":60,""location"":""conference room""}}","Wednesday, 1997-05-21",19:43:07
2297,d2248ffd-46c0-5ab4-8108-b2f909c92420,CalendarCreateEvent,"[""title"",""date"",""time"",""duration_in_minutes""]",I would appreciate it if you could add a budget review meeting for tomorrow at half past two this afternoon.,"{""app"":""calendar"",""action"":""create_event"",""params"":{""title"":""Budget review meeting"",""date"":""1998-02-05"",""time"":""14:30:00"",""duration_in_minutes"":45}}","Wednesday, 1998-02-04",21:05:12
2298,d2248ffd-46c0-5ab4-8108-b2f909c92420,CalendarCreateEvent,"[""title"",""date"",""time"",""duration_in_minutes"",""description""]","Kindly put my budget review on the calendar for Friday at 11:15 a.m., with a note that the slides should be finalized beforehand.","{""app"":""calendar"",""action"":""create_event"",""params"":{""title"":""Budget review"",""date"":""2002-02-08"",""time"":""11:15:00"",""duration_in_minutes"":90,""description"":""The slides should be finalized beforehand.""}}","Wednesday, 2002-02-06",09:51:28
2299,d2248ffd-46c0-5ab4-8108-b2f909c92420,CalendarCreateEvent,"[""title"",""date"",""time"",""duration_in_minutes"",""location""]",Please arrange a budget review on Monday at 4:00 in the afternoon in the main office.,"{""app"":""calendar"",""action"":""create_event"",""params"":{""title"":""Budget review"",""date"":""2006-03-20"",""time"":""16:00:00"",""duration_in_minutes"":30,""location"":""main office""}}","Friday, 2006-03-17",18:58:10
2300,d2248ffd-46c0-5ab4-8108-b2f909c92420,CalendarCreateEvent,"[""title"",""date"",""time"",""duration_in_minutes""]",Could you please create a budget review session for tomorrow at 10:00 a.m. and set it for one hour?,"{""app"":""calendar"",""action"":""create_event"",""params"":{""title"":""Budget review session"",""date"":""2006-05-10"",""time"":""10:00:00"",""duration_in_minutes"":60}}","Tuesday, 2006-05-09",10:10:46
2301,d2248ffd-46c0-5ab4-8108-b2f909c92420,CalendarCreateEvent,"[""title"",""date"",""time"",""duration_in_minutes"",""location""]",I need you to schedule the budget review for this Friday at 1:45 p.m. in the finance office.,"{""app"":""calendar"",""action"":""create_event"",""params"":{""title"":""Budget review"",""date"":""2006-08-25"",""time"":""13:45:00"",""duration_in_minutes"":50,""location"":""finance office""}}","Wednesday, 2006-08-23",05:26:57
2302,d2248ffd-46c0-5ab4-8108-b2f909c92420,CalendarCreateEvent,"[""title"",""date"",""time"",""duration_in_minutes""]",Would you kindly add a budget review call for next Tuesday at 8:20 p.m.?,"{""app"":""calendar"",""action"":""create_event"",""params"":{""title"":""Budget review call"",""date"":""2006-11-21"",""time"":""20:20:00"",""duration_in_minutes"":40}}","Wednesday, 2006-11-15",21:04:33
2303,08c14b30-6dcb-5ee6-a0ae-c752fe817e86,CalendarCreateEvent,"[""title"",""date"",""time"",""duration_in_minutes""]","Please put my chemistry study session on the calendar for tomorrow at 7:30 in the evening, and make it ninety minutes long.","{""app"":""calendar"",""action"":""create_event"",""params"":{""title"":""Chemistry study session"",""date"":""2012-10-16"",""time"":""19:30:00"",""duration_in_minutes"":90}}","Monday, 2012-10-15",08:40:58
2304,08c14b30-6dcb-5ee6-a0ae-c752fe817e86,CalendarCreateEvent,"[""title"",""date"",""time"",""duration_in_minutes"",""location""]",Could you schedule my chemistry revision for Wednesday at 3:15 p.m. in the library?,"{""app"":""calendar"",""action"":""create_event"",""params"":{""title"":""Chemistry revision"",""date"":""2013-06-12"",""time"":""15:15:00"",""duration_in_minutes"":120,""location"":""library""}}","Sunday, 2013-06-09",14:07:36
2305,08c14b30-6dcb-5ee6-a0ae-c752fe817e86,CalendarCreateEvent,"[""title"",""date"",""time"",""duration_in_minutes"",""description""]",I would appreciate it if you could add a chemistry lab prep block for Friday morning at 8:00 a.m. with a reminder about goggles.,"{""app"":""calendar"",""action"":""create_event"",""params"":{""title"":""Chemistry lab prep block"",""date"":""2014-01-31"",""time"":""08:00:00"",""duration_in_minutes"":75,""description"":""A reminder about goggles.""}}","Wednesday, 2014-01-29",07:23:52
2306,08c14b30-6dcb-5ee6-a0ae-c752fe817e86,CalendarCreateEvent,"[""title"",""date"",""time"",""duration_in_minutes"",""location""]",Please create a chemistry review appointment for next Monday at 6:10 p.m. in room 204.,"{""app"":""calendar"",""action"":""create_event"",""params"":{""title"":""Chemistry review appointment"",""date"":""2019-05-27"",""time"":""18:10:00"",""duration_in_minutes"":55,""location"":""room 204""}}","Sunday, 2019-05-26",00:50:39
2307,08c14b30-6dcb-5ee6-a0ae-c752fe817e86,CalendarCreateEvent,"[""title"",""date"",""time"",""duration_in_minutes""]",Kindly schedule my chemistry exam preparation for this Wednesday at 11:00 in the morning.,"{""app"":""calendar"",""action"":""create_event"",""params"":{""title"":""Chemistry exam preparation"",""date"":""2019-12-18"",""time"":""11:00:00"",""duration_in_minutes"":100}}","Monday, 2019-12-16",12:56:20
2308,08c14b30-6dcb-5ee6-a0ae-c752fe817e86,CalendarCreateEvent,"[""title"",""date"",""time"",""duration_in_minutes""]",I need you to add a chemistry reading block for tomorrow at quarter past nine in the evening.,"{""app"":""calendar"",""action"":""create_event"",""params"":{""title"":""Chemistry reading block"",""date"":""2021-03-04"",""time"":""21:15:00"",""duration_in_minutes"":45}}","Wednesday, 2021-03-03",21:29:27
2309,08c14b30-6dcb-5ee6-a0ae-c752fe817e86,CalendarCreateEvent,"[""title"",""date"",""time"",""duration_in_minutes"",""location""]",Please arrange my chemistry problem set session for Tuesday at 10:30 a.m. in the study room.,"{""app"":""calendar"",""action"":""create_event"",""params"":{""title"":""Chemistry problem set session"",""date"":""2023-05-09"",""time"":""10:30:00"",""duration_in_minutes"":70,""location"":""study room""}}","Sunday, 2023-05-07",01:44:29
2310,08c14b30-6dcb-5ee6-a0ae-c752fe817e86,CalendarCreateEvent,"[""title"",""date"",""time"",""duration_in_minutes""]",Could you please add a chemistry tutoring meeting for tomorrow at 4:45 in the afternoon?,"{""app"":""calendar"",""action"":""create_event"",""params"":{""title"":""Chemistry tutoring meeting"",""date"":""2024-02-19"",""time"":""16:45:00"",""duration_in_minutes"":60}}","Sunday, 2024-02-18",17:42:49
2311,8189b3ea-c575-5684-9684-b404957010da,CalendarCreateEvent,"[""title"",""date"",""time"",""duration_in_minutes""]",Can you add a piano practice block for this Sunday afternoon at two o'clock?,"{""app"":""calendar"",""action"":""create_event"",""params"":{""title"":""piano practice"",""date"":""1991-08-18"",""time"":""14:00:00"",""duration_in_minutes"":60}}","Sunday, 1991-08-18",06:24:25
2312,8189b3ea-c575-5684-9684-b404957010da,CalendarCreateEvent,"[""title"",""date"",""time"",""duration_in_minutes""]",Please schedule my piano practice for next Tuesday at 6:30 in the evening.,"{""app"":""calendar"",""action"":""create_event"",""params"":{""title"":""piano practice"",""date"":""1995-10-17"",""time"":""18:30:00"",""duration_in_minutes"":45}}","Saturday, 1995-10-14",15:45:23
2313,8189b3ea-c575-5684-9684-b404957010da,CalendarCreateEvent,"[""title"",""date"",""time"",""duration_in_minutes""]",I need a piano practice session tomorrow morning at nine fifteen.,"{""app"":""calendar"",""action"":""create_event"",""params"":{""title"":""piano practice"",""date"":""1996-02-22"",""time"":""09:15:00"",""duration_in_minutes"":30}}","Wednesday, 1996-02-21",14:14:01
2314,8189b3ea-c575-5684-9684-b404957010da,CalendarCreateEvent,"[""title"",""date"",""time"",""duration_in_minutes""]",Could you put down piano practice for this Friday at 5:45 p.m.?,"{""app"":""calendar"",""action"":""create_event"",""params"":{""title"":""piano practice"",""date"":""1997-08-29"",""time"":""17:45:00"",""duration_in_minutes"":50}}","Thursday, 1997-08-28",22:18:34
2315,8189b3ea-c575-5684-9684-b404957010da,CalendarCreateEvent,"[""title"",""date"",""time"",""duration_in_minutes""]",Make a note of piano practice on Saturday at 10:00 in the morning.,"{""app"":""calendar"",""action"":""create_event"",""params"":{""title"":""piano practice"",""date"":""1997-12-27"",""time"":""10:00:00"",""duration_in_minutes"":40}}","Thursday, 1997-12-25",21:30:19
2316,8189b3ea-c575-5684-9684-b404957010da,CalendarCreateEvent,"[""title"",""date"",""time"",""duration_in_minutes""]",Let's book piano practice for Wednesday night at eight o'clock.,"{""app"":""calendar"",""action"":""create_event"",""params"":{""title"":""piano practice"",""date"":""2011-04-06"",""time"":""20:00:00"",""duration_in_minutes"":55}}","Sunday, 2011-04-03",20:05:45
2317,576fd7fb-5dc1-5e21-b494-13b0806086d5,CalendarCreateEvent,"[""title"",""date"",""time"",""duration_in_minutes"",""location""]",Please add a dinner with friends at the new Italian place next Friday at 7:15 p.m.,"{""app"":""calendar"",""action"":""create_event"",""params"":{""title"":""dinner with friends"",""date"":""2014-07-04"",""time"":""19:15:00"",""duration_in_minutes"":120,""location"":""the new Italian place""}}","Saturday, 2014-06-28",14:33:01
2318,576fd7fb-5dc1-5e21-b494-13b0806086d5,CalendarCreateEvent,"[""title"",""date"",""time"",""duration_in_minutes""]",Could you schedule dinner with friends for tomorrow evening at 6:00?,"{""app"":""calendar"",""action"":""create_event"",""params"":{""title"":""dinner with friends"",""date"":""2014-10-04"",""time"":""18:00:00"",""duration_in_minutes"":90}}","Friday, 2014-10-03",15:12:23
2319,576fd7fb-5dc1-5e21-b494-13b0806086d5,CalendarCreateEvent,"[""title"",""date"",""time"",""duration_in_minutes""]",I want to pencil in dinner with friends this Thursday at half past seven.,"{""app"":""calendar"",""action"":""create_event"",""params"":{""title"":""dinner with friends"",""date"":""2015-07-16"",""time"":""19:30:00"",""duration_in_minutes"":110}}","Tuesday, 2015-07-14",11:20:59
2320,576fd7fb-5dc1-5e21-b494-13b0806086d5,CalendarCreateEvent,"[""title"",""date"",""time"",""duration_in_minutes""]",Can you make dinner with friends happen on Friday at 8:00 p.m.?,"{""app"":""calendar"",""action"":""create_event"",""params"":{""title"":""dinner with friends"",""date"":""2015-08-07"",""time"":""20:00:00"",""duration_in_minutes"":105}}","Monday, 2015-08-03",02:25:31
2321,413f79a4-f461-5cab-810b-cf57029f6404,CalendarCreateEvent,"[""title"",""date"",""time"",""duration_in_minutes""]",Please add a hike planning meetup for Friday at 4:30 in the afternoon.,"{""app"":""calendar"",""action"":""create_event"",""params"":{""title"":""hike planning meetup"",""date"":""2020-02-28"",""time"":""16:30:00"",""duration_in_minutes"":60}}","Monday, 2020-02-24",17:53:12
2322,413f79a4-f461-5cab-810b-cf57029f6404,CalendarCreateEvent,"[""title"",""date"",""time"",""duration_in_minutes""]","Actually, I need a hike planning meetup next Monday morning at ten.","{""app"":""calendar"",""action"":""create_event"",""params"":{""title"":""hike planning meetup"",""date"":""2021-06-28"",""time"":""10:00:00"",""duration_in_minutes"":45}}","Tuesday, 2021-06-22",14:21:48
2323,413f79a4-f461-5cab-810b-cf57029f6404,CalendarCreateEvent,"[""title"",""date"",""time"",""duration_in_minutes""]",Could you schedule a hike planning meetup for this Thursday at 1:00 p.m.?,"{""app"":""calendar"",""action"":""create_event"",""params"":{""title"":""hike planning meetup"",""date"":""2022-01-20"",""time"":""13:00:00"",""duration_in_minutes"":75}}","Monday, 2022-01-17",07:56:26
2324,413f79a4-f461-5cab-810b-cf57029f6404,CalendarCreateEvent,"[""title"",""date"",""time"",""duration_in_minutes""]",Let's put a hike planning meetup on the calendar for tomorrow at 6:15 in the evening.,"{""app"":""calendar"",""action"":""create_event"",""params"":{""title"":""hike planning meetup"",""date"":""2022-01-28"",""time"":""18:15:00"",""duration_in_minutes"":50}}","Thursday, 2022-01-27",22:39:48
2325,413f79a4-f461-5cab-810b-cf57029f6404,CalendarCreateEvent,"[""title"",""date"",""time"",""duration_in_minutes""]",Please add a hike planning meetup for this Saturday afternoon at three thirty.,"{""app"":""calendar"",""action"":""create_event"",""params"":{""title"":""hike planning meetup"",""date"":""2022-03-19"",""time"":""15:30:00"",""duration_in_minutes"":90}}","Friday, 2022-03-18",23:18:36
2326,361680b7-472c-5a15-b357-7e0cf74d0191,CalendarCreateEvent,"[""title"",""date"",""time"",""duration_in_minutes""]","Please add a calendar event for a violin lesson tomorrow afternoon at half past three, if you would be so kind.","{""app"":""calendar"",""action"":""create_event"",""params"":{""title"":""Violin lesson"",""date"":""1991-11-10"",""time"":""15:30:00"",""duration_in_minutes"":60}}","Saturday, 1991-11-09",13:12:50
2327,361680b7-472c-5a15-b357-7e0cf74d0191,CalendarCreateEvent,"[""title"",""date"",""time"",""duration_in_minutes""]",Would you kindly schedule my violin lesson for this coming Monday at 4:15 in the afternoon.,"{""app"":""calendar"",""action"":""create_event"",""params"":{""title"":""Violin lesson"",""date"":""1992-02-03"",""time"":""16:15:00"",""duration_in_minutes"":60}}","Thursday, 1992-01-30",19:47:09
2328,361680b7-472c-5a15-b357-7e0cf74d0191,CalendarCreateEvent,"[""title"",""date"",""time"",""duration_in_minutes""]",Could you please put a violin lesson on the calendar for the day after tomorrow at 09:00 in the morning?,"{""app"":""calendar"",""action"":""create_event"",""params"":{""title"":""Violin lesson"",""date"":""1993-07-26"",""time"":""09:00:00"",""duration_in_minutes"":60}}","Saturday, 1993-07-24",22:03:27
2329,361680b7-472c-5a15-b357-7e0cf74d0191,CalendarCreateEvent,"[""title"",""date"",""time"",""duration_in_minutes""]",Please arrange a violin lesson next Tuesday at ten o'clock in the morning.,"{""app"":""calendar"",""action"":""create_event"",""params"":{""title"":""Violin lesson"",""date"":""1996-07-23"",""time"":""10:00:00"",""duration_in_minutes"":60}}","Monday, 1996-07-22",15:49:36
2330,361680b7-472c-5a15-b357-7e0cf74d0191,CalendarCreateEvent,"[""title"",""date"",""time"",""duration_in_minutes""]",I would appreciate it if you could schedule a violin lesson for this evening at 7:00 p.m.,"{""app"":""calendar"",""action"":""create_event"",""params"":{""title"":""Violin lesson"",""date"":""1997-04-07"",""time"":""19:00:00"",""duration_in_minutes"":60}}","Monday, 1997-04-07",22:57:44
2331,361680b7-472c-5a15-b357-7e0cf74d0191,CalendarCreateEvent,"[""title"",""date"",""time"",""duration_in_minutes""]","Please add a violin lesson for tomorrow morning at 8:30, and make it one hour long.","{""app"":""calendar"",""action"":""create_event"",""params"":{""title"":""Violin lesson"",""date"":""1998-01-17"",""time"":""08:30:00"",""duration_in_minutes"":60}}","Friday, 1998-01-16",04:37:27
2332,e71a3693-2224-52a9-b574-37642d439280,CalendarCreateEvent,"[""title"",""date"",""time"",""duration_in_minutes""]",Could you kindly schedule a pottery class for Friday at two in the afternoon?,"{""app"":""calendar"",""action"":""create_event"",""params"":{""title"":""Pottery class"",""date"":""2000-11-03"",""time"":""14:00:00"",""duration_in_minutes"":90}}","Wednesday, 2000-11-01",05:39:29
2333,e71a3693-2224-52a9-b574-37642d439280,CalendarCreateEvent,"[""title"",""date"",""time"",""duration_in_minutes""]",Please add a pottery class next Wednesday at 6:45 p.m.,"{""app"":""calendar"",""action"":""create_event"",""params"":{""title"":""Pottery class"",""date"":""2002-02-06"",""time"":""18:45:00"",""duration_in_minutes"":90}}","Friday, 2002-02-01",08:33:44
2334,e71a3693-2224-52a9-b574-37642d439280,CalendarCreateEvent,"[""title"",""date"",""time"",""duration_in_minutes""]",Would you please schedule a pottery class for tomorrow at 11:15 in the morning?,"{""app"":""calendar"",""action"":""create_event"",""params"":{""title"":""Pottery class"",""date"":""2004-04-08"",""time"":""11:15:00"",""duration_in_minutes"":90}}","Wednesday, 2004-04-07",06:24:41
2335,e71a3693-2224-52a9-b574-37642d439280,CalendarCreateEvent,"[""title"",""date"",""time"",""duration_in_minutes""]",Please put down a pottery class for this Saturday at 3:00 p.m.,"{""app"":""calendar"",""action"":""create_event"",""params"":{""title"":""Pottery class"",""date"":""2006-07-15"",""time"":""15:00:00"",""duration_in_minutes"":90}}","Monday, 2006-07-10",02:24:47
2336,e71a3693-2224-52a9-b574-37642d439280,CalendarCreateEvent,"[""title"",""date"",""time"",""duration_in_minutes""]",Kindly create a pottery class on Sunday at half past one in the afternoon.,"{""app"":""calendar"",""action"":""create_event"",""params"":{""title"":""Pottery class"",""date"":""2011-04-24"",""time"":""13:30:00"",""duration_in_minutes"":90}}","Saturday, 2011-04-23",05:28:08
2337,e71a3693-2224-52a9-b574-37642d439280,CalendarCreateEvent,"[""title"",""date"",""time"",""duration_in_minutes""]","I need you to schedule a pottery class for next Friday at 5:20 p.m., please.","{""app"":""calendar"",""action"":""create_event"",""params"":{""title"":""Pottery class"",""date"":""2012-07-20"",""time"":""17:20:00"",""duration_in_minutes"":90}}","Friday, 2012-07-13",15:48:25
2338,e71a3693-2224-52a9-b574-37642d439280,CalendarCreateEvent,"[""title"",""date"",""time"",""duration_in_minutes""]",Please add a pottery class for tomorrow evening at 7:10.,"{""app"":""calendar"",""action"":""create_event"",""params"":{""title"":""Pottery class"",""date"":""2014-09-26"",""time"":""19:10:00"",""duration_in_minutes"":90}}","Thursday, 2014-09-25",20:44:42
2339,e71a3693-2224-52a9-b574-37642d439280,CalendarCreateEvent,"[""title"",""date"",""time"",""duration_in_minutes""]",Could you please schedule a pottery class for next Tuesday at 10:30 in the morning?,"{""app"":""calendar"",""action"":""create_event"",""params"":{""title"":""Pottery class"",""date"":""2017-05-02"",""time"":""10:30:00"",""duration_in_minutes"":90}}","Wednesday, 2017-04-26",10:29:52
2340,e71a3693-2224-52a9-b574-37642d439280,CalendarCreateEvent,"[""title"",""date"",""time"",""duration_in_minutes""]",Would you kindly make a calendar entry for a pottery class this coming Sunday at 2:15 p.m.?,"{""app"":""calendar"",""action"":""create_event"",""params"":{""title"":""Pottery class"",""date"":""2021-08-08"",""time"":""14:15:00"",""duration_in_minutes"":90}}","Friday, 2021-08-06",08:29:54
2341,89326915-6d8a-5635-926e-e6f26f13c401,CalendarCreateEvent,"[""title"",""date"",""time"",""duration_in_minutes""]",Can you put a breakfast meeting on the calendar for tomorrow at 8:15 in the morning? Make it 45 minutes long.,"{""app"":""calendar"",""action"":""create_event"",""params"":{""title"":""breakfast meeting"",""date"":""1992-07-08"",""time"":""08:15:00"",""duration_in_minutes"":45}}","Tuesday, 1992-07-07",17:17:42
2342,89326915-6d8a-5635-926e-e6f26f13c401,CalendarCreateEvent,"[""title"",""date"",""time"",""duration_in_minutes""]","Please schedule a breakfast meeting for this Friday at 8:00 a.m., and block off half an hour.","{""app"":""calendar"",""action"":""create_event"",""params"":{""title"":""breakfast meeting"",""date"":""1993-02-26"",""time"":""08:00:00"",""duration_in_minutes"":30}}","Sunday, 1993-02-21",20:50:39
2343,89326915-6d8a-5635-926e-e6f26f13c401,CalendarCreateEvent,"[""title"",""date"",""time"",""duration_in_minutes""]",Could you add a breakfast meeting for next Monday at 7:45 in the morning? I’ll need an hour for it.,"{""app"":""calendar"",""action"":""create_event"",""params"":{""title"":""breakfast meeting"",""date"":""1993-09-06"",""time"":""07:45:00"",""duration_in_minutes"":60}}","Tuesday, 1993-08-31",15:28:27
2344,89326915-6d8a-5635-926e-e6f26f13c401,CalendarCreateEvent,"[""title"",""date"",""time"",""duration_in_minutes""]","Set up a breakfast meeting for tomorrow at nine sharp, and make it 40 minutes.","{""app"":""calendar"",""action"":""create_event"",""params"":{""title"":""breakfast meeting"",""date"":""1996-03-17"",""time"":""09:00:00"",""duration_in_minutes"":40}}","Saturday, 1996-03-16",00:10:34
2345,89326915-6d8a-5635-926e-e6f26f13c401,CalendarCreateEvent,"[""title"",""date"",""time"",""duration_in_minutes""]","I need a breakfast meeting on Tuesday morning at 8:30, lasting 50 minutes.","{""app"":""calendar"",""action"":""create_event"",""params"":{""title"":""breakfast meeting"",""date"":""2001-04-24"",""time"":""08:30:00"",""duration_in_minutes"":50}}","Sunday, 2001-04-22",01:34:36
2346,89326915-6d8a-5635-926e-e6f26f13c401,CalendarCreateEvent,"[""title"",""date"",""time"",""duration_in_minutes""]",Could you pencil in a breakfast meeting for Wednesday at 7:30 in the morning? One hour should do it.,"{""app"":""calendar"",""action"":""create_event"",""params"":{""title"":""breakfast meeting"",""date"":""2002-06-05"",""time"":""07:30:00"",""duration_in_minutes"":60}}","Monday, 2002-06-03",07:27:16
2347,b69cb168-f618-5ab6-858c-9608089278f3,CalendarCreateEvent,"[""title"",""date"",""time"",""duration_in_minutes""]","Please add a dentist appointment for this Thursday at 2:00 p.m., and keep it to 45 minutes.","{""app"":""calendar"",""action"":""create_event"",""params"":{""title"":""dentist appointment"",""date"":""2005-01-06"",""time"":""14:00:00"",""duration_in_minutes"":45}}","Monday, 2005-01-03",19:11:18
2348,b69cb168-f618-5ab6-858c-9608089278f3,CalendarCreateEvent,"[""title"",""date"",""time"",""duration_in_minutes""]",Can you schedule a dentist appointment for tomorrow at 10:15 a.m.? I’ll need 30 minutes.,"{""app"":""calendar"",""action"":""create_event"",""params"":{""title"":""dentist appointment"",""date"":""2006-07-28"",""time"":""10:15:00"",""duration_in_minutes"":30}}","Thursday, 2006-07-27",19:37:04
2349,b69cb168-f618-5ab6-858c-9608089278f3,CalendarCreateEvent,"[""title"",""date"",""time"",""duration_in_minutes""]","Actually, I need a dentist appointment next Monday at 11:00 in the morning for 60 minutes.","{""app"":""calendar"",""action"":""create_event"",""params"":{""title"":""dentist appointment"",""date"":""2009-11-30"",""time"":""11:00:00"",""duration_in_minutes"":60}}","Thursday, 2009-11-26",17:17:32
2350,b69cb168-f618-5ab6-858c-9608089278f3,CalendarCreateEvent,"[""title"",""date"",""time"",""duration_in_minutes""]","Put a dentist appointment on my calendar for this Friday at 3:45 p.m., and make it 50 minutes long.","{""app"":""calendar"",""action"":""create_event"",""params"":{""title"":""dentist appointment"",""date"":""2013-08-30"",""time"":""15:45:00"",""duration_in_minutes"":50}}","Thursday, 2013-08-29",18:13:13
2351,b69cb168-f618-5ab6-858c-9608089278f3,CalendarCreateEvent,"[""title"",""date"",""time"",""duration_in_minutes""]",Could you add a dentist appointment for tomorrow at 9:20 in the morning? Block off 40 minutes.,"{""app"":""calendar"",""action"":""create_event"",""params"":{""title"":""dentist appointment"",""date"":""2013-09-25"",""time"":""09:20:00"",""duration_in_minutes"":40}}","Tuesday, 2013-09-24",23:00:04
2352,b69cb168-f618-5ab6-858c-9608089278f3,CalendarCreateEvent,"[""title"",""date"",""time"",""duration_in_minutes""]","Schedule a dentist appointment for Wednesday at 1:30 p.m., please. I only need half an hour.","{""app"":""calendar"",""action"":""create_event"",""params"":{""title"":""dentist appointment"",""date"":""2015-05-06"",""time"":""13:30:00"",""duration_in_minutes"":30}}","Sunday, 2015-05-03",05:14:26
2353,b69cb168-f618-5ab6-858c-9608089278f3,CalendarCreateEvent,"[""title"",""date"",""time"",""duration_in_minutes""]",Can you set up a dentist appointment for tomorrow at 4:10 in the afternoon? Make it 45 minutes.,"{""app"":""calendar"",""action"":""create_event"",""params"":{""title"":""dentist appointment"",""date"":""2026-08-19"",""time"":""16:10:00"",""duration_in_minutes"":45}}","Tuesday, 2026-08-18",19:11:12
2354,b69cb168-f618-5ab6-858c-9608089278f3,CalendarCreateEvent,"[""title"",""date"",""time"",""duration_in_minutes""]",Please pencil in a dentist appointment for next Thursday at 8:50 a.m. for 55 minutes.,"{""app"":""calendar"",""action"":""create_event"",""params"":{""title"":""dentist appointment"",""date"":""2026-09-10"",""time"":""08:50:00"",""duration_in_minutes"":55}}","Tuesday, 2026-09-08",18:15:16
2355,b69cb168-f618-5ab6-858c-9608089278f3,CalendarCreateEvent,"[""title"",""date"",""time"",""duration_in_minutes""]","I need a dentist appointment next Friday at 2:25 in the afternoon, and it should take 35 minutes.","{""app"":""calendar"",""action"":""create_event"",""params"":{""title"":""dentist appointment"",""date"":""2027-10-22"",""time"":""14:25:00"",""duration_in_minutes"":35}}","Tuesday, 2027-10-19",21:01:16
2356,e7b1f100-a4d6-5397-b6d4-9df6098caf88,CalendarCreateEvent,"[""title"",""date"",""time"",""duration_in_minutes"",""location""]","Can you put a bike tune-up on my calendar for July twenty-third at 9:15 in the morning, for an hour, at the shop downtown?","{""app"":""calendar"",""action"":""create_event"",""params"":{""title"":""bike tune-up"",""date"":""1990-07-23"",""time"":""09:15:00"",""duration_in_minutes"":60,""location"":""the shop downtown""}}","Saturday, 1990-07-21",05:26:24
2357,e7b1f100-a4d6-5397-b6d4-9df6098caf88,CalendarCreateEvent,"[""title"",""date"",""time"",""duration_in_minutes"",""location""]","Please add a bike tune-up appointment for this Thursday at 2:30 in the afternoon, lasting 60 minutes, over at the repair shop.","{""app"":""calendar"",""action"":""create_event"",""params"":{""title"":""bike tune-up"",""date"":""1996-12-05"",""time"":""14:30:00"",""duration_in_minutes"":60,""location"":""the repair shop""}}","Tuesday, 1996-12-03",07:03:56
2358,e7b1f100-a4d6-5397-b6d4-9df6098caf88,CalendarCreateEvent,"[""title"",""date"",""time"",""duration_in_minutes"",""location""]","I need a bike tune-up on September twelfth at 10:00 in the morning, for an hour and a half, at the corner mechanic.","{""app"":""calendar"",""action"":""create_event"",""params"":{""title"":""bike tune-up"",""date"":""1997-09-12"",""time"":""10:00:00"",""duration_in_minutes"":90,""location"":""the corner mechanic""}}","Wednesday, 1997-09-10",21:44:34
2359,e7b1f100-a4d6-5397-b6d4-9df6098caf88,CalendarCreateEvent,"[""title"",""date"",""time"",""duration_in_minutes"",""location""]","Could you schedule a bike tune-up for next Monday at half past eight in the morning, 45 minutes long, at Riverside Cycles?","{""app"":""calendar"",""action"":""create_event"",""params"":{""title"":""bike tune-up"",""date"":""1999-01-18"",""time"":""08:30:00"",""duration_in_minutes"":45,""location"":""Riverside Cycles""}}","Thursday, 1999-01-14",08:55:14
2360,e7b1f100-a4d6-5397-b6d4-9df6098caf88,CalendarCreateEvent,"[""title"",""date"",""time"",""duration_in_minutes"",""location""]","Make a note of a bike tune-up this Friday at 4:15 p.m. for 60 minutes, down at the neighborhood bicycle shop.","{""app"":""calendar"",""action"":""create_event"",""params"":{""title"":""bike tune-up"",""date"":""2000-01-14"",""time"":""16:15:00"",""duration_in_minutes"":60,""location"":""the neighborhood bicycle shop""}}","Tuesday, 2000-01-11",08:37:39
2361,e7b1f100-a4d6-5397-b6d4-9df6098caf88,CalendarCreateEvent,"[""title"",""date"",""time"",""duration_in_minutes"",""location""]","Actually, schedule a bike tune-up for tomorrow at 6:00 in the evening, lasting 50 minutes, at the campus bike co-op.","{""app"":""calendar"",""action"":""create_event"",""params"":{""title"":""bike tune-up"",""date"":""2001-02-22"",""time"":""18:00:00"",""duration_in_minutes"":50,""location"":""the campus bike co-op""}}","Wednesday, 2001-02-21",17:36:03
2362,e7b1f100-a4d6-5397-b6d4-9df6098caf88,CalendarCreateEvent,"[""title"",""date"",""time"",""duration_in_minutes"",""location""]","Remember to book a bike tune-up for Wednesday, March twenty-first at 11:00 in the morning, for 75 minutes, at the main service desk.","{""app"":""calendar"",""action"":""create_event"",""params"":{""title"":""bike tune-up"",""date"":""2001-03-21"",""time"":""11:00:00"",""duration_in_minutes"":75,""location"":""the main service desk""}}","Sunday, 2001-03-18",22:12:27
2363,e7b1f100-a4d6-5397-b6d4-9df6098caf88,CalendarCreateEvent,"[""title"",""date"",""time"",""duration_in_minutes"",""location""]","Add a bike tune-up on February twentieth at 3:45 in the afternoon, and make it 60 minutes long, at Wheelhouse Bicycle Repair.","{""app"":""calendar"",""action"":""create_event"",""params"":{""title"":""bike tune-up"",""date"":""2002-02-20"",""time"":""15:45:00"",""duration_in_minutes"":60,""location"":""Wheelhouse Bicycle Repair""}}","Monday, 2002-02-18",20:48:15
2364,e7b1f100-a4d6-5397-b6d4-9df6098caf88,CalendarCreateEvent,"[""title"",""date"",""time"",""duration_in_minutes"",""location""]","Could you put a bike tune-up on the calendar for March fifteenth at 8:20 a.m., for 45 minutes, at the old bike barn?","{""app"":""calendar"",""action"":""create_event"",""params"":{""title"":""bike tune-up"",""date"":""2007-03-15"",""time"":""08:20:00"",""duration_in_minutes"":45,""location"":""the old bike barn""}}","Tuesday, 2007-03-13",01:29:53
2365,e7b1f100-a4d6-5397-b6d4-9df6098caf88,CalendarCreateEvent,"[""title"",""date"",""time"",""duration_in_minutes"",""location""]","Schedule a bike tune-up for Monday September fifth at 10:30 in the morning, lasting 90 minutes, at the downtown cycle studio.","{""app"":""calendar"",""action"":""create_event"",""params"":{""title"":""bike tune-up"",""date"":""2011-09-05"",""time"":""10:30:00"",""duration_in_minutes"":90,""location"":""the downtown cycle studio""}}","Saturday, 2011-09-03",09:49:46
2366,e7b1f100-a4d6-5397-b6d4-9df6098caf88,CalendarCreateEvent,"[""title"",""date"",""time"",""duration_in_minutes"",""location""]","I’d like to add a bike tune-up for December second at 1:00 in the afternoon, for an hour, at the Northside bike clinic.","{""app"":""calendar"",""action"":""create_event"",""params"":{""title"":""bike tune-up"",""date"":""2019-12-02"",""time"":""13:00:00"",""duration_in_minutes"":60,""location"":""the Northside bike clinic""}}","Friday, 2019-11-29",13:49:34
2367,e7b1f100-a4d6-5397-b6d4-9df6098caf88,CalendarCreateEvent,"[""title"",""date"",""time"",""duration_in_minutes"",""location""]","Please create a bike tune-up event for Friday September seventeenth at 9:05 in the morning, 45 minutes long, at the harbor repair shop.","{""app"":""calendar"",""action"":""create_event"",""params"":{""title"":""bike tune-up"",""date"":""2027-09-17"",""time"":""09:05:00"",""duration_in_minutes"":45,""location"":""the harbor repair shop""}}","Wednesday, 2027-09-15",15:27:34
2368,e7b1f100-a4d6-5397-b6d4-9df6098caf88,CalendarCreateEvent,"[""title"",""date"",""time"",""duration_in_minutes"",""location""]","Could you book a bike tune-up on July twelfth at 4:40 p.m. for an hour and a half, over at City Pedal Works?","{""app"":""calendar"",""action"":""create_event"",""params"":{""title"":""bike tune-up"",""date"":""2030-07-12"",""time"":""16:40:00"",""duration_in_minutes"":90,""location"":""City Pedal Works""}}","Wednesday, 2030-07-10",17:01:24
2369,e7b1f100-a4d6-5397-b6d4-9df6098caf88,CalendarCreateEvent,"[""title"",""date"",""time"",""duration_in_minutes"",""location""]","Make sure I have a bike tune-up on September eleventh at 7:15 in the evening, for 60 minutes, at the trailhead workshop.","{""app"":""calendar"",""action"":""create_event"",""params"":{""title"":""bike tune-up"",""date"":""2030-09-11"",""time"":""19:15:00"",""duration_in_minutes"":60,""location"":""the trailhead workshop""}}","Monday, 2030-09-09",00:57:09
2370,e7b1f100-a4d6-5397-b6d4-9df6098caf88,CalendarCreateEvent,"[""title"",""date"",""time"",""duration_in_minutes"",""location""]","Can you add a bike tune-up for November sixth at 8:10 in the morning, lasting 50 minutes, at the university bike lab?","{""app"":""calendar"",""action"":""create_event"",""params"":{""title"":""bike tune-up"",""date"":""2030-11-06"",""time"":""08:10:00"",""duration_in_minutes"":50,""location"":""the university bike lab""}}","Monday, 2030-11-04",00:52:19
2371,b69cb168-f618-5ab6-858c-9608089278f3,CalendarCreateEvent,"[""title"",""date"",""time"",""duration_in_minutes""]","hey can you put in a dentist thing for tomorrow at half past nine in the mornin, just an hour long","{""app"":""calendar"",""action"":""create_event"",""params"":{""title"":""dentist thing"",""date"":""1991-10-01"",""time"":""09:30:00"",""duration_in_minutes"":60}}","Monday, 1991-09-30",07:19:00
2372,b69cb168-f618-5ab6-858c-9608089278f3,CalendarCreateEvent,"[""title"",""date"",""time"",""duration_in_minutes""]","please add my dentist checkup for friday afternoon at 2:15, about forty five minutes","{""app"":""calendar"",""action"":""create_event"",""params"":{""title"":""dentist checkup"",""date"":""1993-04-09"",""time"":""14:15:00"",""duration_in_minutes"":45}}","Tuesday, 1993-04-06",11:47:53
2373,b69cb168-f618-5ab6-858c-9608089278f3,CalendarCreateEvent,"[""title"",""date"",""time"",""duration_in_minutes""]","make a note for the tooth cleaning this tuesday at 10 am, an hour please","{""app"":""calendar"",""action"":""create_event"",""params"":{""title"":""tooth cleaning"",""date"":""1997-11-11"",""time"":""10:00:00"",""duration_in_minutes"":60}}","Saturday, 1997-11-08",04:27:09
2374,b69cb168-f618-5ab6-858c-9608089278f3,CalendarCreateEvent,"[""title"",""date"",""time"",""duration_in_minutes""]",don’t let me forget the dental visit next monday at 3 in the afternoon for 30 minutes,"{""app"":""calendar"",""action"":""create_event"",""params"":{""title"":""dental visit"",""date"":""2001-09-17"",""time"":""15:00:00"",""duration_in_minutes"":30}}","Monday, 2001-09-10",05:49:09
2375,b69cb168-f618-5ab6-858c-9608089278f3,CalendarCreateEvent,"[""title"",""date"",""time"",""duration_in_minutes""]","could you schedule the orthodontist review for wednesday at 1:30 pm, fifty minutes","{""app"":""calendar"",""action"":""create_event"",""params"":{""title"":""orthodontist review"",""date"":""2005-06-08"",""time"":""13:30:00"",""duration_in_minutes"":50}}","Monday, 2005-06-06",08:11:43
2376,b69cb168-f618-5ab6-858c-9608089278f3,CalendarCreateEvent,"[""title"",""date"",""time"",""duration_in_minutes""]","set up a teeth polishing appointment for next monday at 08:45, it’ll take 40 mins","{""app"":""calendar"",""action"":""create_event"",""params"":{""title"":""teeth polishing appointment"",""date"":""2009-09-21"",""time"":""08:45:00"",""duration_in_minutes"":40}}","Wednesday, 2009-09-16",10:30:03
2377,b69cb168-f618-5ab6-858c-9608089278f3,CalendarCreateEvent,"[""title"",""date"",""time"",""duration_in_minutes""]","um, add the endodontist thing for this friday at 11:15 am, one hour","{""app"":""calendar"",""action"":""create_event"",""params"":{""title"":""endodontist thing"",""date"":""2013-06-14"",""time"":""11:15:00"",""duration_in_minutes"":60}}","Thursday, 2013-06-13",10:17:12
2378,b69cb168-f618-5ab6-858c-9608089278f3,CalendarCreateEvent,"[""title"",""date"",""time"",""duration_in_minutes""]","book the cavity filling for tomorrow morning at 9 o'clock, 55 minutes long","{""app"":""calendar"",""action"":""create_event"",""params"":{""title"":""cavity filling"",""date"":""2013-10-14"",""time"":""09:00:00"",""duration_in_minutes"":55}}","Sunday, 2013-10-13",05:20:48
2379,b69cb168-f618-5ab6-858c-9608089278f3,CalendarCreateEvent,"[""title"",""date"",""time"",""duration_in_minutes""]","hey, schedule the gum surgery consult for monday at 16:00, about 75 minutes","{""app"":""calendar"",""action"":""create_event"",""params"":{""title"":""gum surgery consult"",""date"":""2015-06-22"",""time"":""16:00:00"",""duration_in_minutes"":75}}","Friday, 2015-06-19",13:34:22
2380,b69cb168-f618-5ab6-858c-9608089278f3,CalendarCreateEvent,"[""title"",""date"",""time"",""duration_in_minutes""]","please put in a root canal follow-up for next tuesday at 7:20 in the evening, 45 mins","{""app"":""calendar"",""action"":""create_event"",""params"":{""title"":""root canal follow-up"",""date"":""2022-02-01"",""time"":""19:20:00"",""duration_in_minutes"":45}}","Thursday, 2022-01-27",06:46:16
2381,b69cb168-f618-5ab6-858c-9608089278f3,CalendarCreateEvent,"[""title"",""date"",""time"",""duration_in_minutes""]","make sure the braces adjustment is on friday at 10:30 am, thirty minutes is fine","{""app"":""calendar"",""action"":""create_event"",""params"":{""title"":""braces adjustment"",""date"":""2022-09-30"",""time"":""10:30:00"",""duration_in_minutes"":30}}","Wednesday, 2022-09-28",15:24:37
2382,b69cb168-f618-5ab6-858c-9608089278f3,CalendarCreateEvent,"[""title"",""date"",""time"",""duration_in_minutes""]","could you add the wisdom tooth consult for tomorrow at quarter past two, 60 minutes","{""app"":""calendar"",""action"":""create_event"",""params"":{""title"":""wisdom tooth consult"",""date"":""2023-03-01"",""time"":""14:15:00"",""duration_in_minutes"":60}}","Tuesday, 2023-02-28",14:51:47
2383,b69cb168-f618-5ab6-858c-9608089278f3,CalendarCreateEvent,"[""title"",""date"",""time"",""duration_in_minutes""]","hey can you schedule the hygienist visit for next thursday at 09:10, forty minutes","{""app"":""calendar"",""action"":""create_event"",""params"":{""title"":""hygienist visit"",""date"":""2026-10-29"",""time"":""09:10:00"",""duration_in_minutes"":40}}","Tuesday, 2026-10-27",03:56:33
2384,b69cb168-f618-5ab6-858c-9608089278f3,CalendarCreateEvent,"[""title"",""date"",""time"",""duration_in_minutes""]","set the periodontal screening for saturday at 2 pm, please block off 50 minutes","{""app"":""calendar"",""action"":""create_event"",""params"":{""title"":""periodontal screening"",""date"":""2029-06-23"",""time"":""14:00:00"",""duration_in_minutes"":50}}","Thursday, 2029-06-21",16:49:36
2385,b69cb168-f618-5ab6-858c-9608089278f3,CalendarCreateEvent,"[""title"",""date"",""time"",""duration_in_minutes""]","add the emergency tooth repair for this friday at 8:00 am, one hour and twenty","{""app"":""calendar"",""action"":""create_event"",""params"":{""title"":""emergency tooth repair"",""date"":""2029-12-21"",""time"":""08:00:00"",""duration_in_minutes"":80}}","Wednesday, 2029-12-19",04:55:10
2386,9bb8e89a-9b4d-564a-90f6-8cb893d48c87,CalendarCreateEvent,"[""title"",""date"",""time"",""duration_in_minutes""]",Can you put a little trip to the art museum on my calendar for next Friday at half past six in the evening?,"{""app"":""calendar"",""action"":""create_event"",""params"":{""title"":""art museum trip"",""date"":""1998-05-22"",""time"":""18:30:00"",""duration_in_minutes"":120}}","Tuesday, 1998-05-19",21:27:42
2387,e89f162e-dba9-5272-9018-bb4299050d89,CalendarCreateEvent,"[""title"",""date"",""time"",""duration_in_minutes""]",Please schedule a piano rehearsal for this coming Thursday at 7 in the morning.,"{""app"":""calendar"",""action"":""create_event"",""params"":{""title"":""piano rehearsal"",""date"":""2002-12-05"",""time"":""07:00:00"",""duration_in_minutes"":90}}","Tuesday, 2002-12-03",06:40:01
2388,b5851eb1-b3e1-5c78-a131-9966cffb7fb8,CalendarCreateEvent,"[""title"",""date"",""time"",""duration_in_minutes""]","Hey, add a board game night for tomorrow at eight fifteen p.m., and keep it going for three hours.","{""app"":""calendar"",""action"":""create_event"",""params"":{""title"":""board game night"",""date"":""2004-11-02"",""time"":""20:15:00"",""duration_in_minutes"":180}}","Monday, 2004-11-01",19:25:56
2389,8aa6aff1-d109-5f2e-b8ca-24487524fed0,CalendarCreateEvent,"[""title"",""date"",""time"",""duration_in_minutes""]",Could you make a note for a dentist checkup next Monday at 2:00 in the afternoon?,"{""app"":""calendar"",""action"":""create_event"",""params"":{""title"":""dentist checkup"",""date"":""2015-11-23"",""time"":""14:00:00"",""duration_in_minutes"":60}}","Monday, 2015-11-16",13:26:03
2390,1bc2208e-fdcb-526a-9a46-4e3beec81d2f,CalendarCreateEvent,"[""title"",""date"",""time"",""duration_in_minutes""]",I need to schedule a tax prep session this Friday morning at nine o'clock.,"{""app"":""calendar"",""action"":""create_event"",""params"":{""title"":""tax prep session"",""date"":""2017-01-06"",""time"":""09:00:00"",""duration_in_minutes"":120}}","Monday, 2017-01-02",10:38:12
2391,3e38d833-d47d-551b-a448-12a358252aef,CalendarCreateEvent,"[""title"",""date"",""time"",""duration_in_minutes""]",Would you please set up a sunrise hike for next Tuesday at 6:45 a.m.?,"{""app"":""calendar"",""action"":""create_event"",""params"":{""title"":""sunrise hike"",""date"":""2023-03-07"",""time"":""06:45:00"",""duration_in_minutes"":150}}","Tuesday, 2023-02-28",07:06:09
2392,3a432693-40ff-5451-897f-64e6a5a4f521,CalendarCreateEvent,"[""title"",""date"",""time"",""duration_in_minutes""]",Can you add my piano practice for tomorrow at 6:15 in the evening? I keep misplacing it.,"{""app"":""calendar"",""action"":""create_event"",""params"":{""title"":""piano practice"",""date"":""2005-02-02"",""time"":""18:15:00"",""duration_in_minutes"":45}}","Tuesday, 2005-02-01",23:26:04
2393,17e902e6-4136-5b44-9935-9a3b4180a3f7,CalendarCreateEvent,"[""title"",""date"",""time"",""duration_in_minutes""]","Please schedule the yoga class for this Friday morning at 8 o'clock, if you can.","{""app"":""calendar"",""action"":""create_event"",""params"":{""title"":""yoga class"",""date"":""2009-01-30"",""time"":""08:00:00"",""duration_in_minutes"":60}}","Friday, 2009-01-30",00:32:05
2394,5868d47f-ef1a-50e4-9a47-49d56d088c92,CalendarCreateEvent,"[""title"",""date"",""time"",""duration_in_minutes""]","Actually, I need a reminder for the board game night next Sunday at half past seven.","{""app"":""calendar"",""action"":""create_event"",""params"":{""title"":""board game night"",""date"":""2017-03-05"",""time"":""19:30:00"",""duration_in_minutes"":180}}","Saturday, 2017-03-04",23:57:39
2395,c8bccc79-aea6-51b1-ad9d-5d21b12f5141,CalendarCreateEvent,"[""title"",""date"",""time"",""duration_in_minutes""]","Could you put in my dentist appointment for today at 3:20 pm? Sorry, I almost forgot.","{""app"":""calendar"",""action"":""create_event"",""params"":{""title"":""dentist appointment"",""date"":""2017-07-14"",""time"":""15:20:00"",""duration_in_minutes"":30}}","Friday, 2017-07-14",13:42:09
2396,736fd3e1-72e0-50e1-8be3-bd86dac62c1c,CalendarCreateEvent,"[""title"",""date"",""time"",""duration_in_minutes""]",Make a note to water the rose bushes this Saturday at 9 am.,"{""app"":""calendar"",""action"":""create_event"",""params"":{""title"":""water the rose bushes"",""date"":""2018-02-17"",""time"":""09:00:00"",""duration_in_minutes"":20}}","Friday, 2018-02-16",07:16:01
2397,b45be878-9fd1-5fd5-9066-30fcffff2581,CalendarCreateEvent,"[""title"",""date"",""time"",""duration_in_minutes""]","Hey, can you schedule my chemistry study session for this afternoon at 2:10?","{""app"":""calendar"",""action"":""create_event"",""params"":{""title"":""chemistry study session"",""date"":""2018-04-22"",""time"":""14:10:00"",""duration_in_minutes"":90}}","Sunday, 2018-04-22",09:04:07
2398,fc07c908-bc5a-54aa-b92f-7af967c3e100,CalendarCreateEvent,"[""title"",""date"",""time"",""duration_in_minutes""]","Set up the tax forms review for next Monday at 10 in the morning, please.","{""app"":""calendar"",""action"":""create_event"",""params"":{""title"":""tax forms review"",""date"":""2019-09-09"",""time"":""10:00:00"",""duration_in_minutes"":75}}","Thursday, 2019-09-05",15:57:57
2399,ac090f7c-0d72-5d1f-9de1-9f6bcb6082d4,CalendarCreateEvent,"[""title"",""date"",""time"",""duration_in_minutes""]",Could you add a trail run for tomorrow at 6:45 in the morning? My brain is mush.,"{""app"":""calendar"",""action"":""create_event"",""params"":{""title"":""trail run"",""date"":""2025-10-05"",""time"":""06:45:00"",""duration_in_minutes"":50}}","Saturday, 2025-10-04",00:54:42
2400,e6920c5c-09f2-5752-aadf-6b7fd30110a7,CalendarCreateEvent,"[""title"",""date"",""time"",""duration_in_minutes""]",Please warn me about the rooftop repair on Wednesday at 4:30 pm.,"{""app"":""calendar"",""action"":""create_event"",""params"":{""title"":""rooftop repair"",""date"":""2029-05-30"",""time"":""16:30:00"",""duration_in_minutes"":120}}","Monday, 2029-05-28",01:06:55
2431,3a5967d3-9697-5d50-9744-a8d86e71be05,SystemToggleWifi,"[""state""]",hey can you turn Wi‑Fi on for me now?,"{""app"":""system"",""action"":""toggle_wifi"",""params"":{""state"":""on""}}","Wednesday, 1990-06-06",13:05:31
2432,d5e9a66b-f07e-5c90-8d70-1936db50092e,SystemToggleWifi,"[""state""]",forget about it and switch Wi‑Fi off.,"{""app"":""system"",""action"":""toggle_wifi"",""params"":{""state"":""off""}}","Monday, 1992-03-02",04:14:16
2433,3a5967d3-9697-5d50-9744-a8d86e71be05,SystemToggleWifi,"[""state""]",could you please bring Wi‑Fi back on this morning?,"{""app"":""system"",""action"":""toggle_wifi"",""params"":{""state"":""on""}}","Monday, 1996-02-19",06:37:45
2434,d5e9a66b-f07e-5c90-8d70-1936db50092e,SystemToggleWifi,"[""state""]","yeah, kill the Wi‑Fi for me this.","{""app"":""system"",""action"":""toggle_wifi"",""params"":{""state"":""off""}}","Friday, 1997-07-25",14:18:30
2435,3a5967d3-9697-5d50-9744-a8d86e71be05,SystemToggleWifi,"[""state""]",turn the Wi‑Fi on before I head out.,"{""app"":""system"",""action"":""toggle_wifi"",""params"":{""state"":""on""}}","Tuesday, 2006-04-11",14:24:29
2436,d5e9a66b-f07e-5c90-8d70-1936db50092e,SystemToggleWifi,"[""state""]",please switch Wi‑Fi off,"{""app"":""system"",""action"":""toggle_wifi"",""params"":{""state"":""off""}}","Saturday, 2006-07-08",04:36:55
2437,3a5967d3-9697-5d50-9744-a8d86e71be05,SystemToggleWifi,"[""state""]",can you flip Wi‑Fi?,"{""app"":""system"",""action"":""toggle_wifi"",""params"":{""state"":""on""}}","Thursday, 2008-10-16",14:26:00
2438,d5e9a66b-f07e-5c90-8d70-1936db50092e,SystemToggleWifi,"[""state""]","nah, turn Wi‑Fi off for now.","{""app"":""system"",""action"":""toggle_wifi"",""params"":{""state"":""off""}}","Thursday, 2012-02-09",11:46:54
2439,3a5967d3-9697-5d50-9744-a8d86e71be05,SystemToggleWifi,"[""state""]","hey, get Wi‑Fi back","{""app"":""system"",""action"":""toggle_wifi"",""params"":{""state"":""on""}}","Sunday, 2012-11-18",16:35:47
2440,d5e9a66b-f07e-5c90-8d70-1936db50092e,SystemToggleWifi,"[""state""]",do me a favor and shut Wi‑Fi off","{""app"":""system"",""action"":""toggle_wifi"",""params"":{""state"":""off""}}","Saturday, 2014-12-06",09:43:54
2441,3a5967d3-9697-5d50-9744-a8d86e71be05,SystemToggleWifi,"[""state""]",switch Wi‑Fi on,"{""app"":""system"",""action"":""toggle_wifi"",""params"":{""state"":""on""}}","Saturday, 2018-05-12",06:55:57
2442,d5e9a66b-f07e-5c90-8d70-1936db50092e,SystemToggleWifi,"[""state""]",could you cut Wi‑Fi off","{""app"":""system"",""action"":""toggle_wifi"",""params"":{""state"":""off""}}","Friday, 2021-08-13",10:08:18
2443,3a5967d3-9697-5d50-9744-a8d86e71be05,SystemToggleWifi,"[""state""]","go ahead and turn Wi‑Fi on","{""app"":""system"",""action"":""toggle_wifi"",""params"":{""state"":""on""}}","Sunday, 2021-08-29",12:39:09
2444,d5e9a66b-f07e-5c90-8d70-1936db50092e,SystemToggleWifi,"[""state""]","please make Wi‑Fi off","{""app"":""system"",""action"":""toggle_wifi"",""params"":{""state"":""off""}}","Saturday, 2027-11-13",22:17:00
2445,3a5967d3-9697-5d50-9744-a8d86e71be05,SystemToggleWifi,"[""state""]","hey, bring Wi‑Fi on again before midnight.","{""app"":""system"",""action"":""toggle_wifi"",""params"":{""state"":""on""}}","Wednesday, 2029-10-24",22:02:32
2446,487647a2-450f-59cd-a775-b624e165501c,SystemToggleWifi,"[""state""]","Please turn Wi‑Fi on for me tonight, I’m about to go online.","{""app"":""system"",""action"":""toggle_wifi"",""params"":{""state"":""on""}}","Saturday, 1991-02-02",22:32:22
2447,dd141c32-3b27-537e-b3d1-3bf95ccdd20a,SystemToggleWifi,"[""state""]","Could you kindly switch the wireless off now, I’m done with the web for the evening.","{""app"":""system"",""action"":""toggle_wifi"",""params"":{""state"":""off""}}","Saturday, 1995-12-16",21:57:58
2448,487647a2-450f-59cd-a775-b624e165501c,SystemToggleWifi,"[""state""]","Please put the Wi Fi on, I need it right away","{""app"":""system"",""action"":""toggle_wifi"",""params"":{""state"":""on""}}","Wednesday, 1998-11-11",00:10:24
2449,dd141c32-3b27-537e-b3d1-3bf95ccdd20a,SystemToggleWifi,"[""state""]","Could you please turn wireless off for me? I’m trying to save battery right now.","{""app"":""system"",""action"":""toggle_wifi"",""params"":{""state"":""off""}}","Tuesday, 2005-02-22",21:04:53
2450,487647a2-450f-59cd-a775-b624e165501c,SystemToggleWifi,"[""state""]",Please enable Wi-Fi; I’ve got to check something this afternoon.,"{""app"":""system"",""action"":""toggle_wifi"",""params"":{""state"":""on""}}","Wednesday, 2005-10-05",16:46:15
2451,dd141c32-3b27-537e-b3d1-3bf95ccdd20a,SystemToggleWifi,"[""state""]","Would you kindly disable the wireless connection now, please?","{""app"":""system"",""action"":""toggle_wifi"",""params"":{""state"":""off""}}","Wednesday, 2010-02-10",00:21:09
2452,487647a2-450f-59cd-a775-b624e165501c,SystemToggleWifi,"[""state""]",Could you please turn on the WiFi? I need it for a minute.,"{""app"":""system"",""action"":""toggle_wifi"",""params"":{""state"":""on""}}","Tuesday, 2013-01-01",17:21:53
2453,dd141c32-3b27-537e-b3d1-3bf95ccdd20a,SystemToggleWifi,"[""state""]","Please switch the wi fi off, I’m stepping away from the desk.","{""app"":""system"",""action"":""toggle_wifi"",""params"":{""state"":""off""}}","Sunday, 2016-07-17",17:42:22
2454,487647a2-450f-59cd-a775-b624e165501c,SystemToggleWifi,"[""state""]",Kindly get the wireless back on for me; I’m about to open a site.,"{""app"":""system"",""action"":""toggle_wifi"",""params"":{""state"":""on""}}","Monday, 2017-03-06",18:55:32
2455,dd141c32-3b27-537e-b3d1-3bf95ccdd20a,SystemToggleWifi,"[""state""]","Could you turn Wi Fi off, please? No need for internet just now.","{""app"":""system"",""action"":""toggle_wifi"",""params"":{""state"":""off""}}","Saturday, 2017-11-11",00:01:43
2456,487647a2-450f-59cd-a775-b624e165501c,SystemToggleWifi,"[""state""]","Please enable the wireless again, I’ve got to send a quick note.","{""app"":""system"",""action"":""toggle_wifi"",""params"":{""state"":""on""}}","Friday, 2018-06-22",03:57:14
2457,dd141c32-3b27-537e-b3d1-3bf95ccdd20a,SystemToggleWifi,"[""state""]",Would you kindly shut Wi-Fi off for the moment?,"{""app"":""system"",""action"":""toggle_wifi"",""params"":{""state"":""off""}}","Friday, 2018-08-03",21:47:39
2458,487647a2-450f-59cd-a775-b624e165501c,SystemToggleWifi,"[""state""]","Please switch Wi‑Fi on, I need to look something up this evening.","{""app"":""system"",""action"":""toggle_wifi"",""params"":{""state"":""on""}}","Sunday, 2024-11-24",16:04:34
2459,dd141c32-3b27-537e-b3d1-3bf95ccdd20a,SystemToggleWifi,"[""state""]","Could you kindly cut the wireless off now, please?","{""app"":""system"",""action"":""toggle_wifi"",""params"":{""state"":""off""}}","Tuesday, 2028-07-04",08:36:30
2460,487647a2-450f-59cd-a775-b624e165501c,SystemToggleWifi,"[""state""]",Please turn the wi fi back on; I’m ready to reconnect.,"{""app"":""system"",""action"":""toggle_wifi"",""params"":{""state"":""on""}}","Wednesday, 2030-05-22",18:56:51